Workbook
Name _Order1: 255
Name _Sort: #REF!
Name _Sort: #REF!
Name JBA_CODE: [1]JBA_CODE!$A$2:$A$3134
Name JBA_CODE: [2]Allocation!$AC$2:$AC$3234
Name status_gray: #REF!
Name vertex42_copyright: "© 2015 Vertex42 LLC"
Name vertex42_id: "purchase-order-tracker.xlsx"
Name vertex42_title: "Purchase Order Tracker"

Sheet Optional tours_SUM
A1: *As of 27 Aug
A2: GROUP A2 | B2: SEP 14TH - A2 K-HERITAGE | J2: Min 25pax | K2: Closed
B3: GROUP | C3: OPTIONAL TOURS | D3: PICK-UP TIME | E3: ADULT | F3: CHD | G3: KID | H3: INFANT | I3: UPDATE STATUS
A4: LOTTE | B4: A2 | C4: K-HERITAGE | D4: 0.36111111 | E4: 9 | F4: 0 | G4: 0
A5: THE PLAZA | B5: A2 | C5: K-HERITAGE | D5: 0.36111111 | E5: 24 | F5: 0 | G5: 0
A6: INTER PARNAS | B6: A2 | C6: K-HERITAGE | D6: 0.29166667 | E6: 2 | F6: 0 | G6: 0
A7: TOTAL FOR A2 K-HERITAGE | E7: =SUM(E4:E6) -> 35 | F7: =SUM(F4:F6) -> 0 | G7: =SUM(G4:G6) -> 0
A9: GROUP A2 | B9: SEP 14TH - A2 K-NATURE | J9: Min 25pax | K9: 12 seats available
B10: GROUP | C10: OPTIONAL TOURS | D10: PICK-UP TIME | E10: ADULT | F10: CHD | G10: KID | H10: INFANT | I10: UPDATE STATUS
A11: LOTTE | B11: A2 | C11: K-NATURE | D11: 0.34027778 | E11: 14 | F11: 0 | G11: 0 | I11: 22Aug: Adult 16 -> 17 23Aug: Adult 17 -> 14/Child 1->0 (4 paxs change to K-wellness)
A12: THE PLAZA | B12: A2 | C12: K-NATURE | D12: 0.34027778 | E12: 7 | F12: 0 | G12: 0
A13: INTER PARNAS | B13: A2 | C13: K-NATURE | D13: 0.29166667 | E13: 2 | F13: 0 | G13: 0
A14: TOTAL FOR A2 K-NATURE | E14: =SUM(E11:E13) -> 23 | F14: =SUM(F11:F13) -> 0 | G14: =SUM(G11:G13) -> 0
A16: GROUP A1 | B16: SEP 15TH - A1 H-HERITAGE | J16: Min 25pax | K16: Closed
B17: GROUP | C17: OPTIONAL TOURS | D17: PICK-UP TIME | E17: ADULT | F17: CHD | G17: KID | H17: INFANT | I17: UPDATE STATUS
A18: FAIRMONT | B18: A1 | C18: K-HERITAGE | D18: 0.34722222 | E18: 55 | F18: 4 | G18: 0 | I18: 27Aug: Adult 49 -> 51 (2 new paxs)
A19: JW MARRIOTT | B19: A1 | C19: K-HERITAGE | D19: 0.375 | E19: 15 | F19: 0 | G19: 0 | I19: 27Aug: 1pax cancel, 1 new pax
A20: TOTAL FOR A1 K-HERITAGE | E20: =SUM(E18:E19) -> 70 | F20: =SUM(F18:F19) -> 4 | G20: =SUM(G18:G19) -> 0
A22: GROUP A1 | B22: SEP 15TH - A1 K-NATURE | J22: Min 25pax | K22: 10 seat available
B23: GROUP | C23: OPTIONAL TOURS | D23: PICK-UP TIME | E23: ADULT | F23: CHD | G23: KID | H23: INFANT | I23: UPDATE STATUS
A24: FAIRMONT | B24: A1 | C24: K-NATURE | D24: 0.33333333 | E24: 10 | F24: 0 | G24: 1
A25: JW MARRIOTT | B25: A1 | C25: K-NATURE | D25: 0.375 | E25: 13 | F25: 1 | G25: 0
A26: TOTAL FOR A1 K-NATURE | E26: =SUM(E24:E25) -> 23 | F26: =SUM(F24:F25) -> 1 | G26: =SUM(G24:G25) -> 1
A28: GROUP A1 & A2 | B28: SEP 16TH - A1 & A2 K-FOOD | J28: Min 15pax
B29: GROUP | C29: OPTIONAL TOURS | D29: PICK-UP TIME | E29: ADULT | F29: CHD | G29: KID | H29: INFANT | I29: UPDATE STATUS
A30: FAIRMONT | B30: A1 | C30: K-FOOD | D30: 0.35416667 | E30: 7 | F30: 1 | G30: 0
A31: JW MARRIOTT | B31: A1 | C31: K-FOOD | D31: 0.34722222 | E31: 20 | F31: 1 | G31: 0 | I31: 27Aug: 1pax cancel, 1 new pax
A32: TOTAL FOR A1 K-FOOD | E32: =SUM(E30:E31) -> 27 | F32: =SUM(F30:F31) -> 2 | G32: =SUM(G30:G31) -> 0 | K32: 1 seat available
A33: LOTTE | B33: A2 | C33: K-FOOD | D33: 0.38194444 | E33: 7 | F33: 0 | G33: 0
A34: THE PLAZA | B34: A2 | C34: K-FOOD | D34: 0.38194444 | E34: 2 | F34: 0 | G34: 0
A35: INTER PARNAS | B35: A2 | C35: K-FOOD | D35: 0.36805556 | E35: 7 | F35: 1 | G35: 0
A36: TOTAL FOR A2 K-FOOD | E36: =SUM(E33:E35) -> 16 | F36: =SUM(F33:F35) -> 1 | G36: =SUM(G33:G35) -> 0 | K36: Closed
A38: GROUP A1 & A2 | B38: SEP 16TH - A1 & A2 K-WELLNESS | J38: Min 25pax
B39: GROUP | C39: OPTIONAL TOURS | D39: PICK-UP TIME | E39: ADULT | F39: CHD | G39: KID | H39: INFANT | I39: UPDATE STATUS
A40: FAIRMONT | B40: A1 | C40: K-WELLNESS | D40: 0.35416667 | E40: 14 | F40: 0 | G40: 0 | K40: Lotte / Plaza / Fairmont — 3 seats available
A41: JW MARRIOTT | B41: A1 | C41: K-WELLNESS | D41: 0.33333333 | E41: 8 | F41: 0 | G41: 0
A42: TOTAL FOR A1 K-WELLNESS | E42: =SUM(E40:E41) -> 22 | F42: =SUM(F40:F41) -> 0 | G42: =SUM(G40:G41) -> 0 | K42: 1 seat available
A43: LOTTE | B43: A2 | C43: K-WELLNESS | D43: 0.38194444 | E43: 5 | F43: 1 | G43: 0 | I43: 22Aug: Adult 1 -> 2 23Aug: Adult 2->5/Child 0->1 (4 paxs change from K-Nature to K-Wellness) | K43: Lotte / Plaza / Fairmont — 3 seats available
A44: THE PLAZA | B44: A2 | C44: K-WELLNESS | D44: 0.38194444 | E44: 12 | F44: 0 | G44: 0 | K44: Lotte / Plaza / Fairmont — 3 seats available
A45: INTER PARNAS | B45: A2 | C45: K-WELLNESS | D45: 0.35416667 | E45: 2 | F45: 0 | G45: 0
A46: TOTAL FOR A2 K-WELLNESS | E46: =SUM(E43:E45) -> 19 | F46: =SUM(F43:F45) -> 1 | G46: =SUM(G43:G45) -> 0
A48: GROUP B2 | B48: SEP 19TH - B2 K-HERITAGE | J48: Min 25pax | K48: Closed
B49: GROUP | C49: OPTIONAL TOURS | D49: PICK-UP TIME | E49: ADULT | F49: CHD | G49: KID | H49: INFANT | I49: UPDATE STATUS
A50: LOTTE | B50: B2 | C50: K-HERITAGE | D50: 0.36111111 | E50: 34 | F50: 3 | G50: 0 | H50: 1 | I50: Update 4Sep: add 17 adults, 3 children, 1 infant
A51: THE PLAZA | B51: B2 | C51: K-HERITAGE | D51: 0.36111111 | E51: 33 | F51: 2 | G51: 0 | H51: 0 | I51: 22 Aug: Adult 31 -> 33
A52: INTER PARNAS | B52: B2 | C52: K-HERITAGE | D52: 0.3125 | E52: 3 | F52: 0 | G52: 0 | H52: 0 | I52: 22 Aug: Adult 1 -> 3
A53: TOTAL FOR B2 K-HERITAGE | E53: =SUM(E50:E52) -> 70 | F53: =SUM(F50:F52) -> 5 | G53: =SUM(G50:G52) -> 0 | H53: =SUM(H50:H52) -> 1
A54: * Must be back to hotel by 5PM
A55: GROUP B1 & B2 | B55: SEP 20TH - B1 & B2 K-FOOD | J55: Min 15pax
B56: GROUP | C56: OPTIONAL TOURS | D56: PICK-UP TIME | E56: ADULT | F56: CHD | G56: KID | H56: INFANT | I56: UPDATE STATUS
A57: FAIRMONT | B57: B | C57: K-FOOD | D57: 0.35416667 | E57: 7 | F57: 0 | G57: 0
A58: JW MARRIOTT | B58: B | C58: K-FOOD | D58: 0.34722222 | E58: 7 | F58: 0 | G58: 0
A59: TOTAL FOR B1 K-FOOD | E59: =SUM(E57:E58) -> 14 | F59: =SUM(F57:F58) -> 0 | G59: =SUM(G57:G58) -> 0 | K59: 3 seat available
A60: LOTTE | B60: B | C60: K-FOOD | D60: 0.38194444 | E60: 1 | F60: 0 | G60: 0
A61: THE PLAZA | B61: B | C61: K-FOOD | D61: 0.38194444 | E61: 2 | F61: 0 | G61: 0
A62: INTER PARNAS | B62: B | C62: K-FOOD | D62: 0.36805556 | E62: 1 | F62: 0 | G62: 0
A63: TOTAL FOR B2 K-FOOD | E63: =SUM(E60:E62) -> 4 | F63: =SUM(F60:F62) -> 0 | G63: =SUM(G60:G62) -> 0 | K63: 1 seat available
A65: GROUP B1 & B2 | B65: SEP 20TH - B1 & B2 K-WELLNESS | J65: Min 25pax
B66: GROUP | C66: OPTIONAL TOURS | D66: PICK-UP TIME | E66: ADULT | F66: CHD | G66: KID | H66: INFANT | I66: UPDATE STATUS
A67: FAIRMONT | B67: B | C67: K-WELLNESS | D67: 0.35416667 | E67: 1 | F67: 0 | G67: 0
A68: JW MARRIOTT | B68: B | C68: K-WELLNESS | D68: 0.33333333 | E68: 20 | F68: 2 | G68: 1
A69: TOTAL FOR B1 K-WELLNESS | E69: =SUM(E67:E68) -> 21 | F69: =SUM(F67:F68) -> 2 | G69: =SUM(G67:G68) -> 1 | K69: 6 seats available
A70: LOTTE | B70: B | C70: K-WELLNESS | D70: 0.38194444 | E70: 3 | F70: 0 | G70: 0
A71: THE PLAZA | B71: B | C71: K-WELLNESS | D71: 0.38194444 | E71: 7 | F71: 0 | G71: 0
A72: INTER PARNAS | B72: B | C72: K-WELLNESS | D72: 0.35416667 | E72: 6 | F72: 0 | G72: 0 | I72: 22Aug: Adult 4-> 6
A73: TOTAL FOR B2 K-WELLNESS | E73: =SUM(E70:E72) -> 16 | F73: =SUM(F70:F72) -> 0 | G73: =SUM(G70:G72) -> 0 | K73: cloased
A75: GROUP B1 | B75: SEP 21TH - B1 HERITAGE | J75: Min 25pax | K75: 15 seats available
B76: GROUP | C76: OPTIONAL TOURS | D76: PICK-UP TIME | E76: ADULT | F76: CHD | G76: KID | H76: INFANT | I76: UPDATE STATUS
A77: FAIRMONT | B77: B1 | C77: K-HERITAGE | D77: 0.34722222 | E77: 6 | F77: 0 | G77: 0
A78: JW MARRIOTT | B78: B1 | C78: K-HERITAGE | D78: 0.375 | E78: 45 | F78: 2 | G78: 1
A79: TOTAL FOR B1 K-HERITAGE | E79: =SUM(E77:E78) -> 51 | F79: =SUM(F77:F78) -> 2 | G79: =SUM(G77:G78) -> 1
A81: GROUP B1 | B81: SEP 21TH - B1 NATURE | J81: Min 25pax | K81: 17 seats available
B82: GROUP | C82: OPTIONAL TOURS | D82: PICK-UP TIME | E82: ADULT | F82: CHD | G82: KID | H82: INFANT | I82: UPDATE STATUS
A83: FAIRMONT | B83: B1 | C83: K-NATURE | D83: 0.33333333 | E83: 11 | F83: 0 | G83: 0
A84: JW MARRIOTT | B84: B1 | C84: K-NATURE | D84: 0.375 | E84: 7 | F84: 0 | G84: 0
A85: TOTAL FOR B1 K-NATURE | E85: =SUM(E83:E84) -> 18 | F85: =SUM(F83:F84) -> 0 | G85: =SUM(G83:G84) -> 0
D87: GROUP A | E87: =SUM(E7+E14+E20+E26+E32+E36+E42+E46) -> 235 | F87: =SUM(F7+F14+F20+F26+F32+F36+F42+F45+F46) -> 9 | G87: =SUM(G7+G14+G20+G26+G32+G36+G42+G45+G46) -> 1 | H87: =SUM(H7+H14+H20+H26+H32+H36+H42+H45+H46) -> 0 | J87: =SUM(E87:G87) -> 245
D88: GROUP B | E88: =SUM(E53+E59+E63+E69+E73+E79+E85) -> 194 | F88: =SUM(F53+F59+F63+F69+F73+F79+F85) -> 9 | G88: =SUM(G53+G59+G63+G69+G73+G79+G85) -> 2 | H88: =SUM(H53+H59+H63+H69+H73+H79+H85) -> 1 | J88: =SUM(E88:G88) -> 205
D90: GROUP A+B | E90: =SUM(E7+E14+E20+E26+E32+E36+E42+E46+E53+E59+E63+E69+E73+E79+E85) -> 429 | F90: =SUM(F7+F14+F20+F26+F32+F36+F42+F46+F53+F59+F63+F69+F73+F79+F85) -> 18 | G90: =SUM(G7+G14+G20+G26+G32+G36+G42+G46+G53+G59+G63+G69+G73+G79+G85) -> 3 | H90: =SUM(H7+H14+H20+H26+H32+H36+H42+H46+H53+H59+H63+H69+H73+H79+H85) -> 1 | J90: =SUM(E90:G90) -> 450

Sheet DEPARTURE TIME
E1: GROUP A | F1: SUB-GROUP | G1: DATE | I1: GROUP B | J1: SUB-GROUP | K1: DATE
B2: K-Heritage | C2: Fairmont | E2: 0.34722222 | F2: A1 | G2: 15 SEP 25 | I2: 0.34722222 | J2: B1 | K2: 21 SEP 25
C3: JW Marriott | E3: 0.375 | F3: A1 | G3: 15 SEP 25 | I3: 0.375 | J3: B1 | K3: 21 SEP 25
C4: Inter Parnas | E4: 0.29166667 | F4: A2 | G4: 14 SEP 25 | I4: 0.3125 | J4: B2 | K4: 19 SEP 25
C5: Lotte | E5: 0.36111111 | F5: A2 | G5: 14 SEP 25 | I5: 0.36111111 | J5: B2 | K5: 19 SEP 25
C6: The Plaza | E6: 0.36111111 | F6: A2 | G6: 14 SEP 25 | I6: 0.36111111 | J6: B2 | K6: 19 SEP 25
B8: K-Nature | C8: Fairmont | E8: 0.33333333 | F8: A1 | G8: 15 SEP 25 | I8: 0.33333333 | J8: B1 | K8: 21 SEP 25
C9: JW Marriott | E9: 0.375 | F9: A1 | G9: 15 SEP 25 | I9: 0.375 | J9: B1 | K9: 21 SEP 25
C10: Inter Parnas | E10: 0.29166667 | F10: A2 | G10: 14 SEP 25 | I10: 0.29166667 | J10: B2 | K10: No Available
C11: Lotte | E11: 0.34027778 | F11: A2 | G11: 14 SEP 25 | I11: 0.34027778 | J11: B2 | K11: No Available
C12: The Plaza | E12: 0.34027778 | F12: A2 | G12: 14 SEP 25 | I12: 0.34027778 | J12: B2 | K12: No Available
B14: K-Food | C14: Fairmont | E14: 0.35416667 | F14: A1 | G14: 16 SEP 25 | I14: 0.35416667 | J14: B1 | K14: 20 SEP 25
C15: Lotte | E15: 0.38194444 | F15: A1 | G15: 16 SEP 25 | I15: 0.38194444 | J15: B1 | K15: 20 SEP 25
C16: The Plaza | E16: 0.38194444 | F16: A2 | G16: 16 SEP 25 | I16: 0.38194444 | J16: B2 | K16: 20 SEP 25
C17: JW Marriott | E17: 0.34722222 | F17: A2 | G17: 16 SEP 25 | I17: 0.34722222 | J17: B2 | K17: 20 SEP 25
C18: Inter Parnas | E18: 0.36805556 | F18: A2 | G18: 16 SEP 25 | I18: 0.36805556 | J18: B2 | K18: 20 SEP 25
B20: K-Wellness | C20: Fairmont | E20: 0.35416667 | F20: A1 | G20: 16 SEP 25 | I20: 0.35416667 | J20: B1 | K20: 20 SEP 25
C21: Lotte | E21: 0.38194444 | F21: A1 | G21: 16 SEP 25 | I21: 0.38194444 | J21: B1 | K21: 20 SEP 25
C22: The Plaza | E22: 0.38194444 | F22: A2 | G22: 16 SEP 25 | I22: 0.38194444 | J22: B2 | K22: 20 SEP 25
C23: JW Marriott | E23: 0.33333333 | F23: A2 | G23: 16 SEP 25 | I23: 0.33333333 | J23: B2 | K23: 20 SEP 25
C24: Inter Parnas | E24: 0.35416667 | F24: A2 | G24: 16 SEP 25 | I24: 0.35416667 | J24: B2 | K24: 20 SEP 25

Sheet PASSENGER LIST 27Aug_SUM
A1: Sub-Group | B1: Confirmation | C1: Primary registrant | D1: First Name | E1: Last Name | F1: Gender | G1: Passport Country | H1: AGE | I1: HOTEL | J1: Full day | K1: Half-day 1 | L1: Vegan | M1: REMARKS
A2: A2 | B2: CSNMQ7XNY2S | C2: CSNMQ7XNY2S | D2: Adeolu | E2: Durotoye | F2: Male | G2: Canada | H2: 55 | I2: LOTTE | L2: No | M2: Upgrade - Junior Suite
A3: A2 | B3: BQN5YMBRTZ9 | C3: BQN5YMBRTZ9 | D3: Olanrewaju | E3: Ogunkoya | F3: Male | G3: USA | H3: 55 | I3: LOTTE | L3: No
A4: A2 | B4: 8SNRDRCQPHQ | C4: BQN5YMBRTZ9 | D4: Bridget | E4: Taylor | F4: Female | G4: USA | H4: 55 | I4: LOTTE | L4: No
A5: A2 | B5: FLN6XZFQTLH | C5: FLN6XZFQTLH | D5: Abolade | E5: Akinropo | F5: Female | G5: USA | H5: 53 | I5: LOTTE | L5: No
A6: A2 | B6: VRNPD384X6N | C6: FLN6XZFQTLH | D6: Shola Jumoke | E6: Olori | F6: Female | G6: USA | H6: 65 | I6: LOTTE | L6: No
A7: A2 | B7: 4BNHL9C6RWT | C7: 4BNHL9C6RWT | D7: Onuwabhagbe Ayemere | E7: Ogudo | F7: Male | G7: Canada | H7: 46 | I7: LOTTE | L7: No
A8: A2 | B8: VCNYDFDGQ8C | C8: 4BNHL9C6RWT | D8: Jeffrey Jafaru | E8: Usman | F8: Male | G8: Canada | H8: 44 | I8: LOTTE | L8: No
A9: A2 | B9: 3FNT9CQ6CWC | C9: 3FNT9CQ6CWC | D9: Paul | E9: Adeyeye | F9: Male | G9: Canada | H9: 39 | I9: LOTTE | L9: No
A10: A2 | B10: D5NZNQTZ4S6 | C10: 3FNT9CQ6CWC | D10: Idowu Adekola | E10: Nafiu | F10: Male | G10: Canada | H10: 46 | I10: LOTTE
A11: A2 | B11: 64NQP9SW72V | C11: 64NQP9SW72V | D11: Folashade | E11: Awosanmi | F11: Female | G11: Canada | H11: 59 | I11: LOTTE | L11: No
A12: A2 | B12: 98NGTVNHG2X | C12: 64NQP9SW72V | D12: Sheri | E12: Agunbiade | F12: Female | G12: USA | H12: 54 | I12: LOTTE
A13: A2 | B13: FDNK6HN7Z9W | C13: FDNK6HN7Z9W | D13: Reynolds | E13: Edokpayi | F13: Male | G13: Canada | H13: 35 | I13: LOTTE | L13: No
A14: A2 | B14: MGNWBNQ27JY | C14: FDNK6HN7Z9W | D14: Osasogie Deborah | E14: Edokpayi | F14: Female | G14: Nigeria | H14: 31 | I14: LOTTE | L14: No
A15: A2 | B15: CQN557DDSNP | C15: FDNK6HN7Z9W | D15: Asher Nosamudiana | E15: Edokpayi | F15: Male | G15: Canada | H15: 1 | I15: LOTTE
A16: A2 | B16: P9NMQHFQRD2 | C16: P9NMQHFQRD2 | D16: Matthew Oluwasegun | E16: Adekoya | F16: Male | G16: Canada | H16: 29 | I16: LOTTE | L16: No
A17: A2 | B17: NWNWRK2YBF9 | C17: P9NMQHFQRD2 | D17: Michael Chinonso | E17: Okoro | F17: Male | G17: Nigeria | H17: 30 | I17: LOTTE | L17: No
A18: A2 | B18: RJNVLTN9XQ6 | C18: RJNVLTN9XQ6 | D18: Martins | E18: Onwuanimkwu | F18: Male | G18: Canada | H18: 55 | I18: LOTTE | L18: No
A19: A2 | B19: JXNK3R3NSZ7 | C19: RJNVLTN9XQ6 | D19: Blessing | E19: Onwuanimkwu | F19: Female | G19: Canada | H19: 47 | I19: LOTTE | L19: No
A20: A2 | B20: F8N53FQYVT4 | C20: F8N53FQYVT4 | D20: Aderonke | E20: Akingbola | F20: Female | G20: USA | H20: 64 | I20: LOTTE | L20: No
A21: A2 | B21: 7GN9XXSZTLX | C21: F8N53FQYVT4 | D21: Olugbenga | E21: Akingbola | F21: Male | G21: USA | H21: 69 | I21: LOTTE | L21: No
A22: A2 | B22: 3YND655CK6B | C22: F8N53FQYVT4 | D22: Cossi Modeste | E22: Yekpe | F22: Male | G22: USA | H22: 51 | I22: LOTTE | L22: No
A23: A2 | B23: XBN5PGXS4J8 | C23: F8N53FQYVT4 | D23: Florence | E23: Akouegnon | F23: Female | G23: USA | H23: 49 | I23: LOTTE | L23: No
A24: A2 | B24: 5XNV5YJQZ5J | C24: F8N53FQYVT4 | D24: Claudia Odiri | E24: Ukpolo | F24: Female | G24: USA | H24: 62 | I24: LOTTE | L24: No
A25: A2 | B25: 7WNV938LLQS | C25: F8N53FQYVT4 | D25: Adaeze Nwamaka | E25: Udezue | F25: Female | G25: USA | H25: 55 | I25: LOTTE | L25: No
A26: A2 | B26: VFNCKSMCL6W | C26: VFNCKSMCL6W | D26: Anuoluwapo Sarah | E26: Ayankoya | F26: Female | G26: Canada | H26: 54 | I26: LOTTE | L26: No
A27: A2 | B27: FXN27DWD69X | C27: VFNCKSMCL6W | D27: Babatunde Olufemi | E27: Ayankoya | F27: Male | G27: Canada | H27: 56 | I27: LOTTE | L27: No
... A33: A2 | B33: P8NSJDPN4XX | C33: NPNGSRN48GW | D33: Kofo Monsurah | E33: Keshinro | F33: Female | G33: USA | H33: 42 | I33: LOTTE | L33: No
A34: A1 | B34: NZN2Z5XYY4M | C34: NZN2Z5XYY4M | D34: Himawan | E34: Brasali | F34: Male | G34: USA | H34: 60 | I34: FAIRMONT | L34: No | M34: Busan -> Incheon Airport train station, @ 18:00
A35: A1 | B35: W9NWGQ5DD7L | C35: NZN2Z5XYY4M | D35: Liliana Chandra | E35: Brasali | F35: Female | G35: USA | H35: 61 | I35: FAIRMONT | L35: No | M35: Busan -> Incheon Airport train station, @ 18:00
A36: A1 | B36: PYN6VPQG6T9 | C36: PYN6VPQG6T9 | D36: Shoufie Rusli | E36: Nakamura | F36: Female | G36: USA | H36: 64 | I36: FAIRMONT | L36: No | M36: Busan -> Incheon Airport train station, @ 18:00
A37: A1 | B37: 6NN3YPYWJMF | C37: PYN6VPQG6T9 | D37: Kennedydouglas | E37: Jean | F37: Female | G37: USA | H37: 70 | I37: FAIRMONT | L37: No | M37: Busan -> Incheon Airport train station, @ 18:00
A38: A1 | B38: BCNVYRX63CS | C38: BCNVYRX63CS | D38: Anhvu Tran | E38: Nguyen | F38: Male | G38: USA | H38: 34 | I38: FAIRMONT | L38: Yes | M38: arrive on 19Sep, pick-up on 18Sep @ 17:50, ICN-T1
A39: A1 | B39: B3NJRY93FX2 | C39: BCNVYRX63CS | D39: Ya Chen | E39: Chen | F39: Female | G39: Taiwan | H39: 36 | I39: FAIRMONT | L39: Yes | M39: arrive on 19Sep, pick-up on 18Sep @ 17:50, ICN-T1
A40: A1 | B40: JQNQMVF25YP | C40: JQNQMVF25YP | D40: Brian Mercado | E40: Berdiago | F40: Male | G40: USA | H40: 34 | I40: FAIRMONT | L40: No
A41: A1 | B41: CXNRJSK5PKF | C41: JQNQMVF25YP | D41: Alexis | E41: Camacho Sibrian | F41: Male | G41: USA | H41: 23 | I41: FAIRMONT | L41: No
A42: A1 | B42: 95NN33GQCFZ | C42: 95NN33GQCFZ | D42: Daniel Gregory | E42: Chabino | F42: Male | G42: USA | H42: 54 | I42: FAIRMONT | L42: No
A43: A1 | B43: D5NXLDNW5BB | C43: 95NN33GQCFZ | D43: Nheza Mirasol | E43: Samia | F43: Female | I43: FAIRMONT | L43: No
A44: A1 | B44: X7NFCHMYRSC | C44: X7NFCHMYRSC | D44: Gerald Cabatbat | E44: Pugal | F44: Male | G44: USA | H44: 40 | I44: FAIRMONT | L44: No
A45: A1 | B45: XMNGSK9RJW2 | C45: X7NFCHMYRSC | D45: Jennifermae Castillo | E45: Regacho | F45: Female | G45: USA | H45: 42 | I45: FAIRMONT | L45: No
A46: A1 | B46: J3N99ML8RH3 | C46: J3N99ML8RH3 | D46: John Franco | E46: Quines | F46: Male | G46: USA | H46: 33 | I46: FAIRMONT | L46: No
A47: A1 | B47: Z8NGNLRZ7TD | C47: J3N99ML8RH3 | D47: Kenneth | E47: Jung | F47: Male | G47: USA | H47: 24 | I47: FAIRMONT | L47: No
A48: A1 | B48: QFN6T4JS4CP | C48: QFN6T4JS4CP | D48: Justin Kelly | E48: Mambaje | F48: Male | G48: USA | H48: 41 | I48: FAIRMONT | L48: No | M48: Upgrade - Signature Suite
A49: A1 | B49: NJNXZSSPR99 | C49: QFN6T4JS4CP | D49: Maria Cecilia Lacap | E49: Mambaje | F49: Female | G49: USA | H49: 38 | I49: FAIRMONT | L49: No
A50: A1 | B50: 7BNJ8DW86GS | C50: QFN6T4JS4CP | D50: Lily-Ann Lacap | E50: Mambaje | F50: Female | G50: USA | H50: 11 | I50: FAIRMONT | L50: No
A51: A1 | B51: GHNKTHQG7VK | C51: QFN6T4JS4CP | D51: Amalia Lacap | E51: Mambaje | F51: Female | G51: USA | H51: 13 | I51: FAIRMONT | L51: No
A52: A1 | B52: N7NJZY3WR94 | C52: QFN6T4JS4CP | D52: Ruth | E52: Gagarin | F52: Female | G52: USA | H52: 62 | I52: FAIRMONT | L52: No
A53: A1 | B53: M4NTGBJQJY4 | C53: M4NTGBJQJY4 | D53: Lee Michael Castillo | E53: Montes | F53: Male | G53: USA | H53: 48 | I53: FAIRMONT | L53: No
A54: A1 | B54: 4VNVY9GPZPW | C54: M4NTGBJQJY4 | D54: Trina Pacita | E54: Montes | F54: Female | G54: USA | H54: 45 | I54: FAIRMONT | L54: No
A55: A1 | B55: JVNDQKFWDV5 | C55: M4NTGBJQJY4 | D55: Trinity Aleeya | E55: Montes | F55: Female | G55: USA | H55: 19 | I55: FAIRMONT | L55: No
A56: A1 | B56: 45N3BSS6BDX | C56: M4NTGBJQJY4 | D56: Stephanie Montes | E56: Dumandan | F56: Female | G56: USA | H56: 46 | I56: FAIRMONT | L56: No
A57: A1 | B57: SFNCLTQZ2HS | C57: M4NTGBJQJY4 | D57: Teresa Pacita | E57: Walsh | F57: Female | G57: USA | H57: 71 | I57: FAIRMONT | L57: No
A58: A1 | B58: S6NKVSF3B3K | C58: M4NTGBJQJY4 | D58: Mason Lee | E58: Montes | F58: Male | G58: USA | H58: 13 | I58: FAIRMONT | L58: No
A59: A1 | B59: QDN58XDZLCH | C59: QDN58XDZLCH | D59: Lourdes | E59: Concepcion | F59: Female | G59: USA | H59: 62 | I59: FAIRMONT | L59: No
A60: A1 | B60: SZN23NXWNGG | C60: QDN58XDZLCH | D60: Ronna Mae Dilag | E60: Jacutin | F60: Female | G60: Philippines | H60: 30 | I60: FAIRMONT | L60: No
... A73: A1 | B73: JPNXY7H2YKC | C73: 2TN8TPHYRPP | D73: Josefa Balanon | E73: Proverbs | F73: Female | G73: USA | H73: 64 | I73: FAIRMONT | L73: No
A74: A1 | B74: J9NS76MBH9S | C74: J9NS76MBH9S | D74: Ard Henry | E74: Binwag | F74: Male | G74: USA | H74: 53 | I74: FAIRMONT | L74: No | M74: Arrive on Sep 10, stay another hotel until 13 Sep
A75: A1 | B75: H4NB6N7L6DB | C75: J9NS76MBH9S | D75: Jocelyn | E75: Punzalan-Binwag | F75: Female | G75: USA | H75: 53 | I75: FAIRMONT | L75: No | M75: Arrive on Sep 10, stay another hotel until 13 Sep
A76: A1 | B76: 2RNCJJK5XXV | C76: 2RNCJJK5XXV | D76: Elmer Valentin | E76: Alvarado | F76: Male | G76: USA | H76: 63 | I76: FAIRMONT | L76: No
A77: A1 | B77: DLNX5X5S79W | C77: 2RNCJJK5XXV | D77: Andrea Dugay | E77: Alvarado | F77: Female | G77: Philippines | H77: 67 | I77: FAIRMONT | L77: No
A78: A1 | B78: 79NRQP3LZJF | C78: 79NRQP3LZJF | D78: John Michael | E78: Elliott | F78: Male | G78: USA | H78: 63 | I78: FAIRMONT | L78: No | M78: Rooming: Request room on 5th floor or lower
A79: A1 | B79: GYNR24LJP3C | C79: GYNR24LJP3C | D79: Mohamed Riyaz | E79: Zavahir | F79: Male | G79: USA | H79: 52 | I79: FAIRMONT
A80: A1 | B80: RHNCYJM23YG | C80: RHNCYJM23YG | D80: Riquaza | E80: Zavahir | F80: Female | G80: USA | H80: 58 | I80: FAIRMONT | L80: No
A81: A1 | B81: WRNGKMKNRVQ | C81: RHNCYJM23YG | D81: Anna Marie | E81: Eulona | F81: Female | G81: USA | H81: 67 | I81: FAIRMONT | L81: No
A82: A1 | B82: CPNVJ46D4RV | C82: CPNVJ46D4RV | D82: Rommel Barcelona | E82: Ramos | F82: Male | G82: USA | H82: 52 | I82: FAIRMONT | L82: No
A83: A1 | B83: KTNQQY434TS | C83: CPNVJ46D4RV | D83: Mariavita | E83: Marinas | F83: Female | G83: USA | H83: 63 | I83: FAIRMONT | L83: No
A84: A1 | B84: 3DN29ZH5WDC | C84: 3DN29ZH5WDC | D84: Andrew | E84: Yap | F84: Male | G84: USA | H84: 58 | I84: FAIRMONT | L84: No
A85: A1 | B85: K2NJQB23VYQ | C85: 3DN29ZH5WDC | D85: Wiwit | E85: Handayani | F85: Female | G85: Indonesia | H85: 53 | I85: FAIRMONT | L85: No
A86: A1 | B86: NXN2LZVYTD3 | C86: NXN2LZVYTD3 | D86: Inge Tjiarmawati | E86: Djumhana | F86: Female | G86: Indonesia | H86: 59 | I86: FAIRMONT | L86: No
A87: A1 | B87: 9JNTVS5B6VQ | C87: 9JNTVS5B6VQ | D87: Sri | E87: Rahayu | F87: Female | G87: USA | H87: 58 | I87: FAIRMONT | L87: No
A88: A1 | B88: Y7NR779HPC7 | C88: 9JNTVS5B6VQ | D88: Xaverius Kristianto | E88: Mangkuorahardjo | F88: Male | G88: USA | H88: 58 | I88: FAIRMONT | L88: No
A89: A1 | B89: 9HN7LWDDZJL | C89: 9HN7LWDDZJL | D89: Ivanka | E89: Liao | F89: Female | G89: USA | H89: 48 | I89: FAIRMONT | L89: No
A90: A1 | B90: WSNFY7MDCZW | C90: 9HN7LWDDZJL | D90: Iswandy | E90: Wong | F90: Male | G90: USA | H90: 57 | I90: FAIRMONT | L90: No
A91: A1 | B91: ZFN9BNNWLRC | C91: ZFN9BNNWLRC | D91: Merlin | E91: Wahyudi | F91: Female | G91: USA | H91: 53 | I91: FAIRMONT | L91: No
... A109: A1 | B109: M6NT55DMJY8 | C109: YMNRGYTFSMF | D109: Ava | E109: Nguyen | F109: Female | G109: USA | H109: 40 | I109: FAIRMONT | L109: No
A110: A1 | B110: RHNKWQ6YXJR | C110: RHNKWQ6YXJR | D110: Hanh Ngoc | E110: Dang | F110: Female | G110: USA | H110: 60 | I110: FAIRMONT
A111: A1 | B111: YZNX2Y4HW5W | C111: RHNKWQ6YXJR | D111: Xuan Thi-Nhu | E111: Pham | F111: Female | G111: USA | H111: 59 | I111: FAIRMONT
A112: A1 | B112: 2NN5X225NVN | C112: 2NN5X225NVN | D112: Francisco Casanova | E112: Halili | F112: Male | G112: USA | H112: 64 | I112: FAIRMONT | L112: No
A113: A1 | B113: WNN3RX9LHW7 | C113: 2NN5X225NVN | D113: Evangeline Silvano | E113: Halili | F113: Female | G113: USA | H113: 61 | I113: FAIRMONT | L113: No
A114: A1 | B114: TNN4SWSBW7Q | C114: TNN4SWSBW7Q | D114: Jared Roi Masangkay | E114: Sayo | F114: Male | G114: USA | H114: 38 | I114: FAIRMONT | L114: No
A115: A1 | B115: CRNNTZ3G78R | C115: TNN4SWSBW7Q | D115: Erliza Dizon | E115: Solis | F115: Female | G115: USA | H115: 69 | I115: FAIRMONT | L115: No
A116: A1 | B116: KSNSMZ447WP | C116: KSNSMZ447WP | D116: Yolanda Gentuya | E116: Soldevilla | F116: Female | G116: USA | H116: 61 | I116: FAIRMONT | L116: No
A117: A1 | B117: L5NZX53M48J | C117: KSNSMZ447WP | D117: Josie Guintivano | E117: De Leon | F117: Female | G117: USA | H117: 68 | I117: FAIRMONT | L117: No
A118: A1 | B118: V3N6YF9FZ78 | C118: V3N6YF9FZ78 | D118: Zenaida | E118: Fernandez | F118: Female | G118: USA | H118: 68 | I118: FAIRMONT | L118: No
A119: A1 | B119: R8N4SDVWP83 | C119: V3N6YF9FZ78 | D119: Gregorio | E119: Fernandez | F119: Male | G119: USA | H119: 79 | I119: FAIRMONT | L119: No
A120: A1 | B120: G4N6JZ9LSBW | C120: G4N6JZ9LSBW | D120: Joanna Thieu | E120: Ngo | F120: Female | G120: USA | H120: 59 | I120: FAIRMONT | J120: K-HERITAGE | L120: No
A121: A1 | B121: P6NBPLG4JTH | C121: G4N6JZ9LSBW | D121: Tai Chan | E121: Ngo | F121: Male | G121: USA | H121: 61 | I121: FAIRMONT | J121: K-HERITAGE | L121: No
A122: A1 | B122: WZNHSCH8RKY | C122: WZNHSCH8RKY | D122: Melissa | E122: Chang | F122: Female | G122: USA | H122: 50 | I122: FAIRMONT | J122: K-HERITAGE | L122: No
A123: A1 | B123: 5WN2NDDTKD7 | C123: WZNHSCH8RKY | D123: Denise T. | E123: Vong | F123: Female | G123: USA | H123: 37 | I123: FAIRMONT | J123: K-HERITAGE | L123: No
A124: A1 | B124: 9GNF58NC6KP | C124: 9GNF58NC6KP | D124: Tiffany Ha Thieu | E124: Hoang | F124: Female | G124: USA | H124: 55 | I124: FAIRMONT | J124: K-HERITAGE | L124: No
A125: A1 | B125: TQNXF43YDJT | C125: TQNXF43YDJT | D125: Kam Fun | E125: Fung | F125: Female | G125: Canada | H125: 73 | I125: FAIRMONT | L125: No
A126: A1 | B126: 4RNNRPFR2KL | C126: TQNXF43YDJT | D126: Peterson | E126: Stephen | F126: Male | G126: Canada | H126: 77 | I126: FAIRMONT | L126: No
A127: A1 | B127: G6NPWHHY6ZL | C127: G6NPWHHY6ZL | D127: Irving | E127: Joe | F127: Male | G127: USA | H127: 74 | I127: FAIRMONT | L127: No
A128: A1 | B128: 74NSMW9FLNC | C128: G6NPWHHY6ZL | D128: Helen M | E128: Wong-Joe | F128: Female | G128: USA | H128: 67 | I128: FAIRMONT
A129: A1 | B129: D7N45CLJRHT | C129: D7N45CLJRHT | D129: Andrea Baduria | E129: Ross | F129: Female | G129: USA | H129: 66 | I129: FAIRMONT | L129: No
A130: A1 | B130: M5NT9KZWWDY | C130: D7N45CLJRHT | D130: James Boggs | E130: Ross | F130: Male | G130: USA | H130: 70 | I130: FAIRMONT | L130: No
A131: A1 | B131: FKNKYLTM6M9 | C131: FKNKYLTM6M9 | D131: Angelina Bautista | E131: De La Rosa | F131: Female | G131: USA | H131: 74 | I131: FAIRMONT | L131: No
A132: A1 | B132: W4NYNSH4HM4 | C132: FKNKYLTM6M9 | D132: Higinio | E132: Santiago | F132: Male | G132: USA | H132: 67 | I132: FAIRMONT | L132: No
A133: A1 | B133: CJNWVY9K7WS | C133: CJNWVY9K7WS | D133: Maria | E133: Beane | F133: Female | G133: USA | H133: 63 | I133: FAIRMONT
A134: A1 | B134: 4WN6YRGNHMK | C134: CJNWVY9K7WS | D134: Theodore Elliot | E134: Beane | F134: Male | G134: USA | H134: 66 | I134: FAIRMONT | L134: No
...

Sheet 14SEP.HERITAGE.A2
B1: 45914 | C1: K-HERITAGE | D1: A2
A2: NO. | B2: Sub-Group | C2: Confirmation | D2: Primary registrant | E2: First Name | F2: Last Name | G2: Gender | H2: Passport Country | I2: AGE | J2: HOTEL | K2: Full day | L2: Vegan | M2: TOURING DATE | N2: REMARKS
A3: 1 | B3: {=INDEX('PASSENGER LIST 27Aug_SUM'!$A$1:$L$3170,MATCH('14SEP.HERITAGE.A2'!$C3,'PASSENGER LIST 27Aug_SUM'!$B$1:$B$3170,0),MATCH('14SEP.HERITAGE.A2'!B$2,'PASSENGER LIST 27Aug_SUM'!$A$1:$L$1,0))} -> A2 | C3: RVNL4BVJVN6 | D3: {=INDEX('PASSENGER LIST 27Aug_SUM'!$A$1:$L$3170,MATCH('14SEP.HERITAGE.A2'!$C3,'PASSENGER LIST 27Aug_SUM'!$B$1:$B$3170,0),MATCH('14SEP.HERITAGE.A2'!D$2,'PASSENGER LIST 27Aug_SUM'!$A$1:$L$1,0))} -> RVNL4BVJVN6 | E3: {=INDEX('PASSENGER LIST 27Aug_SUM'!$A$1:$L$3170,MATCH('14SEP.HERITAGE.A2'!$C3,'PASSENGER LIST 27Aug_SUM'!$B$1:$B$3170,0),MATCH('14SEP.HERITAGE.A2'!E$2,'PASSENGER LIST 27Aug_SUM'!$A$1:$L$1,0))} -> Sonia Y | F3: {=INDEX('PASSENGER LIST 27Aug_SUM'!$A$1:$L$3170,MATCH('14SEP.HERITAGE.A2'!$C3,'PASSENGER LIST 27Aug_SUM'!$B$1:$B$3170,0),MATCH('14SEP.HERITAGE.A2'!F$2,'PASSENGER LIST 27Aug_SUM'!$A$1:$L$1,0))} -> Barocio | G3: {=INDEX('PASSENGER LIST 27Aug_SUM'!$A$1:$L$3170,MATCH('14SEP.HERITAGE.A2'!$C3,'PASSENGER LIST 27Aug_SUM'!$B$1:$B$3170,0),MATCH('14SEP.HERITAGE.A2'!G$2,'PASSENGER LIST 27Aug_SUM'!$A$1:$L$1,0))} -> Female | H3: {=INDEX('PASSENGER LIST 27Aug_SUM'!$A$1:$L$3170,MATCH('14SEP.HERITAGE.A2'!$C3,'PASSENGER LIST 27Aug_SUM'!$B$1:$B$3170,0),MATCH('14SEP.HERITAGE.A2'!H$2,'PASSENGER LIST 27Aug_SUM'!$A$1:$L$1,0))} -> USA | I3: {=INDEX('PASSENGER LIST 27Aug_SUM'!$A$1:$L$3170,MATCH('14SEP.HERITAGE.A2'!$C3,'PASSENGER LIST 27Aug_SUM'!$B$1:$B$3170,0),MATCH('14SEP.HERITAGE.A2'!I$2,'PASSENGER LIST 27Aug_SUM'!$A$1:$L$1,0))} -> 54 | J3: {=INDEX('PASSENGER LIST 27Aug_SUM'!$A$1:$L$3170,MATCH('14SEP.HERITAGE.A2'!$C3,'PASSENGER LIST 27Aug_SUM'!$B$1:$B$3170,0),MATCH('14SEP.HERITAGE.A2'!J$2,'PASSENGER LIST 27Aug_SUM'!$A$1:$L$1,0))} -> INTER PARNAS | K3: {=INDEX('PASSENGER LIST 27Aug_SUM'!$A$1:$L$3170,MATCH('14SEP.HERITAGE.A2'!$C3,'PASSENGER LIST 27Aug_SUM'!$B$1:$B$3170,0),MATCH('14SEP.HERITAGE.A2'!K$2,'PASSENGER LIST 27Aug_SUM'!$A$1:$L$1,0))} -> K-HERITAGE | L3: {=INDEX('PASSENGER LIST 27Aug_SUM'!$A$1:$L$3170,MATCH('14SEP.HERITAGE.A2'!$C3,'PASSENGER LIST 27Aug_SUM'!$B$1:$B$3170,0),MATCH('14SEP.HERITAGE.A2'!L$2,'PASSENGER LIST 27Aug_SUM'!$A$1:$L$1,0))} -> No | M3: 45914 | N3: {=INDEX('PASSENGER LIST 27Aug_SUM'!$A$1:$M$3170,MATCH('14SEP.HERITAGE.A2'!$C3,'PASSENGER LIST 27Aug_SUM'!$B$1:$B$3170,0),MATCH('14SEP.HERITAGE.A2'!N$2,'PASSENGER LIST 27Aug_SUM'!$A$1:$M$1,0))} -> 0
A4: 2 | B4: {=INDEX('PASSENGER LIST 27Aug_SUM'!$A$1:$L$3170,MATCH('14SEP.HERITAGE.A2'!$C4,'PASSENGER LIST 27Aug_SUM'!$B$1:$B$3170,0),MATCH('14SEP.HERITAGE.A2'!B$2,'PASSENGER LIST 27Aug_SUM'!$A$1:$L$1,0))} -> A2 | C4: VZNG24RK2Y5 | D4: {=INDEX('PASSENGER LIST 27Aug_SUM'!$A$1:$L$3170,MATCH('14SEP.HERITAGE.A2'!$C4,'PASSENGER LIST 27Aug_SUM'!$B$1:$B$3170,0),MATCH('14SEP.HERITAGE.A2'!D$2,'PASSENGER LIST 27Aug_SUM'!$A$1:$L$1,0))} -> RVNL4BVJVN6 | E4: {=INDEX('PASSENGER LIST 27Aug_SUM'!$A$1:$L$3170,MATCH('14SEP.HERITAGE.A2'!$C4,'PASSENGER LIST 27Aug_SUM'!$B$1:$B$3170,0),MATCH('14SEP.HERITAGE.A2'!E$2,'PASSENGER LIST 27Aug_SUM'!$A$1:$L$1,0))} -> Mauricio | F4: {=INDEX('PASSENGER LIST 27Aug_SUM'!$A$1:$L$3170,MATCH('14SEP.HERITAGE.A2'!$C4,'PASSENGER LIST 27Aug_SUM'!$B$1:$B$3170,0),MATCH('14SEP.HERITAGE.A2'!F$2,'PASSENGER LIST 27Aug_SUM'!$A$1:$L$1,0))} -> Quintero Ramirez | G4: {=INDEX('PASSENGER LIST 27Aug_SUM'!$A$1:$L$3170,MATCH('14SEP.HERITAGE.A2'!$C4,'PASSENGER LIST 27Aug_SUM'!$B$1:$B$3170,0),MATCH('14SEP.HERITAGE.A2'!G$2,'PASSENGER LIST 27Aug_SUM'!$A$1:$L$1,0))} -> Male | H4: {=INDEX('PASSENGER LIST 27Aug_SUM'!$A$1:$L$3170,MATCH('14SEP.HERITAGE.A2'!$C4,'PASSENGER LIST 27Aug_SUM'!$B$1:$B$3170,0),MATCH('14SEP.HERITAGE.A2'!H$2,'PASSENGER LIST 27Aug_SUM'!$A$1:$L$1,0))} -> Costa Rica | I4: {=INDEX('PASSENGER LIST 27Aug_SUM'!$A$1:$L$3170,MATCH('14SEP.HERITAGE.A2'!$C4,'PASSENGER LIST 27Aug_SUM'!$B$1:$B$3170,0),MATCH('14SEP.HERITAGE.A2'!I$2,'PASSENGER LIST 27Aug_SUM'!$A$1:$L$1,0))} -> 57 | J4: {=INDEX('PASSENGER LIST 27Aug_SUM'!$A$1:$L$3170,MATCH('14SEP.HERITAGE.A2'!$C4,'PASSENGER LIST 27Aug_SUM'!$B$1:$B$3170,0),MATCH('14SEP.HERITAGE.A2'!J$2,'PASSENGER LIST 27Aug_SUM'!$A$1:$L$1,0))} -> INTER PARNAS | K4: {=INDEX('PASSENGER LIST 27Aug_SUM'!$A$1:$L$3170,MATCH('14SEP.HERITAGE.A2'!$C4,'PASSENGER LIST 27Aug_SUM'!$B$1:$B$3170,0),MATCH('14SEP.HERITAGE.A2'!K$2,'PASSENGER LIST 27Aug_SUM'!$A$1:$L$1,0))} -> K-HERITAGE | L4: {=INDEX('PASSENGER LIST 27Aug_SUM'!$A$1:$L$3170,MATCH('14SEP.HERITAGE.A2'!$C4,'PASSENGER LIST 27Aug_SUM'!$B$1:$B$3170,0),MATCH('14SEP.HERITAGE.A2'!L$2,'PASSENGER LIST 27Aug_SUM'!$A$1:$L$1,0))} -> No | M4: 45914 | N4: {=INDEX('PASSENGER LIST 27Aug_SUM'!$A$1:$M$3170,MATCH('14SEP.HERITAGE.A2'!$C4,'PASSENGER LIST 27Aug_SUM'!$B$1:$B$3170,0),MATCH('14SEP.HERITAGE.A2'!N$2,'PASSENGER LIST 27Aug_SUM'!$A$1:$M$1,0))} -> 0
A5: 3 | B5: {=INDEX('PASSENGER LIST 27Aug_SUM'!$A$1:$L$3170,MATCH('14SEP.HERITAGE.A2'!$C5,'PASSENGER LIST 27Aug_SUM'!$B$1:$B$3170,0),MATCH('14SEP.HERITAGE.A2'!B$2,'PASSENGER LIST 27Aug_SUM'!$A$1:$L$1,0))} -> A2 | C5: V2NCDC2LQB4 | D5: {=INDEX('PASSENGER LIST 27Aug_SUM'!$A$1:$L$3170,MATCH('14SEP.HERITAGE.A2'!$C5,'PASSENGER LIST 27Aug_SUM'!$B$1:$B$3170,0),MATCH('14SEP.HERITAGE.A2'!D$2,'PASSENGER LIST 27Aug_SUM'!$A$1:$L$1,0))} -> V2NCDC2LQB4 | E5: {=INDEX('PASSENGER LIST 27Aug_SUM'!$A$1:$L$3170,MATCH('14SEP.HERITAGE.A2'!$C5,'PASSENGER LIST 27Aug_SUM'!$B$1:$B$3170,0),MATCH('14SEP.HERITAGE.A2'!E$2,'PASSENGER LIST 27Aug_SUM'!$A$1:$L$1,0))} -> Soo-Lian Eng | F5: {=INDEX('PASSENGER LIST 27Aug_SUM'!$A$1:$L$3170,MATCH('14SEP.HERITAGE.A2'!$C5,'PASSENGER LIST 27Aug_SUM'!$B$1:$B$3170,0),MATCH('14SEP.HERITAGE.A2'!F$2,'PASSENGER LIST 27Aug_SUM'!$A$1:$L$1,0))} -> Ervin | G5: {=INDEX('PASSENGER LIST 27Aug_SUM'!$A$1:$L$3170,MATCH('14SEP.HERITAGE.A2'!$C5,'PASSENGER LIST 27Aug_SUM'!$B$1:$B$3170,0),MATCH('14SEP.HERITAGE.A2'!G$2,'PASSENGER LIST 27Aug_SUM'!$A$1:$L$1,0))} -> Female | H5: {=INDEX('PASSENGER LIST 27Aug_SUM'!$A$1:$L$3170,MATCH('14SEP.HERITAGE.A2'!$C5,'PASSENGER LIST 27Aug_SUM'!$B$1:$B$3170,0),MATCH('14SEP.HERITAGE.A2'!H$2,'PASSENGER LIST 27Aug_SUM'!$A$1:$L$1,0))} -> USA | I5: {=INDEX('PASSENGER LIST 27Aug_SUM'!$A$1:$L$3170,MATCH('14SEP.HERITAGE.A2'!$C5,'PASSENGER LIST 27Aug_SUM'!$B$1:$B$3170,0),MATCH('14SEP.HERITAGE.A2'!I$2,'PASSENGER LIST 27Aug_SUM'!$A$1:$L$1,0))} -> 65 | J5: {=INDEX('PASSENGER LIST 27Aug_SUM'!$A$1:$L$3170,MATCH('14SEP.HERITAGE.A2'!$C5,'PASSENGER LIST 27Aug_SUM'!$B$1:$B$3170,0),MATCH('14SEP.HERITAGE.A2'!J$2,'PASSENGER LIST 27Aug_SUM'!$A$1:$L$1,0))} -> THE PLAZA | K5: {=INDEX('PASSENGER LIST 27Aug_SUM'!$A$1:$L$3170,MATCH('14SEP.HERITAGE.A2'!$C5,'PASSENGER LIST 27Aug_SUM'!$B$1:$B$3170,0),MATCH('14SEP.HERITAGE.A2'!K$2,'PASSENGER LIST 27Aug_SUM'!$A$1:$L$1,0))} -> K-HERITAGE | L5: {=INDEX('PASSENGER LIST 27Aug_SUM'!$A$1:$L$3170,MATCH('14SEP.HERITAGE.A2'!$C5,'PASSENGER LIST 27Aug_SUM'!$B$1:$B$3170,0),MATCH('14SEP.HERITAGE.A2'!L$2,'PASSENGER LIST 27Aug_SUM'!$A$1:$L$1,0))} -> No | M5: 45914 | N5: {=INDEX('PASSENGER LIST 27Aug_SUM'!$A$1:$M$3170,MATCH('14SEP.HERITAGE.A2'!$C5,'PASSENGER LIST 27Aug_SUM'!$B$1:$B$3170,0),MATCH('14SEP.HERITAGE.A2'!N$2,'PASSENGER LIST 27Aug_SUM'!$A$1:$M$1,0))} -> Pre: 1 night for 1 DBL on Sept 12
A6: 4 | B6: {=INDEX('PASSENGER LIST 27Aug_SUM'!$A$1:$L$3170,MATCH('14SEP.HERITAGE.A2'!$C6,'PASSENGER LIST 27Aug_SUM'!$B$1:$B$3170,0),MATCH('14SEP.HERITAGE.A2'!B$2,'PASSENGER LIST 27Aug_SUM'!$A$1:$L$1,0))} -> A2 | C6: J8N48YT5KF3 | D6: {=INDEX('PASSENGER LIST 27Aug_SUM'!$A$1:$L$3170,MATCH('14SEP.HERITAGE.A2'!$C6,'PASSENGER LIST 27Aug_SUM'!$B$1:$B$3170,0),MATCH('14SEP.HERITAGE.A2'!D$2,'PASSENGER LIST 27Aug_SUM'!$A$1:$L$1,0))} -> V2NCDC2LQB4 | E6: {=INDEX('PASSENGER LIST 27Aug_SUM'!$A$1:$L$3170,MATCH('14SEP.HERITAGE.A2'!$C6,'PASSENGER LIST 27Aug_SUM'!$B$1:$B$3170,0),MATCH('14SEP.HERITAGE.A2'!E$2,'PASSENGER LIST 27Aug_SUM'!$A$1:$L$1,0))} -> Leroy | F6: {=INDEX('PASSENGER LIST 27Aug_SUM'!$A$1:$L$3170,MATCH('14SEP.HERITAGE.A2'!$C6,'PASSENGER LIST 27Aug_SUM'!$B$1:$B$3170,0),MATCH('14SEP.HERITAGE.A2'!F$2,'PASSENGER LIST 27Aug_SUM'!$A$1:$L$1,0))} -> Ervin | G6: {=INDEX('PASSENGER LIST 27Aug_SUM'!$A$1:$L$3170,MATCH('14SEP.HERITAGE.A2'!$C6,'PASSENGER LIST 27Aug_SUM'!$B$1:$B$3170,0),MATCH('14SEP.HERITAGE.A2'!G$2,'PASSENGER LIST 27Aug_SUM'!$A$1:$L$1,0))} -> Male | H6: {=INDEX('PASSENGER LIST 27Aug_SUM'!$A$1:$L$3170,MATCH('14SEP.HERITAGE.A2'!$C6,'PASSENGER LIST 27Aug_SUM'!$B$1:$B$3170,0),MATCH('14SEP.HERITAGE.A2'!H$2,'PASSENGER LIST 27Aug_SUM'!$A$1:$L$1,0))} -> USA | I6: {=INDEX('PASSENGER LIST 27Aug_SUM'!$A$1:$L$3170,MATCH('14SEP.HERITAGE.A2'!$C6,'PASSENGER LIST 27Aug_SUM'!$B$1:$B$3170,0),MATCH('14SEP.HERITAGE.A2'!I$2,'PASSENGER LIST 27Aug_SUM'!$A$1:$L$1,0))} -> 74 | J6: {=INDEX('PASSENGER LIST 27Aug_SUM'!$A$1:$L$3170,MATCH('14SEP.HERITAGE.A2'!$C6,'PASSENGER LIST 27Aug_SUM'!$B$1:$B$3170,0),MATCH('14SEP.HERITAGE.A2'!J$2,'PASSENGER LIST 27Aug_SUM'!$A$1:$L$1,0))} -> THE PLAZA | K6: {=INDEX('PASSENGER LIST 27Aug_SUM'!$A$1:$L$3170,MATCH('14SEP.HERITAGE.A2'!$C6,'PASSENGER LIST 27Aug_SUM'!$B$1:$B$3170,0),MATCH('14SEP.HERITAGE.A2'!K$2,'PASSENGER LIST 27Aug_SUM'!$A$1:$L$1,0))} -> K-HERITAGE | L6: {=INDEX('PASSENGER LIST 27Aug_SUM'!$A$1:$L$3170,MATCH('14SEP.HERITAGE.A2'!$C6,'PASSENGER LIST 27Aug_SUM'!$B$1:$B$3170,0),MATCH('14SEP.HERITAGE.A2'!L$2,'PASSENGER LIST 27Aug_SUM'!$A$1:$L$1,0))} -> No | M6: 45914 | N6: {=INDEX('PASSENGER LIST 27Aug_SUM'!$A$1:$M$3170,MATCH('14SEP.HERITAGE.A2'!$C6,'PASSENGER LIST 27Aug_SUM'!$B$1:$B$3170,0),MATCH('14SEP.HERITAGE.A2'!N$2,'PASSENGER LIST 27Aug_SUM'!$A$1:$M$1,0))} -> Pre: 1 night for 1 DBL on Sept 12
A7: 5 | B7: {=INDEX('PASSENGER LIST 27Aug_SUM'!$A$1:$L$3170,MATCH('14SEP.HERITAGE.A2'!$C7,'PASSENGER LIST 27Aug_SUM'!$B$1:$B$3170,0),MATCH('14SEP.HERITAGE.A2'!B$2,'PASSENGER LIST 27Aug_SUM'!$A$1:$L$1,0))} -> A2 | C7: Z3NLQQK7RWT | D7: {=INDEX('PASSENGER LIST 27Aug_SUM'!$A$1:$L$3170,MATCH('14SEP.HERITAGE.A2'!$C7,'PASSENGER LIST 27Aug_SUM'!$B$1:$B$3170,0),MATCH('14SEP.HERITAGE.A2'!D$2,'PASSENGER LIST 27Aug_SUM'!$A$1:$L$1,0))} -> Z3NLQQK7RWT | E7: {=INDEX('PASSENGER LIST 27Aug_SUM'!$A$1:$L$3170,MATCH('14SEP.HERITAGE.A2'!$C7,'PASSENGER LIST 27Aug_SUM'!$B$1:$B$3170,0),MATCH('14SEP.HERITAGE.A2'!E$2,'PASSENGER LIST 27Aug_SUM'!$A$1:$L$1,0))} -> Dian Meity | F7: {=INDEX('PASSENGER LIST 27Aug_SUM'!$A$1:$L$3170,MATCH('14SEP.HERITAGE.A2'!$C7,'PASSENGER LIST 27Aug_SUM'!$B$1:$B$3170,0),MATCH('14SEP.HERITAGE.A2'!F$2,'PASSENGER LIST 27Aug_SUM'!$A$1:$L$1,0))} -> Liswani | G7: {=INDEX('PASSENGER LIST 27Aug_SUM'!$A$1:$L$3170,MATCH('14SEP.HERITAGE.A2'!$C7,'PASSENGER LIST 27Aug_SUM'!$B$1:$B$3170,0),MATCH('14SEP.HERITAGE.A2'!G$2,'PASSENGER LIST 27Aug_SUM'!$A$1:$L$1,0))} -> Female | H7: {=INDEX('PASSENGER LIST 27Aug_SUM'!$A$1:$L$3170,MATCH('14SEP.HERITAGE.A2'!$C7,'PASSENGER LIST 27Aug_SUM'!$B$1:$B$3170,0),MATCH('14SEP.HERITAGE.A2'!H$2,'PASSENGER LIST 27Aug_SUM'!$A$1:$L$1,0))} -> USA | I7: {=INDEX('PASSENGER LIST 27Aug_SUM'!$A$1:$L$3170,MATCH('14SEP.HERITAGE.A2'!$C7,'PASSENGER LIST 27Aug_SUM'!$B$1:$B$3170,0),MATCH('14SEP.HERITAGE.A2'!I$2,'PASSENGER LIST 27Aug_SUM'!$A$1:$L$1,0))} -> 53 | J7: {=INDEX('PASSENGER LIST 27Aug_SUM'!$A$1:$L$3170,MATCH('14SEP.HERITAGE.A2'!$C7,'PASSENGER LIST 27Aug_SUM'!$B$1:$B$3170,0),MATCH('14SEP.HERITAGE.A2'!J$2,'PASSENGER LIST 27Aug_SUM'!$A$1:$L$1,0))} -> THE PLAZA | K7: {=INDEX('PASSENGER LIST 27Aug_SUM'!$A$1:$L$3170,MATCH('14SEP.HERITAGE.A2'!$C7,'PASSENGER LIST 27Aug_SUM'!$B$1:$B$3170,0),MATCH('14SEP.HERITAGE.A2'!K$2,'PASSENGER LIST 27Aug_SUM'!$A$1:$L$1,0))} -> K-HERITAGE | L7: {=INDEX('PASSENGER LIST 27Aug_SUM'!$A$1:$L$3170,MATCH('14SEP.HERITAGE.A2'!$C7,'PASSENGER LIST 27Aug_SUM'!$B$1:$B$3170,0),MATCH('14SEP.HERITAGE.A2'!L$2,'PASSENGER LIST 27Aug_SUM'!$A$1:$L$1,0))} -> No | M7: 45914 | N7: {=INDEX('PASSENGER LIST 27Aug_SUM'!$A$1:$M$3170,MATCH('14SEP.HERITAGE.A2'!$C7,'PASSENGER LIST 27Aug_SUM'!$B$1:$B$3170,0),MATCH('14SEP.HERITAGE.A2'!N$2,'PASSENGER LIST 27Aug_SUM'!$A$1:$M$1,0))} -> 0
A8: 6 | B8: {=INDEX('PASSENGER LIST 27Aug_SUM'!$A$1:$L$3170,MATCH('14SEP.HERITAGE.A2'!$C8,'PASSENGER LIST 27Aug_SUM'!$B$1:$B$3170,0),MATCH('14SEP.HERITAGE.A2'!B$2,'PASSENGER LIST 27Aug_SUM'!$A$1:$L$1,0))} -> A2 | C8: XVNY5BD84W2 | D8: {=INDEX('PASSENGER LIST 27Aug_SUM'!$A$1:$L$3170,MATCH('14SEP.HERITAGE.A2'!$C8,'PASSENGER LIST 27Aug_SUM'!$B$1:$B$3170,0),MATCH('14SEP.HERITAGE.A2'!D$2,'PASSENGER LIST 27Aug_SUM'!$A$1:$L$1,0))} -> Z3NLQQK7RWT | E8: {=INDEX('PASSENGER LIST 27Aug_SUM'!$A$1:$L$3170,MATCH('14SEP.HERITAGE.A2'!$C8,'PASSENGER LIST 27Aug_SUM'!$B$1:$B$3170,0),MATCH('14SEP.HERITAGE.A2'!E$2,'PASSENGER LIST 27Aug_SUM'!$A$1:$L$1,0))} -> Everton Uriah | F8: {=INDEX('PASSENGER LIST 27Aug_SUM'!$A$1:$L$3170,MATCH('14SEP.HERITAGE.A2'!$C8,'PASSENGER LIST 27Aug_SUM'!$B$1:$B$3170,0),MATCH('14SEP.HERITAGE.A2'!F$2,'PASSENGER LIST 27Aug_SUM'!$A$1:$L$1,0))} -> Christie | G8: {=INDEX('PASSENGER LIST 27Aug_SUM'!$A$1:$L$3170,MATCH('14SEP.HERITAGE.A2'!$C8,'PASSENGER LIST 27Aug_SUM'!$B$1:$B$3170,0),MATCH('14SEP.HERITAGE.A2'!G$2,'PASSENGER LIST 27Aug_SUM'!$A$1:$L$1,0))} -> Male | H8: {=INDEX('PASSENGER LIST 27Aug_SUM'!$A$1:$L$3170,MATCH('14SEP.HERITAGE.A2'!$C8,'PASSENGER LIST 27Aug_SUM'!$B$1:$B$3170,0),MATCH('14SEP.HERITAGE.A2'!H$2,'PASSENGER LIST 27Aug_SUM'!$A$1:$L$1,0))} -> USA | I8: {=INDEX('PASSENGER LIST 27Aug_SUM'!$A$1:$L$3170,MATCH('14SEP.HERITAGE.A2'!$C8,'PASSENGER LIST 27Aug_SUM'!$B$1:$B$3170,0),MATCH('14SEP.HERITAGE.A2'!I$2,'PASSENGER LIST 27Aug_SUM'!$A$1:$L$1,0))} -> 57 | J8: {=INDEX('PASSENGER LIST 27Aug_SUM'!$A$1:$L$3170,MATCH('14SEP.HERITAGE.A2'!$C8,'PASSENGER LIST 27Aug_SUM'!$B$1:$B$3170,0),MATCH('14SEP.HERITAGE.A2'!J$2,'PASSENGER LIST 27Aug_SUM'!$A$1:$L$1,0))} -> THE PLAZA | K8: {=INDEX('PASSENGER LIST 27Aug_SUM'!$A$1:$L$3170,MATCH('14SEP.HERITAGE.A2'!$C8,'PASSENGER LIST 27Aug_SUM'!$B$1:$B$3170,0),MATCH('14SEP.HERITAGE.A2'!K$2,'PASSENGER LIST 27Aug_SUM'!$A$1:$L$1,0))} -> K-HERITAGE | L8: {=INDEX('PASSENGER LIST 27Aug_SUM'!$A$1:$L$3170,MATCH('14SEP.HERITAGE.A2'!$C8,'PASSENGER LIST 27Aug_SUM'!$B$1:$B$3170,0),MATCH('14SEP.HERITAGE.A2'!L$2,'PASSENGER LIST 27Aug_SUM'!$A$1:$L$1,0))} -> No | M8: 45914 | N8: {=INDEX('PASSENGER LIST 27Aug_SUM'!$A$1:$M$3170,MATCH('14SEP.HERITAGE.A2'!$C8,'PASSENGER LIST 27Aug_SUM'!$B$1:$B$3170,0),MATCH('14SEP.HERITAGE.A2'!N$2,'PASSENGER LIST 27Aug_SUM'!$A$1:$M$1,0))} -> 0
A9: 7 | B9: {=INDEX('PASSENGER LIST 27Aug_SUM'!$A$1:$L$3170,MATCH('14SEP.HERITAGE.A2'!$C9,'PASSENGER LIST 27Aug_SUM'!$B$1:$B$3170,0),MATCH('14SEP.HERITAGE.A2'!B$2,'PASSENGER LIST 27Aug_SUM'!$A$1:$L$1,0))} -> A2 | C9: GHN9MNWHL3Q | D9: {=INDEX('PASSENGER LIST 27Aug_SUM'!$A$1:$L$3170,MATCH('14SEP.HERITAGE.A2'!$C9,'PASSENGER LIST 27Aug_SUM'!$B$1:$B$3170,0),MATCH('14SEP.HERITAGE.A2'!D$2,'PASSENGER LIST 27Aug_SUM'!$A$1:$L$1,0))} -> GHN9MNWHL3Q | E9: {=INDEX('PASSENGER LIST 27Aug_SUM'!$A$1:$L$3170,MATCH('14SEP.HERITAGE.A2'!$C9,'PASSENGER LIST 27Aug_SUM'!$B$1:$B$3170,0),MATCH('14SEP.HERITAGE.A2'!E$2,'PASSENGER LIST 27Aug_SUM'!$A$1:$L$1,0))} -> Donna Eartha | F9: {=INDEX('PASSENGER LIST 27Aug_SUM'!$A$1:$L$3170,MATCH('14SEP.HERITAGE.A2'!$C9,'PASSENGER LIST 27Aug_SUM'!$B$1:$B$3170,0),MATCH('14SEP.HERITAGE.A2'!F$2,'PASSENGER LIST 27Aug_SUM'!$A$1:$L$1,0))} -> Watson | G9: {=INDEX('PASSENGER LIST 27Aug_SUM'!$A$1:$L$3170,MATCH('14SEP.HERITAGE.A2'!$C9,'PASSENGER LIST 27Aug_SUM'!$B$1:$B$3170,0),MATCH('14SEP.HERITAGE.A2'!G$2,'PASSENGER LIST 27Aug_SUM'!$A$1:$L$1,0))} -> Female | H9: {=INDEX('PASSENGER LIST 27Aug_SUM'!$A$1:$L$3170,MATCH('14SEP.HERITAGE.A2'!$C9,'PASSENGER LIST 27Aug_SUM'!$B$1:$B$3170,0),MATCH('14SEP.HERITAGE.A2'!H$2,'PASSENGER LIST 27Aug_SUM'!$A$1:$L$1,0))} -> USA | I9: {=INDEX('PASSENGER LIST 27Aug_SUM'!$A$1:$L$3170,MATCH('14SEP.HERITAGE.A2'!$C9,'PASSENGER LIST 27Aug_SUM'!$B$1:$B$3170,0),MATCH('14SEP.HERITAGE.A2'!I$2,'PASSENGER LIST 27Aug_SUM'!$A$1:$L$1,0))} -> 67 | J9: {=INDEX('PASSENGER LIST 27Aug_SUM'!$A$1:$L$3170,MATCH('14SEP.HERITAGE.A2'!$C9,'PASSENGER LIST 27Aug_SUM'!$B$1:$B$3170,0),MATCH('14SEP.HERITAGE.A2'!J$2,'PASSENGER LIST 27Aug_SUM'!$A$1:$L$1,0))} -> THE PLAZA | K9: {=INDEX('PASSENGER LIST 27Aug_SUM'!$A$1:$L$3170,MATCH('14SEP.HERITAGE.A2'!$C9,'PASSENGER LIST 27Aug_SUM'!$B$1:$B$3170,0),MATCH('14SEP.HERITAGE.A2'!K$2,'PASSENGER LIST 27Aug_SUM'!$A$1:$L$1,0))} -> K-HERITAGE | L9: {=INDEX('PASSENGER LIST 27Aug_SUM'!$A$1:$L$3170,MATCH('14SEP.HERITAGE.A2'!$C9,'PASSENGER LIST 27Aug_SUM'!$B$1:$B$3170,0),MATCH('14SEP.HERITAGE.A2'!L$2,'PASSENGER LIST 27Aug_SUM'!$A$1:$L$1,0))} -> No | M9: 45914 | N9: {=INDEX('PASSENGER LIST 27Aug_SUM'!$A$1:$M$3170,MATCH('14SEP.HERITAGE.A2'!$C9,'PASSENGER LIST 27Aug_SUM'!$B$1:$B$3170,0),MATCH('14SEP.HERITAGE.A2'!N$2,'PASSENGER LIST 27Aug_SUM'!$A$1:$M$1,0))} -> 0
A10: 8 | B10: {=INDEX('PASSENGER LIST 27Aug_SUM'!$A$1:$L$3170,MATCH('14SEP.HERITAGE.A2'!$C10,'PASSENGER LIST 27Aug_SUM'!$B$1:$B$3170,0),MATCH('14SEP.HERITAGE.A2'!B$2,'PASSENGER LIST 27Aug_SUM'!$A$1:$L$1,0))} -> A2 | C10: ZZNXXKFP8KF | D10: {=INDEX('PASSENGER LIST 27Aug_SUM'!$A$1:$L$3170,MATCH('14SEP.HERITAGE.A2'!$C10,'PASSENGER LIST 27Aug_SUM'!$B$1:$B$3170,0),MATCH('14SEP.HERITAGE.A2'!D$2,'PASSENGER LIST 27Aug_SUM'!$A$1:$L$1,0))} -> GHN9MNWHL3Q | E10: {=INDEX('PASSENGER LIST 27Aug_SUM'!$A$1:$L$3170,MATCH('14SEP.HERITAGE.A2'!$C10,'PASSENGER LIST 27Aug_SUM'!$B$1:$B$3170,0),MATCH('14SEP.HERITAGE.A2'!E$2,'PASSENGER LIST 27Aug_SUM'!$A$1:$L$1,0))} -> Basil Barrington | F10: {=INDEX('PASSENGER LIST 27Aug_SUM'!$A$1:$L$3170,MATCH('14SEP.HERITAGE.A2'!$C10,'PASSENGER LIST 27Aug_SUM'!$B$1:$B$3170,0),MATCH('14SEP.HERITAGE.A2'!F$2,'PASSENGER LIST 27Aug_SUM'!$A$1:$L$1,0))} -> Watson | G10: {=INDEX('PASSENGER LIST 27Aug_SUM'!$A$1:$L$3170,MATCH('14SEP.HERITAGE.A2'!$C10,'PASSENGER LIST 27Aug_SUM'!$B$1:$B$3170,0),MATCH('14SEP.HERITAGE.A2'!G$2,'PASSENGER LIST 27Aug_SUM'!$A$1:$L$1,0))} -> Male | H10: {=INDEX('PASSENGER LIST 27Aug_SUM'!$A$1:$L$3170,MATCH('14SEP.HERITAGE.A2'!$C10,'PASSENGER LIST 27Aug_SUM'!$B$1:$B$3170,0),MATCH('14SEP.HERITAGE.A2'!H$2,'PASSENGER LIST 27Aug_SUM'!$A$1:$L$1,0))} -> USA | I10: {=INDEX('PASSENGER LIST 27Aug_SUM'!$A$1:$L$3170,MATCH('14SEP.HERITAGE.A2'!$C10,'PASSENGER LIST 27Aug_SUM'!$B$1:$B$3170,0),MATCH('14SEP.HERITAGE.A2'!I$2,'PASSENGER LIST 27Aug_SUM'!$A$1:$L$1,0))} -> 67 | J10: {=INDEX('PASSENGER LIST 27Aug_SUM'!$A$1:$L$3170,MATCH('14SEP.HERITAGE.A2'!$C10,'PASSENGER LIST 27Aug_SUM'!$B$1:$B$3170,0),MATCH('14SEP.HERITAGE.A2'!J$2,'PASSENGER LIST 27Aug_SUM'!$A$1:$L$1,0))} -> THE PLAZA | K10: {=INDEX('PASSENGER LIST 27Aug_SUM'!$A$1:$L$3170,MATCH('14SEP.HERITAGE.A2'!$C10,'PASSENGER LIST 27Aug_SUM'!$B$1:$B$3170,0),MATCH('14SEP.HERITAGE.A2'!K$2,'PASSENGER LIST 27Aug_SUM'!$A$1:$L$1,0))} -> K-HERITAGE | L10: {=INDEX('PASSENGER LIST 27Aug_SUM'!$A$1:$L$3170,MATCH('14SEP.HERITAGE.A2'!$C10,'PASSENGER LIST 27Aug_SUM'!$B$1:$B$3170,0),MATCH('14SEP.HERITAGE.A2'!L$2,'PASSENGER LIST 27Aug_SUM'!$A$1:$L$1,0))} -> No | M10: 45914 | N10: {=INDEX('PASSENGER LIST 27Aug_SUM'!$A$1:$M$3170,MATCH('14SEP.HERITAGE.A2'!$C10,'PASSENGER LIST 27Aug_SUM'!$B$1:$B$3170,0),MATCH('14SEP.HERITAGE.A2'!N$2,'PASSENGER LIST 27Aug_SUM'!$A$1:$M$1,0))} -> 0
A11: 9 | B11: {=INDEX('PASSENGER LIST 27Aug_SUM'!$A$1:$L$3170,MATCH('14SEP.HERITAGE.A2'!$C11,'PASSENGER LIST 27Aug_SUM'!$B$1:$B$3170,0),MATCH('14SEP.HERITAGE.A2'!B$2,'PASSENGER LIST 27Aug_SUM'!$A$1:$L$1,0))} -> A2 | C11: H3NS3M547V3 | D11: {=INDEX('PASSENGER LIST 27Aug_SUM'!$A$1:$L$3170,MATCH('14SEP.HERITAGE.A2'!$C11,'PASSENGER LIST 27Aug_SUM'!$B$1:$B$3170,0),MATCH('14SEP.HERITAGE.A2'!D$2,'PASSENGER LIST 27Aug_SUM'!$A$1:$L$1,0))} -> H3NS3M547V3 | E11: {=INDEX('PASSENGER LIST 27Aug_SUM'!$A$1:$L$3170,MATCH('14SEP.HERITAGE.A2'!$C11,'PASSENGER LIST 27Aug_SUM'!$B$1:$B$3170,0),MATCH('14SEP.HERITAGE.A2'!E$2,'PASSENGER LIST 27Aug_SUM'!$A$1:$L$1,0))} -> Everton | F11: {=INDEX('PASSENGER LIST 27Aug_SUM'!$A$1:$L$3170,MATCH('14SEP.HERITAGE.A2'!$C11,'PASSENGER LIST 27Aug_SUM'!$B$1:$B$3170,0),MATCH('14SEP.HERITAGE.A2'!F$2,'PASSENGER LIST 27Aug_SUM'!$A$1:$L$1,0))} -> Barrett | G11: {=INDEX('PASSENGER LIST 27Aug_SUM'!$A$1:$L$3170,MATCH('14SEP.HERITAGE.A2'!$C11,'PASSENGER LIST 27Aug_SUM'!$B$1:$B$3170,0),MATCH('14SEP.HERITAGE.A2'!G$2,'PASSENGER LIST 27Aug_SUM'!$A$1:$L$1,0))} -> Male | H11: {=INDEX('PASSENGER LIST 27Aug_SUM'!$A$1:$L$3170,MATCH('14SEP.HERITAGE.A2'!$C11,'PASSENGER LIST 27Aug_SUM'!$B$1:$B$3170,0),MATCH('14SEP.HERITAGE.A2'!H$2,'PASSENGER LIST 27Aug_SUM'!$A$1:$L$1,0))} -> USA | I11: {=INDEX('PASSENGER LIST 27Aug_SUM'!$A$1:$L$3170,MATCH('14SEP.HERITAGE.A2'!$C11,'PASSENGER LIST 27Aug_SUM'!$B$1:$B$3170,0),MATCH('14SEP.HERITAGE.A2'!I$2,'PASSENGER LIST 27Aug_SUM'!$A$1:$L$1,0))} -> 60 | J11: {=INDEX('PASSENGER LIST 27Aug_SUM'!$A$1:$L$3170,MATCH('14SEP.HERITAGE.A2'!$C11,'PASSENGER LIST 27Aug_SUM'!$B$1:$B$3170,0),MATCH('14SEP.HERITAGE.A2'!J$2,'PASSENGER LIST 27Aug_SUM'!$A$1:$L$1,0))} -> THE PLAZA | K11: {=INDEX('PASSENGER LIST 27Aug_SUM'!$A$1:$L$3170,MATCH('14SEP.HERITAGE.A2'!$C11,'PASSENGER LIST 27Aug_SUM'!$B$1:$B$3170,0),MATCH('14SEP.HERITAGE.A2'!K$2,'PASSENGER LIST 27Aug_SUM'!$A$1:$L$1,0))} -> K-HERITAGE | L11: {=INDEX('PASSENGER LIST 27Aug_SUM'!$A$1:$L$3170,MATCH('14SEP.HERITAGE.A2'!$C11,'PASSENGER LIST 27Aug_SUM'!$B$1:$B$3170,0),MATCH('14SEP.HERITAGE.A2'!L$2,'PASSENGER LIST 27Aug_SUM'!$A$1:$L$1,0))} -> No | M11: 45914 | N11: {=INDEX('PASSENGER LIST 27Aug_SUM'!$A$1:$M$3170,MATCH('14SEP.HERITAGE.A2'!$C11,'PASSENGER LIST 27Aug_SUM'!$B$1:$B$3170,0),MATCH('14SEP.HERITAGE.A2'!N$2,'PASSENGER LIST 27Aug_SUM'!$A$1:$M$1,0))} -> 0
A12: 10 | B12: {=INDEX('PASSENGER LIST 27Aug_SUM'!$A$1:$L$3170,MATCH('14SEP.HERITAGE.A2'!$C12,'PASSENGER LIST 27Aug_SUM'!$B$1:$B$3170,0),MATCH('14SEP.HERITAGE.A2'!B$2,'PASSENGER LIST 27Aug_SUM'!$A$1:$L$1,0))} -> A2 | C12: H3N5QYZWRFN | D12: {=INDEX('PASSENGER LIST 27Aug_SUM'!$A$1:$L$3170,MATCH('14SEP.HERITAGE.A2'!$C12,'PASSENGER LIST 27Aug_SUM'!$B$1:$B$3170,0),MATCH('14SEP.HERITAGE.A2'!D$2,'PASSENGER LIST 27Aug_SUM'!$A$1:$L$1,0))} -> H3NS3M547V3 | E12: {=INDEX('PASSENGER LIST 27Aug_SUM'!$A$1:$L$3170,MATCH('14SEP.HERITAGE.A2'!$C12,'PASSENGER LIST 27Aug_SUM'!$B$1:$B$3170,0),MATCH('14SEP.HERITAGE.A2'!E$2,'PASSENGER LIST 27Aug_SUM'!$A$1:$L$1,0))} -> Alicia | F12: {=INDEX('PASSENGER LIST 27Aug_SUM'!$A$1:$L$3170,MATCH('14SEP.HERITAGE.A2'!$C12,'PASSENGER LIST 27Aug_SUM'!$B$1:$B$3170,0),MATCH('14SEP.HERITAGE.A2'!F$2,'PASSENGER LIST 27Aug_SUM'!$A$1:$L$1,0))} -> Barrett | G12: {=INDEX('PASSENGER LIST 27Aug_SUM'!$A$1:$L$3170,MATCH('14SEP.HERITAGE.A2'!$C12,'PASSENGER LIST 27Aug_SUM'!$B$1:$B$3170,0),MATCH('14SEP.HERITAGE.A2'!G$2,'PASSENGER LIST 27Aug_SUM'!$A$1:$L$1,0))} -> Female | H12: {=INDEX('PASSENGER LIST 27Aug_SUM'!$A$1:$L$3170,MATCH('14SEP.HERITAGE.A2'!$C12,'PASSENGER LIST 27Aug_SUM'!$B$1:$B$3170,0),MATCH('14SEP.HERITAGE.A2'!H$2,'PASSENGER LIST 27Aug_SUM'!$A$1:$L$1,0))} -> USA | I12: {=INDEX('PASSENGER LIST 27Aug_SUM'!$A$1:$L$3170,MATCH('14SEP.HERITAGE.A2'!$C12,'PASSENGER LIST 27Aug_SUM'!$B$1:$B$3170,0),MATCH('14SEP.HERITAGE.A2'!I$2,'PASSENGER LIST 27Aug_SUM'!$A$1:$L$1,0))} -> 35 | J12: {=INDEX('PASSENGER LIST 27Aug_SUM'!$A$1:$L$3170,MATCH('14SEP.HERITAGE.A2'!$C12,'PASSENGER LIST 27Aug_SUM'!$B$1:$B$3170,0),MATCH('14SEP.HERITAGE.A2'!J$2,'PASSENGER LIST 27Aug_SUM'!$A$1:$L$1,0))} -> THE PLAZA | K12: {=INDEX('PASSENGER LIST 27Aug_SUM'!$A$1:$L$3170,MATCH('14SEP.HERITAGE.A2'!$C12,'PASSENGER LIST 27Aug_SUM'!$B$1:$B$3170,0),MATCH('14SEP.HERITAGE.A2'!K$2,'PASSENGER LIST 27Aug_SUM'!$A$1:$L$1,0))} -> K-HERITAGE | L12: {=INDEX('PASSENGER LIST 27Aug_SUM'!$A$1:$L$3170,MATCH('14SEP.HERITAGE.A2'!$C12,'PASSENGER LIST 27Aug_SUM'!$B$1:$B$3170,0),MATCH('14SEP.HERITAGE.A2'!L$2,'PASSENGER LIST 27Aug_SUM'!$A$1:$L$1,0))} -> No | M12: 45914 | N12: {=INDEX('PASSENGER LIST 27Aug_SUM'!$A$1:$M$3170,MATCH('14SEP.HERITAGE.A2'!$C12,'PASSENGER LIST 27Aug_SUM'!$B$1:$B$3170,0),MATCH('14SEP.HERITAGE.A2'!N$2,'PASSENGER LIST 27Aug_SUM'!$A$1:$M$1,0))} -> 0
A13: 11 | B13: {=INDEX('PASSENGER LIST 27Aug_SUM'!$A$1:$L$3170,MATCH('14SEP.HERITAGE.A2'!$C13,'PASSENGER LIST 27Aug_SUM'!$B$1:$B$3170,0),MATCH('14SEP.HERITAGE.A2'!B$2,'PASSENGER LIST 27Aug_SUM'!$A$1:$L$1,0))} -> A2 | C13: RWNBCP2RHMT | D13: {=INDEX('PASSENGER LIST 27Aug_SUM'!$A$1:$L$3170,MATCH('14SEP.HERITAGE.A2'!$C13,'PASSENGER LIST 27Aug_SUM'!$B$1:$B$3170,0),MATCH('14SEP.HERITAGE.A2'!D$2,'PASSENGER LIST 27Aug_SUM'!$A$1:$L$1,0))} -> RWNBCP2RHMT | E13: {=INDEX('PASSENGER LIST 27Aug_SUM'!$A$1:$L$3170,MATCH('14SEP.HERITAGE.A2'!$C13,'PASSENGER LIST 27Aug_SUM'!$B$1:$B$3170,0),MATCH('14SEP.HERITAGE.A2'!E$2,'PASSENGER LIST 27Aug_SUM'!$A$1:$L$1,0))} -> Marie Angela | F13: {=INDEX('PASSENGER LIST 27Aug_SUM'!$A$1:$L$3170,MATCH('14SEP.HERITAGE.A2'!$C13,'PASSENGER LIST 27Aug_SUM'!$B$1:$B$3170,0),MATCH('14SEP.HERITAGE.A2'!F$2,'PASSENGER LIST 27Aug_SUM'!$A$1:$L$1,0))} -> Peart | G13: {=INDEX('PASSENGER LIST 27Aug_SUM'!$A$1:$L$3170,MATCH('14SEP.HERITAGE.A2'!$C13,'PASSENGER LIST 27Aug_SUM'!$B$1:$B$3170,0),MATCH('14SEP.HERITAGE.A2'!G$2,'PASSENGER LIST 27Aug_SUM'!$A$1:$L$1,0))} -> Female | H13: {=INDEX('PASSENGER LIST 27Aug_SUM'!$A$1:$L$3170,MATCH('14SEP.HERITAGE.A2'!$C13,'PASSENGER LIST 27Aug_SUM'!$B$1:$B$3170,0),MATCH('14SEP.HERITAGE.A2'!H$2,'PASSENGER LIST 27Aug_SUM'!$A$1:$L$1,0))} -> USA | I13: {=INDEX('PASSENGER LIST 27Aug_SUM'!$A$1:$L$3170,MATCH('14SEP.HERITAGE.A2'!$C13,'PASSENGER LIST 27Aug_SUM'!$B$1:$B$3170,0),MATCH('14SEP.HERITAGE.A2'!I$2,'PASSENGER LIST 27Aug_SUM'!$A$1:$L$1,0))} -> 64 | J13: {=INDEX('PASSENGER LIST 27Aug_SUM'!$A$1:$L$3170,MATCH('14SEP.HERITAGE.A2'!$C13,'PASSENGER LIST 27Aug_SUM'!$B$1:$B$3170,0),MATCH('14SEP.HERITAGE.A2'!J$2,'PASSENGER LIST 27Aug_SUM'!$A$1:$L$1,0))} -> THE PLAZA | K13: {=INDEX('PASSENGER LIST 27Aug_SUM'!$A$1:$L$3170,MATCH('14SEP.HERITAGE.A2'!$C13,'PASSENGER LIST 27Aug_SUM'!$B$1:$B$3170,0),MATCH('14SEP.HERITAGE.A2'!K$2,'PASSENGER LIST 27Aug_SUM'!$A$1:$L$1,0))} -> K-HERITAGE | L13: {=INDEX('PASSENGER LIST 27Aug_SUM'!$A$1:$L$3170,MATCH('14SEP.HERITAGE.A2'!$C13,'PASSENGER LIST 27Aug_SUM'!$B$1:$B$3170,0),MATCH('14SEP.HERITAGE.A2'!L$2,'PASSENGER LIST 27Aug_SUM'!$A$1:$L$1,0))} -> No | M13: 45914 | N13: {=INDEX('PASSENGER LIST 27Aug_SUM'!$A$1:$M$3170,MATCH('14SEP.HERITAGE.A2'!$C13,'PASSENGER LIST 27Aug_SUM'!$B$1:$B$3170,0),MATCH('14SEP.HERITAGE.A2'!N$2,'PASSENGER LIST 27Aug_SUM'!$A$1:$M$1,0))} -> 0
A14: 12 | B14: {=INDEX('PASSENGER LIST 27Aug_SUM'!$A$1:$L$3170,MATCH('14SEP.HERITAGE.A2'!$C14,'PASSENGER LIST 27Aug_SUM'!$B$1:$B$3170,0),MATCH('14SEP.HERITAGE.A2'!B$2,'PASSENGER LIST 27Aug_SUM'!$A$1:$L$1,0))} -> A2 | C14: 7PN8LK9HMGZ | D14: {=INDEX('PASSENGER LIST 27Aug_SUM'!$A$1:$L$3170,MATCH('14SEP.HERITAGE.A2'!$C14,'PASSENGER LIST 27Aug_SUM'!$B$1:$B$3170,0),MATCH('14SEP.HERITAGE.A2'!D$2,'PASSENGER LIST 27Aug_SUM'!$A$1:$L$1,0))} -> RWNBCP2RHMT | E14: {=INDEX('PASSENGER LIST 27Aug_SUM'!$A$1:$L$3170,MATCH('14SEP.HERITAGE.A2'!$C14,'PASSENGER LIST 27Aug_SUM'!$B$1:$B$3170,0),MATCH('14SEP.HERITAGE.A2'!E$2,'PASSENGER LIST 27Aug_SUM'!$A$1:$L$1,0))} -> Alethea Renee | F14: {=INDEX('PASSENGER LIST 27Aug_SUM'!$A$1:$L$3170,MATCH('14SEP.HERITAGE.A2'!$C14,'PASSENGER LIST 27Aug_SUM'!$B$1:$B$3170,0),MATCH('14SEP.HERITAGE.A2'!F$2,'PASSENGER LIST 27Aug_SUM'!$A$1:$L$1,0))} -> Bonello | G14: {=INDEX('PASSENGER LIST 27Aug_SUM'!$A$1:$L$3170,MATCH('14SEP.HERITAGE.A2'!$C14,'PASSENGER LIST 27Aug_SUM'!$B$1:$B$3170,0),MATCH('14SEP.HERITAGE.A2'!G$2,'PASSENGER LIST 27Aug_SUM'!$A$1:$L$1,0))} -> Female | H14: {=INDEX('PASSENGER LIST 27Aug_SUM'!$A$1:$L$3170,MATCH('14SEP.HERITAGE.A2'!$C14,'PASSENGER LIST 27Aug_SUM'!$B$1:$B$3170,0),MATCH('14SEP.HERITAGE.A2'!H$2,'PASSENGER LIST 27Aug_SUM'!$A$1:$L$1,0))} -> USA | I14: {=INDEX('PASSENGER LIST 27Aug_SUM'!$A$1:$L$3170,MATCH('14SEP.HERITAGE.A2'!$C14,'PASSENGER LIST 27Aug_SUM'!$B$1:$B$3170,0),MATCH('14SEP.HERITAGE.A2'!I$2,'PASSENGER LIST 27Aug_SUM'!$A$1:$L$1,0))} -> 49 | J14: {=INDEX('PASSENGER LIST 27Aug_SUM'!$A$1:$L$3170,MATCH('14SEP.HERITAGE.A2'!$C14,'PASSENGER LIST 27Aug_SUM'!$B$1:$B$3170,0),MATCH('14SEP.HERITAGE.A2'!J$2,'PASSENGER LIST 27Aug_SUM'!$A$1:$L$1,0))} -> THE PLAZA | K14: {=INDEX('PASSENGER LIST 27Aug_SUM'!$A$1:$L$3170,MATCH('14SEP.HERITAGE.A2'!$C14,'PASSENGER LIST 27Aug_SUM'!$B$1:$B$3170,0),MATCH('14SEP.HERITAGE.A2'!K$2,'PASSENGER LIST 27Aug_SUM'!$A$1:$L$1,0))} -> K-HERITAGE | L14: {=INDEX('PASSENGER LIST 27Aug_SUM'!$A$1:$L$3170,MATCH('14SEP.HERITAGE.A2'!$C14,'PASSENGER LIST 27Aug_SUM'!$B$1:$B$3170,0),MATCH('14SEP.HERITAGE.A2'!L$2,'PASSENGER LIST 27Aug_SUM'!$A$1:$L$1,0))} -> No | M14: 45914 | N14: {=INDEX('PASSENGER LIST 27Aug_SUM'!$A$1:$M$3170,MATCH('14SEP.HERITAGE.A2'!$C14,'PASSENGER LIST 27Aug_SUM'!$B$1:$B$3170,0),MATCH('14SEP.HERITAGE.A2'!N$2,'PASSENGER LIST 27Aug_SUM'!$A$1:$M$1,0))} -> 0
... A37: 35 | B37: {=INDEX('PASSENGER LIST 27Aug_SUM'!$A$1:$L$3170,MATCH('14SEP.HERITAGE.A2'!$C37,'PASSENGER LIST 27Aug_SUM'!$B$1:$B$3170,0),MATCH('14SEP.HERITAGE.A2'!B$2,'PASSENGER LIST 27Aug_SUM'!$A$1:$L$1,0))} -> A2 | C37: YLNZBWJY37W | D37: {=INDEX('PASSENGER LIST 27Aug_SUM'!$A$1:$L$3170,MATCH('14SEP.HERITAGE.A2'!$C37,'PASSENGER LIST 27Aug_SUM'!$B$1:$B$3170,0),MATCH('14SEP.HERITAGE.A2'!D$2,'PASSENGER LIST 27Aug_SUM'!$A$1:$L$1,0))} -> M3NS38Y2WSP | E37: {=INDEX('PASSENGER LIST 27Aug_SUM'!$A$1:$L$3170,MATCH('14SEP.HERITAGE.A2'!$C37,'PASSENGER LIST 27Aug_SUM'!$B$1:$B$3170,0),MATCH('14SEP.HERITAGE.A2'!E$2,'PASSENGER LIST 27Aug_SUM'!$A$1:$L$1,0))} -> Youngran | F37: {=INDEX('PASSENGER LIST 27Aug_SUM'!$A$1:$L$3170,MATCH('14SEP.HERITAGE.A2'!$C37,'PASSENGER LIST 27Aug_SUM'!$B$1:$B$3170,0),MATCH('14SEP.HERITAGE.A2'!F$2,'PASSENGER LIST 27Aug_SUM'!$A$1:$L$1,0))} -> Baek | G37: {=INDEX('PASSENGER LIST 27Aug_SUM'!$A$1:$L$3170,MATCH('14SEP.HERITAGE.A2'!$C37,'PASSENGER LIST 27Aug_SUM'!$B$1:$B$3170,0),MATCH('14SEP.HERITAGE.A2'!G$2,'PASSENGER LIST 27Aug_SUM'!$A$1:$L$1,0))} -> Female | H37: {=INDEX('PASSENGER LIST 27Aug_SUM'!$A$1:$L$3170,MATCH('14SEP.HERITAGE.A2'!$C37,'PASSENGER LIST 27Aug_SUM'!$B$1:$B$3170,0),MATCH('14SEP.HERITAGE.A2'!H$2,'PASSENGER LIST 27Aug_SUM'!$A$1:$L$1,0))} -> Republic of Korea | I37: {=INDEX('PASSENGER LIST 27Aug_SUM'!$A$1:$L$3170,MATCH('14SEP.HERITAGE.A2'!$C37,'PASSENGER LIST 27Aug_SUM'!$B$1:$B$3170,0),MATCH('14SEP.HERITAGE.A2'!I$2,'PASSENGER LIST 27Aug_SUM'!$A$1:$L$1,0))} -> 60 | J37: {=INDEX('PASSENGER LIST 27Aug_SUM'!$A$1:$L$3170,MATCH('14SEP.HERITAGE.A2'!$C37,'PASSENGER LIST 27Aug_SUM'!$B$1:$B$3170,0),MATCH('14SEP.HERITAGE.A2'!J$2,'PASSENGER LIST 27Aug_SUM'!$A$1:$L$1,0))} -> LOTTE | K37: {=INDEX('PASSENGER LIST 27Aug_SUM'!$A$1:$L$3170,MATCH('14SEP.HERITAGE.A2'!$C37,'PASSENGER LIST 27Aug_SUM'!$B$1:$B$3170,0),MATCH('14SEP.HERITAGE.A2'!K$2,'PASSENGER LIST 27Aug_SUM'!$A$1:$L$1,0))} -> K-HERITAGE | L37: {=INDEX('PASSENGER LIST 27Aug_SUM'!$A$1:$L$3170,MATCH('14SEP.HERITAGE.A2'!$C37,'PASSENGER LIST 27Aug_SUM'!$B$1:$B$3170,0),MATCH('14SEP.HERITAGE.A2'!L$2,'PASSENGER LIST 27Aug_SUM'!$A$1:$L$1,0))} -> No | M37: 45914 | N37: {=INDEX('PASSENGER LIST 27Aug_SUM'!$A$1:$M$3170,MATCH('14SEP.HERITAGE.A2'!$C37,'PASSENGER LIST 27Aug_SUM'!$B$1:$B$3170,0),MATCH('14SEP.HERITAGE.A2'!N$2,'PASSENGER LIST 27Aug_SUM'!$A$1:$M$1,0))} -> Airport transfer: All 6 pax NO NEED, living in Seoul

Sheet 14SEP.NATURE.A2
A1: d | B1: 45914 | C1: K-NATURE | D1: A2
A2: No. | B2: Sub-Group | C2: Confirmation | D2: Primary registrant | E2: First Name | F2: Last Name | G2: Gender | H2: Passport Country | I2: AGE | J2: HOTEL | K2: Full day | L2: Vegan | M2: TOURING DATE | N2: REMARKS
A3: 1 | B3: {=INDEX('PASSENGER LIST 27Aug_SUM'!$A$1:$L$3170,MATCH($C3,'PASSENGER LIST 27Aug_SUM'!$B$1:$B$3170,0),MATCH('14SEP.NATURE.A2'!B$2,'PASSENGER LIST 27Aug_SUM'!$A$1:$L$1,0))} -> A2 | C3: 32N3X3VKNF2 | D3: {=INDEX('PASSENGER LIST 27Aug_SUM'!$A$1:$K$3170,MATCH($C3,'PASSENGER LIST 27Aug_SUM'!$B$1:$B$3170,0),MATCH('14SEP.NATURE.A2'!D$2,'PASSENGER LIST 27Aug_SUM'!$A$1:$K$1,0))} -> 32N3X3VKNF2 | E3: {=INDEX('PASSENGER LIST 27Aug_SUM'!$A$1:$K$3170,MATCH($C3,'PASSENGER LIST 27Aug_SUM'!$B$1:$B$3170,0),MATCH('14SEP.NATURE.A2'!E$2,'PASSENGER LIST 27Aug_SUM'!$A$1:$K$1,0))} -> Chamna | F3: {=INDEX('PASSENGER LIST 27Aug_SUM'!$A$1:$K$3170,MATCH($C3,'PASSENGER LIST 27Aug_SUM'!$B$1:$B$3170,0),MATCH('14SEP.NATURE.A2'!F$2,'PASSENGER LIST 27Aug_SUM'!$A$1:$K$1,0))} -> Vong | G3: {=INDEX('PASSENGER LIST 27Aug_SUM'!$A$1:$L$3170,MATCH($C3,'PASSENGER LIST 27Aug_SUM'!$B$1:$B$3170,0),MATCH('14SEP.NATURE.A2'!G$2,'PASSENGER LIST 27Aug_SUM'!$A$1:$L$1,0))} -> Male | H3: {=INDEX('PASSENGER LIST 27Aug_SUM'!$A$1:$L$3170,MATCH($C3,'PASSENGER LIST 27Aug_SUM'!$B$1:$B$3170,0),MATCH('14SEP.NATURE.A2'!H$2,'PASSENGER LIST 27Aug_SUM'!$A$1:$L$1,0))} -> USA | I3: {=INDEX('PASSENGER LIST 27Aug_SUM'!$A$1:$L$3170,MATCH($C3,'PASSENGER LIST 27Aug_SUM'!$B$1:$B$3170,0),MATCH('14SEP.NATURE.A2'!I$2,'PASSENGER LIST 27Aug_SUM'!$A$1:$L$1,0))} -> 38 | J3: {=INDEX('PASSENGER LIST 27Aug_SUM'!$A$1:$L$3170,MATCH($C3,'PASSENGER LIST 27Aug_SUM'!$B$1:$B$3170,0),MATCH('14SEP.NATURE.A2'!J$2,'PASSENGER LIST 27Aug_SUM'!$A$1:$L$1,0))} -> INTER PARNAS | K3: {=INDEX('PASSENGER LIST 27Aug_SUM'!$A$1:$L$3170,MATCH($C3,'PASSENGER LIST 27Aug_SUM'!$B$1:$B$3170,0),MATCH('14SEP.NATURE.A2'!K$2,'PASSENGER LIST 27Aug_SUM'!$A$1:$L$1,0))} -> K-NATURE | L3: {=INDEX('PASSENGER LIST 27Aug_SUM'!$A$1:$L$3170,MATCH($C3,'PASSENGER LIST 27Aug_SUM'!$B$1:$B$3170,0),MATCH('14SEP.NATURE.A2'!L$2,'PASSENGER LIST 27Aug_SUM'!$A$1:$L$1,0))} -> No | M3: 45914 | N3: {=INDEX('PASSENGER LIST 27Aug_SUM'!$A$1:$M$3170,MATCH($C3,'PASSENGER LIST 27Aug_SUM'!$B$1:$B$3170,0),MATCH('14SEP.NATURE.A2'!N$2,'PASSENGER LIST 27Aug_SUM'!$A$1:$M$1,0))} -> 0
A4: 2 | B4: {=INDEX('PASSENGER LIST 27Aug_SUM'!$A$1:$L$3170,MATCH($C4,'PASSENGER LIST 27Aug_SUM'!$B$1:$B$3170,0),MATCH('14SEP.NATURE.A2'!B$2,'PASSENGER LIST 27Aug_SUM'!$A$1:$L$1,0))} -> A2 | C4: X2NWSPH6J4K | D4: {=INDEX('PASSENGER LIST 27Aug_SUM'!$A$1:$K$3170,MATCH($C4,'PASSENGER LIST 27Aug_SUM'!$B$1:$B$3170,0),MATCH('14SEP.NATURE.A2'!D$2,'PASSENGER LIST 27Aug_SUM'!$A$1:$K$1,0))} -> 32N3X3VKNF2 | E4: {=INDEX('PASSENGER LIST 27Aug_SUM'!$A$1:$K$3170,MATCH($C4,'PASSENGER LIST 27Aug_SUM'!$B$1:$B$3170,0),MATCH('14SEP.NATURE.A2'!E$2,'PASSENGER LIST 27Aug_SUM'!$A$1:$K$1,0))} -> Sarah Lorraine | F4: {=INDEX('PASSENGER LIST 27Aug_SUM'!$A$1:$K$3170,MATCH($C4,'PASSENGER LIST 27Aug_SUM'!$B$1:$B$3170,0),MATCH('14SEP.NATURE.A2'!F$2,'PASSENGER LIST 27Aug_SUM'!$A$1:$K$1,0))} -> Go | G4: {=INDEX('PASSENGER LIST 27Aug_SUM'!$A$1:$L$3170,MATCH($C4,'PASSENGER LIST 27Aug_SUM'!$B$1:$B$3170,0),MATCH('14SEP.NATURE.A2'!G$2,'PASSENGER LIST 27Aug_SUM'!$A$1:$L$1,0))} -> Female | H4: {=INDEX('PASSENGER LIST 27Aug_SUM'!$A$1:$L$3170,MATCH($C4,'PASSENGER LIST 27Aug_SUM'!$B$1:$B$3170,0),MATCH('14SEP.NATURE.A2'!H$2,'PASSENGER LIST 27Aug_SUM'!$A$1:$L$1,0))} -> USA | I4: {=INDEX('PASSENGER LIST 27Aug_SUM'!$A$1:$L$3170,MATCH($C4,'PASSENGER LIST 27Aug_SUM'!$B$1:$B$3170,0),MATCH('14SEP.NATURE.A2'!I$2,'PASSENGER LIST 27Aug_SUM'!$A$1:$L$1,0))} -> 34 | J4: {=INDEX('PASSENGER LIST 27Aug_SUM'!$A$1:$L$3170,MATCH($C4,'PASSENGER LIST 27Aug_SUM'!$B$1:$B$3170,0),MATCH('14SEP.NATURE.A2'!J$2,'PASSENGER LIST 27Aug_SUM'!$A$1:$L$1,0))} -> INTER PARNAS | K4: {=INDEX('PASSENGER LIST 27Aug_SUM'!$A$1:$L$3170,MATCH($C4,'PASSENGER LIST 27Aug_SUM'!$B$1:$B$3170,0),MATCH('14SEP.NATURE.A2'!K$2,'PASSENGER LIST 27Aug_SUM'!$A$1:$L$1,0))} -> K-NATURE | L4: {=INDEX('PASSENGER LIST 27Aug_SUM'!$A$1:$L$3170,MATCH($C4,'PASSENGER LIST 27Aug_SUM'!$B$1:$B$3170,0),MATCH('14SEP.NATURE.A2'!L$2,'PASSENGER LIST 27Aug_SUM'!$A$1:$L$1,0))} -> No | M4: 45914 | N4: {=INDEX('PASSENGER LIST 27Aug_SUM'!$A$1:$M$3170,MATCH($C4,'PASSENGER LIST 27Aug_SUM'!$B$1:$B$3170,0),MATCH('14SEP.NATURE.A2'!N$2,'PASSENGER LIST 27Aug_SUM'!$A$1:$M$1,0))} -> 0
A5: 3 | B5: {=INDEX('PASSENGER LIST 27Aug_SUM'!$A$1:$L$3170,MATCH($C5,'PASSENGER LIST 27Aug_SUM'!$B$1:$B$3170,0),MATCH('14SEP.NATURE.A2'!B$2,'PASSENGER LIST 27Aug_SUM'!$A$1:$L$1,0))} -> A2 | C5: FKNCZSG8SYP | D5: {=INDEX('PASSENGER LIST 27Aug_SUM'!$A$1:$K$3170,MATCH($C5,'PASSENGER LIST 27Aug_SUM'!$B$1:$B$3170,0),MATCH('14SEP.NATURE.A2'!D$2,'PASSENGER LIST 27Aug_SUM'!$A$1:$K$1,0))} -> FKNCZSG8SYP | E5: {=INDEX('PASSENGER LIST 27Aug_SUM'!$A$1:$K$3170,MATCH($C5,'PASSENGER LIST 27Aug_SUM'!$B$1:$B$3170,0),MATCH('14SEP.NATURE.A2'!E$2,'PASSENGER LIST 27Aug_SUM'!$A$1:$K$1,0))} -> Xuezhi | F5: {=INDEX('PASSENGER LIST 27Aug_SUM'!$A$1:$K$3170,MATCH($C5,'PASSENGER LIST 27Aug_SUM'!$B$1:$B$3170,0),MATCH('14SEP.NATURE.A2'!F$2,'PASSENGER LIST 27Aug_SUM'!$A$1:$K$1,0))} -> Dai | G5: {=INDEX('PASSENGER LIST 27Aug_SUM'!$A$1:$L$3170,MATCH($C5,'PASSENGER LIST 27Aug_SUM'!$B$1:$B$3170,0),MATCH('14SEP.NATURE.A2'!G$2,'PASSENGER LIST 27Aug_SUM'!$A$1:$L$1,0))} -> Female | H5: {=INDEX('PASSENGER LIST 27Aug_SUM'!$A$1:$L$3170,MATCH($C5,'PASSENGER LIST 27Aug_SUM'!$B$1:$B$3170,0),MATCH('14SEP.NATURE.A2'!H$2,'PASSENGER LIST 27Aug_SUM'!$A$1:$L$1,0))} -> USA | I5: {=INDEX('PASSENGER LIST 27Aug_SUM'!$A$1:$L$3170,MATCH($C5,'PASSENGER LIST 27Aug_SUM'!$B$1:$B$3170,0),MATCH('14SEP.NATURE.A2'!I$2,'PASSENGER LIST 27Aug_SUM'!$A$1:$L$1,0))} -> 61 | J5: {=INDEX('PASSENGER LIST 27Aug_SUM'!$A$1:$L$3170,MATCH($C5,'PASSENGER LIST 27Aug_SUM'!$B$1:$B$3170,0),MATCH('14SEP.NATURE.A2'!J$2,'PASSENGER LIST 27Aug_SUM'!$A$1:$L$1,0))} -> THE PLAZA | K5: {=INDEX('PASSENGER LIST 27Aug_SUM'!$A$1:$L$3170,MATCH($C5,'PASSENGER LIST 27Aug_SUM'!$B$1:$B$3170,0),MATCH('14SEP.NATURE.A2'!K$2,'PASSENGER LIST 27Aug_SUM'!$A$1:$L$1,0))} -> K-NATURE | L5: {=INDEX('PASSENGER LIST 27Aug_SUM'!$A$1:$L$3170,MATCH($C5,'PASSENGER LIST 27Aug_SUM'!$B$1:$B$3170,0),MATCH('14SEP.NATURE.A2'!L$2,'PASSENGER LIST 27Aug_SUM'!$A$1:$L$1,0))} -> No | M5: 45914 | N5: {=INDEX('PASSENGER LIST 27Aug_SUM'!$A$1:$M$3170,MATCH($C5,'PASSENGER LIST 27Aug_SUM'!$B$1:$B$3170,0),MATCH('14SEP.NATURE.A2'!N$2,'PASSENGER LIST 27Aug_SUM'!$A$1:$M$1,0))} -> Upgrade - Plaza Suite
A6: 4 | B6: {=INDEX('PASSENGER LIST 27Aug_SUM'!$A$1:$L$3170,MATCH($C6,'PASSENGER LIST 27Aug_SUM'!$B$1:$B$3170,0),MATCH('14SEP.NATURE.A2'!B$2,'PASSENGER LIST 27Aug_SUM'!$A$1:$L$1,0))} -> A2 | C6: BFN7JYRNGH3 | D6: {=INDEX('PASSENGER LIST 27Aug_SUM'!$A$1:$K$3170,MATCH($C6,'PASSENGER LIST 27Aug_SUM'!$B$1:$B$3170,0),MATCH('14SEP.NATURE.A2'!D$2,'PASSENGER LIST 27Aug_SUM'!$A$1:$K$1,0))} -> FKNCZSG8SYP | E6: {=INDEX('PASSENGER LIST 27Aug_SUM'!$A$1:$K$3170,MATCH($C6,'PASSENGER LIST 27Aug_SUM'!$B$1:$B$3170,0),MATCH('14SEP.NATURE.A2'!E$2,'PASSENGER LIST 27Aug_SUM'!$A$1:$K$1,0))} -> Libo | F6: {=INDEX('PASSENGER LIST 27Aug_SUM'!$A$1:$K$3170,MATCH($C6,'PASSENGER LIST 27Aug_SUM'!$B$1:$B$3170,0),MATCH('14SEP.NATURE.A2'!F$2,'PASSENGER LIST 27Aug_SUM'!$A$1:$K$1,0))} -> Cai | G6: {=INDEX('PASSENGER LIST 27Aug_SUM'!$A$1:$L$3170,MATCH($C6,'PASSENGER LIST 27Aug_SUM'!$B$1:$B$3170,0),MATCH('14SEP.NATURE.A2'!G$2,'PASSENGER LIST 27Aug_SUM'!$A$1:$L$1,0))} -> Male | H6: {=INDEX('PASSENGER LIST 27Aug_SUM'!$A$1:$L$3170,MATCH($C6,'PASSENGER LIST 27Aug_SUM'!$B$1:$B$3170,0),MATCH('14SEP.NATURE.A2'!H$2,'PASSENGER LIST 27Aug_SUM'!$A$1:$L$1,0))} -> USA | I6: {=INDEX('PASSENGER LIST 27Aug_SUM'!$A$1:$L$3170,MATCH($C6,'PASSENGER LIST 27Aug_SUM'!$B$1:$B$3170,0),MATCH('14SEP.NATURE.A2'!I$2,'PASSENGER LIST 27Aug_SUM'!$A$1:$L$1,0))} -> 63 | J6: {=INDEX('PASSENGER LIST 27Aug_SUM'!$A$1:$L$3170,MATCH($C6,'PASSENGER LIST 27Aug_SUM'!$B$1:$B$3170,0),MATCH('14SEP.NATURE.A2'!J$2,'PASSENGER LIST 27Aug_SUM'!$A$1:$L$1,0))} -> THE PLAZA | K6: {=INDEX('PASSENGER LIST 27Aug_SUM'!$A$1:$L$3170,MATCH($C6,'PASSENGER LIST 27Aug_SUM'!$B$1:$B$3170,0),MATCH('14SEP.NATURE.A2'!K$2,'PASSENGER LIST 27Aug_SUM'!$A$1:$L$1,0))} -> K-NATURE | L6: {=INDEX('PASSENGER LIST 27Aug_SUM'!$A$1:$L$3170,MATCH($C6,'PASSENGER LIST 27Aug_SUM'!$B$1:$B$3170,0),MATCH('14SEP.NATURE.A2'!L$2,'PASSENGER LIST 27Aug_SUM'!$A$1:$L$1,0))} -> No | M6: 45914 | N6: {=INDEX('PASSENGER LIST 27Aug_SUM'!$A$1:$M$3170,MATCH($C6,'PASSENGER LIST 27Aug_SUM'!$B$1:$B$3170,0),MATCH('14SEP.NATURE.A2'!N$2,'PASSENGER LIST 27Aug_SUM'!$A$1:$M$1,0))} -> 0
A7: 5 | B7: {=INDEX('PASSENGER LIST 27Aug_SUM'!$A$1:$L$3170,MATCH($C7,'PASSENGER LIST 27Aug_SUM'!$B$1:$B$3170,0),MATCH('14SEP.NATURE.A2'!B$2,'PASSENGER LIST 27Aug_SUM'!$A$1:$L$1,0))} -> A2 | C7: CWNGKCGNHSR | D7: {=INDEX('PASSENGER LIST 27Aug_SUM'!$A$1:$K$3170,MATCH($C7,'PASSENGER LIST 27Aug_SUM'!$B$1:$B$3170,0),MATCH('14SEP.NATURE.A2'!D$2,'PASSENGER LIST 27Aug_SUM'!$A$1:$K$1,0))} -> CWNGKCGNHSR | E7: {=INDEX('PASSENGER LIST 27Aug_SUM'!$A$1:$K$3170,MATCH($C7,'PASSENGER LIST 27Aug_SUM'!$B$1:$B$3170,0),MATCH('14SEP.NATURE.A2'!E$2,'PASSENGER LIST 27Aug_SUM'!$A$1:$K$1,0))} -> Jeffrey Fei | F7: {=INDEX('PASSENGER LIST 27Aug_SUM'!$A$1:$K$3170,MATCH($C7,'PASSENGER LIST 27Aug_SUM'!$B$1:$B$3170,0),MATCH('14SEP.NATURE.A2'!F$2,'PASSENGER LIST 27Aug_SUM'!$A$1:$K$1,0))} -> Jin | G7: {=INDEX('PASSENGER LIST 27Aug_SUM'!$A$1:$L$3170,MATCH($C7,'PASSENGER LIST 27Aug_SUM'!$B$1:$B$3170,0),MATCH('14SEP.NATURE.A2'!G$2,'PASSENGER LIST 27Aug_SUM'!$A$1:$L$1,0))} -> Male | H7: {=INDEX('PASSENGER LIST 27Aug_SUM'!$A$1:$L$3170,MATCH($C7,'PASSENGER LIST 27Aug_SUM'!$B$1:$B$3170,0),MATCH('14SEP.NATURE.A2'!H$2,'PASSENGER LIST 27Aug_SUM'!$A$1:$L$1,0))} -> USA | I7: {=INDEX('PASSENGER LIST 27Aug_SUM'!$A$1:$L$3170,MATCH($C7,'PASSENGER LIST 27Aug_SUM'!$B$1:$B$3170,0),MATCH('14SEP.NATURE.A2'!I$2,'PASSENGER LIST 27Aug_SUM'!$A$1:$L$1,0))} -> 53 | J7: {=INDEX('PASSENGER LIST 27Aug_SUM'!$A$1:$L$3170,MATCH($C7,'PASSENGER LIST 27Aug_SUM'!$B$1:$B$3170,0),MATCH('14SEP.NATURE.A2'!J$2,'PASSENGER LIST 27Aug_SUM'!$A$1:$L$1,0))} -> THE PLAZA | K7: {=INDEX('PASSENGER LIST 27Aug_SUM'!$A$1:$L$3170,MATCH($C7,'PASSENGER LIST 27Aug_SUM'!$B$1:$B$3170,0),MATCH('14SEP.NATURE.A2'!K$2,'PASSENGER LIST 27Aug_SUM'!$A$1:$L$1,0))} -> K-NATURE | L7: {=INDEX('PASSENGER LIST 27Aug_SUM'!$A$1:$L$3170,MATCH($C7,'PASSENGER LIST 27Aug_SUM'!$B$1:$B$3170,0),MATCH('14SEP.NATURE.A2'!L$2,'PASSENGER LIST 27Aug_SUM'!$A$1:$L$1,0))} -> No | M7: 45914 | N7: {=INDEX('PASSENGER LIST 27Aug_SUM'!$A$1:$M$3170,MATCH($C7,'PASSENGER LIST 27Aug_SUM'!$B$1:$B$3170,0),MATCH('14SEP.NATURE.A2'!N$2,'PASSENGER LIST 27Aug_SUM'!$A$1:$M$1,0))} -> 0
A8: 6 | B8: {=INDEX('PASSENGER LIST 27Aug_SUM'!$A$1:$L$3170,MATCH($C8,'PASSENGER LIST 27Aug_SUM'!$B$1:$B$3170,0),MATCH('14SEP.NATURE.A2'!B$2,'PASSENGER LIST 27Aug_SUM'!$A$1:$L$1,0))} -> A2 | C8: 2GNB7WXN7XN | D8: {=INDEX('PASSENGER LIST 27Aug_SUM'!$A$1:$K$3170,MATCH($C8,'PASSENGER LIST 27Aug_SUM'!$B$1:$B$3170,0),MATCH('14SEP.NATURE.A2'!D$2,'PASSENGER LIST 27Aug_SUM'!$A$1:$K$1,0))} -> CWNGKCGNHSR | E8: {=INDEX('PASSENGER LIST 27Aug_SUM'!$A$1:$K$3170,MATCH($C8,'PASSENGER LIST 27Aug_SUM'!$B$1:$B$3170,0),MATCH('14SEP.NATURE.A2'!E$2,'PASSENGER LIST 27Aug_SUM'!$A$1:$K$1,0))} -> Xiaoying | F8: {=INDEX('PASSENGER LIST 27Aug_SUM'!$A$1:$K$3170,MATCH($C8,'PASSENGER LIST 27Aug_SUM'!$B$1:$B$3170,0),MATCH('14SEP.NATURE.A2'!F$2,'PASSENGER LIST 27Aug_SUM'!$A$1:$K$1,0))} -> Shang | G8: {=INDEX('PASSENGER LIST 27Aug_SUM'!$A$1:$L$3170,MATCH($C8,'PASSENGER LIST 27Aug_SUM'!$B$1:$B$3170,0),MATCH('14SEP.NATURE.A2'!G$2,'PASSENGER LIST 27Aug_SUM'!$A$1:$L$1,0))} -> Female | H8: {=INDEX('PASSENGER LIST 27Aug_SUM'!$A$1:$L$3170,MATCH($C8,'PASSENGER LIST 27Aug_SUM'!$B$1:$B$3170,0),MATCH('14SEP.NATURE.A2'!H$2,'PASSENGER LIST 27Aug_SUM'!$A$1:$L$1,0))} -> USA | I8: {=INDEX('PASSENGER LIST 27Aug_SUM'!$A$1:$L$3170,MATCH($C8,'PASSENGER LIST 27Aug_SUM'!$B$1:$B$3170,0),MATCH('14SEP.NATURE.A2'!I$2,'PASSENGER LIST 27Aug_SUM'!$A$1:$L$1,0))} -> 53 | J8: {=INDEX('PASSENGER LIST 27Aug_SUM'!$A$1:$L$3170,MATCH($C8,'PASSENGER LIST 27Aug_SUM'!$B$1:$B$3170,0),MATCH('14SEP.NATURE.A2'!J$2,'PASSENGER LIST 27Aug_SUM'!$A$1:$L$1,0))} -> THE PLAZA | K8: {=INDEX('PASSENGER LIST 27Aug_SUM'!$A$1:$L$3170,MATCH($C8,'PASSENGER LIST 27Aug_SUM'!$B$1:$B$3170,0),MATCH('14SEP.NATURE.A2'!K$2,'PASSENGER LIST 27Aug_SUM'!$A$1:$L$1,0))} -> K-NATURE | L8: {=INDEX('PASSENGER LIST 27Aug_SUM'!$A$1:$L$3170,MATCH($C8,'PASSENGER LIST 27Aug_SUM'!$B$1:$B$3170,0),MATCH('14SEP.NATURE.A2'!L$2,'PASSENGER LIST 27Aug_SUM'!$A$1:$L$1,0))} -> No | M8: 45914 | N8: {=INDEX('PASSENGER LIST 27Aug_SUM'!$A$1:$M$3170,MATCH($C8,'PASSENGER LIST 27Aug_SUM'!$B$1:$B$3170,0),MATCH('14SEP.NATURE.A2'!N$2,'PASSENGER LIST 27Aug_SUM'!$A$1:$M$1,0))} -> 0
A9: 7 | B9: {=INDEX('PASSENGER LIST 27Aug_SUM'!$A$1:$L$3170,MATCH($C9,'PASSENGER LIST 27Aug_SUM'!$B$1:$B$3170,0),MATCH('14SEP.NATURE.A2'!B$2,'PASSENGER LIST 27Aug_SUM'!$A$1:$L$1,0))} -> A2 | C9: D9N5CHFZLVR | D9: {=INDEX('PASSENGER LIST 27Aug_SUM'!$A$1:$K$3170,MATCH($C9,'PASSENGER LIST 27Aug_SUM'!$B$1:$B$3170,0),MATCH('14SEP.NATURE.A2'!D$2,'PASSENGER LIST 27Aug_SUM'!$A$1:$K$1,0))} -> D9N5CHFZLVR | E9: {=INDEX('PASSENGER LIST 27Aug_SUM'!$A$1:$K$3170,MATCH($C9,'PASSENGER LIST 27Aug_SUM'!$B$1:$B$3170,0),MATCH('14SEP.NATURE.A2'!E$2,'PASSENGER LIST 27Aug_SUM'!$A$1:$K$1,0))} -> Prescilia Nana | F9: {=INDEX('PASSENGER LIST 27Aug_SUM'!$A$1:$K$3170,MATCH($C9,'PASSENGER LIST 27Aug_SUM'!$B$1:$B$3170,0),MATCH('14SEP.NATURE.A2'!F$2,'PASSENGER LIST 27Aug_SUM'!$A$1:$K$1,0))} -> Ndoping | G9: {=INDEX('PASSENGER LIST 27Aug_SUM'!$A$1:$L$3170,MATCH($C9,'PASSENGER LIST 27Aug_SUM'!$B$1:$B$3170,0),MATCH('14SEP.NATURE.A2'!G$2,'PASSENGER LIST 27Aug_SUM'!$A$1:$L$1,0))} -> Female | H9: {=INDEX('PASSENGER LIST 27Aug_SUM'!$A$1:$L$3170,MATCH($C9,'PASSENGER LIST 27Aug_SUM'!$B$1:$B$3170,0),MATCH('14SEP.NATURE.A2'!H$2,'PASSENGER LIST 27Aug_SUM'!$A$1:$L$1,0))} -> USA | I9: {=INDEX('PASSENGER LIST 27Aug_SUM'!$A$1:$L$3170,MATCH($C9,'PASSENGER LIST 27Aug_SUM'!$B$1:$B$3170,0),MATCH('14SEP.NATURE.A2'!I$2,'PASSENGER LIST 27Aug_SUM'!$A$1:$L$1,0))} -> 63 | J9: {=INDEX('PASSENGER LIST 27Aug_SUM'!$A$1:$L$3170,MATCH($C9,'PASSENGER LIST 27Aug_SUM'!$B$1:$B$3170,0),MATCH('14SEP.NATURE.A2'!J$2,'PASSENGER LIST 27Aug_SUM'!$A$1:$L$1,0))} -> THE PLAZA | K9: {=INDEX('PASSENGER LIST 27Aug_SUM'!$A$1:$L$3170,MATCH($C9,'PASSENGER LIST 27Aug_SUM'!$B$1:$B$3170,0),MATCH('14SEP.NATURE.A2'!K$2,'PASSENGER LIST 27Aug_SUM'!$A$1:$L$1,0))} -> K-NATURE | L9: {=INDEX('PASSENGER LIST 27Aug_SUM'!$A$1:$L$3170,MATCH($C9,'PASSENGER LIST 27Aug_SUM'!$B$1:$B$3170,0),MATCH('14SEP.NATURE.A2'!L$2,'PASSENGER LIST 27Aug_SUM'!$A$1:$L$1,0))} -> No | M9: 45914 | N9: {=INDEX('PASSENGER LIST 27Aug_SUM'!$A$1:$M$3170,MATCH($C9,'PASSENGER LIST 27Aug_SUM'!$B$1:$B$3170,0),MATCH('14SEP.NATURE.A2'!N$2,'PASSENGER LIST 27Aug_SUM'!$A$1:$M$1,0))} -> 0
A10: 8 | B10: {=INDEX('PASSENGER LIST 27Aug_SUM'!$A$1:$L$3170,MATCH($C10,'PASSENGER LIST 27Aug_SUM'!$B$1:$B$3170,0),MATCH('14SEP.NATURE.A2'!B$2,'PASSENGER LIST 27Aug_SUM'!$A$1:$L$1,0))} -> A2 | C10: FRNNFBST8TG | D10: {=INDEX('PASSENGER LIST 27Aug_SUM'!$A$1:$K$3170,MATCH($C10,'PASSENGER LIST 27Aug_SUM'!$B$1:$B$3170,0),MATCH('14SEP.NATURE.A2'!D$2,'PASSENGER LIST 27Aug_SUM'!$A$1:$K$1,0))} -> FRNNFBST8TG | E10: {=INDEX('PASSENGER LIST 27Aug_SUM'!$A$1:$K$3170,MATCH($C10,'PASSENGER LIST 27Aug_SUM'!$B$1:$B$3170,0),MATCH('14SEP.NATURE.A2'!E$2,'PASSENGER LIST 27Aug_SUM'!$A$1:$K$1,0))} -> Gerardo Palad | F10: {=INDEX('PASSENGER LIST 27Aug_SUM'!$A$1:$K$3170,MATCH($C10,'PASSENGER LIST 27Aug_SUM'!$B$1:$B$3170,0),MATCH('14SEP.NATURE.A2'!F$2,'PASSENGER LIST 27Aug_SUM'!$A$1:$K$1,0))} -> Cailing | G10: {=INDEX('PASSENGER LIST 27Aug_SUM'!$A$1:$L$3170,MATCH($C10,'PASSENGER LIST 27Aug_SUM'!$B$1:$B$3170,0),MATCH('14SEP.NATURE.A2'!G$2,'PASSENGER LIST 27Aug_SUM'!$A$1:$L$1,0))} -> Male | H10: {=INDEX('PASSENGER LIST 27Aug_SUM'!$A$1:$L$3170,MATCH($C10,'PASSENGER LIST 27Aug_SUM'!$B$1:$B$3170,0),MATCH('14SEP.NATURE.A2'!H$2,'PASSENGER LIST 27Aug_SUM'!$A$1:$L$1,0))} -> USA | I10: {=INDEX('PASSENGER LIST 27Aug_SUM'!$A$1:$L$3170,MATCH($C10,'PASSENGER LIST 27Aug_SUM'!$B$1:$B$3170,0),MATCH('14SEP.NATURE.A2'!I$2,'PASSENGER LIST 27Aug_SUM'!$A$1:$L$1,0))} -> 62 | J10: {=INDEX('PASSENGER LIST 27Aug_SUM'!$A$1:$L$3170,MATCH($C10,'PASSENGER LIST 27Aug_SUM'!$B$1:$B$3170,0),MATCH('14SEP.NATURE.A2'!J$2,'PASSENGER LIST 27Aug_SUM'!$A$1:$L$1,0))} -> THE PLAZA | K10: {=INDEX('PASSENGER LIST 27Aug_SUM'!$A$1:$L$3170,MATCH($C10,'PASSENGER LIST 27Aug_SUM'!$B$1:$B$3170,0),MATCH('14SEP.NATURE.A2'!K$2,'PASSENGER LIST 27Aug_SUM'!$A$1:$L$1,0))} -> K-NATURE | L10: {=INDEX('PASSENGER LIST 27Aug_SUM'!$A$1:$L$3170,MATCH($C10,'PASSENGER LIST 27Aug_SUM'!$B$1:$B$3170,0),MATCH('14SEP.NATURE.A2'!L$2,'PASSENGER LIST 27Aug_SUM'!$A$1:$L$1,0))} -> No | M10: 45914 | N10: {=INDEX('PASSENGER LIST 27Aug_SUM'!$A$1:$M$3170,MATCH($C10,'PASSENGER LIST 27Aug_SUM'!$B$1:$B$3170,0),MATCH('14SEP.NATURE.A2'!N$2,'PASSENGER LIST 27Aug_SUM'!$A$1:$M$1,0))} -> 0
A11: 9 | B11: {=INDEX('PASSENGER LIST 27Aug_SUM'!$A$1:$L$3170,MATCH($C11,'PASSENGER LIST 27Aug_SUM'!$B$1:$B$3170,0),MATCH('14SEP.NATURE.A2'!B$2,'PASSENGER LIST 27Aug_SUM'!$A$1:$L$1,0))} -> A2 | C11: L7N25MDRY3K | D11: {=INDEX('PASSENGER LIST 27Aug_SUM'!$A$1:$K$3170,MATCH($C11,'PASSENGER LIST 27Aug_SUM'!$B$1:$B$3170,0),MATCH('14SEP.NATURE.A2'!D$2,'PASSENGER LIST 27Aug_SUM'!$A$1:$K$1,0))} -> FRNNFBST8TG | E11: {=INDEX('PASSENGER LIST 27Aug_SUM'!$A$1:$K$3170,MATCH($C11,'PASSENGER LIST 27Aug_SUM'!$B$1:$B$3170,0),MATCH('14SEP.NATURE.A2'!E$2,'PASSENGER LIST 27Aug_SUM'!$A$1:$K$1,0))} -> Mary Josephine Felipe | F11: {=INDEX('PASSENGER LIST 27Aug_SUM'!$A$1:$K$3170,MATCH($C11,'PASSENGER LIST 27Aug_SUM'!$B$1:$B$3170,0),MATCH('14SEP.NATURE.A2'!F$2,'PASSENGER LIST 27Aug_SUM'!$A$1:$K$1,0))} -> Dayao Cailing | G11: {=INDEX('PASSENGER LIST 27Aug_SUM'!$A$1:$L$3170,MATCH($C11,'PASSENGER LIST 27Aug_SUM'!$B$1:$B$3170,0),MATCH('14SEP.NATURE.A2'!G$2,'PASSENGER LIST 27Aug_SUM'!$A$1:$L$1,0))} -> Female | H11: {=INDEX('PASSENGER LIST 27Aug_SUM'!$A$1:$L$3170,MATCH($C11,'PASSENGER LIST 27Aug_SUM'!$B$1:$B$3170,0),MATCH('14SEP.NATURE.A2'!H$2,'PASSENGER LIST 27Aug_SUM'!$A$1:$L$1,0))} -> USA | I11: {=INDEX('PASSENGER LIST 27Aug_SUM'!$A$1:$L$3170,MATCH($C11,'PASSENGER LIST 27Aug_SUM'!$B$1:$B$3170,0),MATCH('14SEP.NATURE.A2'!I$2,'PASSENGER LIST 27Aug_SUM'!$A$1:$L$1,0))} -> 59 | J11: {=INDEX('PASSENGER LIST 27Aug_SUM'!$A$1:$L$3170,MATCH($C11,'PASSENGER LIST 27Aug_SUM'!$B$1:$B$3170,0),MATCH('14SEP.NATURE.A2'!J$2,'PASSENGER LIST 27Aug_SUM'!$A$1:$L$1,0))} -> THE PLAZA | K11: {=INDEX('PASSENGER LIST 27Aug_SUM'!$A$1:$L$3170,MATCH($C11,'PASSENGER LIST 27Aug_SUM'!$B$1:$B$3170,0),MATCH('14SEP.NATURE.A2'!K$2,'PASSENGER LIST 27Aug_SUM'!$A$1:$L$1,0))} -> K-NATURE | L11: {=INDEX('PASSENGER LIST 27Aug_SUM'!$A$1:$L$3170,MATCH($C11,'PASSENGER LIST 27Aug_SUM'!$B$1:$B$3170,0),MATCH('14SEP.NATURE.A2'!L$2,'PASSENGER LIST 27Aug_SUM'!$A$1:$L$1,0))} -> No | M11: 45914 | N11: {=INDEX('PASSENGER LIST 27Aug_SUM'!$A$1:$M$3170,MATCH($C11,'PASSENGER LIST 27Aug_SUM'!$B$1:$B$3170,0),MATCH('14SEP.NATURE.A2'!N$2,'PASSENGER LIST 27Aug_SUM'!$A$1:$M$1,0))} -> 0
A12: 10 | B12: {=INDEX('PASSENGER LIST 27Aug_SUM'!$A$1:$L$3170,MATCH($C12,'PASSENGER LIST 27Aug_SUM'!$B$1:$B$3170,0),MATCH('14SEP.NATURE.A2'!B$2,'PASSENGER LIST 27Aug_SUM'!$A$1:$L$1,0))} -> A2 | C12: 36NWCD88TBF | D12: {=INDEX('PASSENGER LIST 27Aug_SUM'!$A$1:$K$3170,MATCH($C12,'PASSENGER LIST 27Aug_SUM'!$B$1:$B$3170,0),MATCH('14SEP.NATURE.A2'!D$2,'PASSENGER LIST 27Aug_SUM'!$A$1:$K$1,0))} -> 36NWCD88TBF | E12: {=INDEX('PASSENGER LIST 27Aug_SUM'!$A$1:$K$3170,MATCH($C12,'PASSENGER LIST 27Aug_SUM'!$B$1:$B$3170,0),MATCH('14SEP.NATURE.A2'!E$2,'PASSENGER LIST 27Aug_SUM'!$A$1:$K$1,0))} -> Avelina | F12: {=INDEX('PASSENGER LIST 27Aug_SUM'!$A$1:$K$3170,MATCH($C12,'PASSENGER LIST 27Aug_SUM'!$B$1:$B$3170,0),MATCH('14SEP.NATURE.A2'!F$2,'PASSENGER LIST 27Aug_SUM'!$A$1:$K$1,0))} -> Coleman | G12: {=INDEX('PASSENGER LIST 27Aug_SUM'!$A$1:$L$3170,MATCH($C12,'PASSENGER LIST 27Aug_SUM'!$B$1:$B$3170,0),MATCH('14SEP.NATURE.A2'!G$2,'PASSENGER LIST 27Aug_SUM'!$A$1:$L$1,0))} -> Female | H12: {=INDEX('PASSENGER LIST 27Aug_SUM'!$A$1:$L$3170,MATCH($C12,'PASSENGER LIST 27Aug_SUM'!$B$1:$B$3170,0),MATCH('14SEP.NATURE.A2'!H$2,'PASSENGER LIST 27Aug_SUM'!$A$1:$L$1,0))} -> USA | I12: {=INDEX('PASSENGER LIST 27Aug_SUM'!$A$1:$L$3170,MATCH($C12,'PASSENGER LIST 27Aug_SUM'!$B$1:$B$3170,0),MATCH('14SEP.NATURE.A2'!I$2,'PASSENGER LIST 27Aug_SUM'!$A$1:$L$1,0))} -> 61 | J12: {=INDEX('PASSENGER LIST 27Aug_SUM'!$A$1:$L$3170,MATCH($C12,'PASSENGER LIST 27Aug_SUM'!$B$1:$B$3170,0),MATCH('14SEP.NATURE.A2'!J$2,'PASSENGER LIST 27Aug_SUM'!$A$1:$L$1,0))} -> LOTTE | K12: {=INDEX('PASSENGER LIST 27Aug_SUM'!$A$1:$L$3170,MATCH($C12,'PASSENGER LIST 27Aug_SUM'!$B$1:$B$3170,0),MATCH('14SEP.NATURE.A2'!K$2,'PASSENGER LIST 27Aug_SUM'!$A$1:$L$1,0))} -> K-NATURE | L12: {=INDEX('PASSENGER LIST 27Aug_SUM'!$A$1:$L$3170,MATCH($C12,'PASSENGER LIST 27Aug_SUM'!$B$1:$B$3170,0),MATCH('14SEP.NATURE.A2'!L$2,'PASSENGER LIST 27Aug_SUM'!$A$1:$L$1,0))} -> No | M12: 45914 | N12: {=INDEX('PASSENGER LIST 27Aug_SUM'!$A$1:$M$3170,MATCH($C12,'PASSENGER LIST 27Aug_SUM'!$B$1:$B$3170,0),MATCH('14SEP.NATURE.A2'!N$2,'PASSENGER LIST 27Aug_SUM'!$A$1:$M$1,0))} -> 0
A13: 11 | B13: {=INDEX('PASSENGER LIST 27Aug_SUM'!$A$1:$L$3170,MATCH($C13,'PASSENGER LIST 27Aug_SUM'!$B$1:$B$3170,0),MATCH('14SEP.NATURE.A2'!B$2,'PASSENGER LIST 27Aug_SUM'!$A$1:$L$1,0))} -> A2 | C13: C7N4DJZCCM2 | D13: {=INDEX('PASSENGER LIST 27Aug_SUM'!$A$1:$K$3170,MATCH($C13,'PASSENGER LIST 27Aug_SUM'!$B$1:$B$3170,0),MATCH('14SEP.NATURE.A2'!D$2,'PASSENGER LIST 27Aug_SUM'!$A$1:$K$1,0))} -> C7N4DJZCCM2 | E13: {=INDEX('PASSENGER LIST 27Aug_SUM'!$A$1:$K$3170,MATCH($C13,'PASSENGER LIST 27Aug_SUM'!$B$1:$B$3170,0),MATCH('14SEP.NATURE.A2'!E$2,'PASSENGER LIST 27Aug_SUM'!$A$1:$K$1,0))} -> Demetrio Jr Apilis | F13: {=INDEX('PASSENGER LIST 27Aug_SUM'!$A$1:$K$3170,MATCH($C13,'PASSENGER LIST 27Aug_SUM'!$B$1:$B$3170,0),MATCH('14SEP.NATURE.A2'!F$2,'PASSENGER LIST 27Aug_SUM'!$A$1:$K$1,0))} -> Pulanco | G13: {=INDEX('PASSENGER LIST 27Aug_SUM'!$A$1:$L$3170,MATCH($C13,'PASSENGER LIST 27Aug_SUM'!$B$1:$B$3170,0),MATCH('14SEP.NATURE.A2'!G$2,'PASSENGER LIST 27Aug_SUM'!$A$1:$L$1,0))} -> Male | H13: {=INDEX('PASSENGER LIST 27Aug_SUM'!$A$1:$L$3170,MATCH($C13,'PASSENGER LIST 27Aug_SUM'!$B$1:$B$3170,0),MATCH('14SEP.NATURE.A2'!H$2,'PASSENGER LIST 27Aug_SUM'!$A$1:$L$1,0))} -> USA | I13: {=INDEX('PASSENGER LIST 27Aug_SUM'!$A$1:$L$3170,MATCH($C13,'PASSENGER LIST 27Aug_SUM'!$B$1:$B$3170,0),MATCH('14SEP.NATURE.A2'!I$2,'PASSENGER LIST 27Aug_SUM'!$A$1:$L$1,0))} -> 60 | J13: {=INDEX('PASSENGER LIST 27Aug_SUM'!$A$1:$L$3170,MATCH($C13,'PASSENGER LIST 27Aug_SUM'!$B$1:$B$3170,0),MATCH('14SEP.NATURE.A2'!J$2,'PASSENGER LIST 27Aug_SUM'!$A$1:$L$1,0))} -> LOTTE | K13: {=INDEX('PASSENGER LIST 27Aug_SUM'!$A$1:$L$3170,MATCH($C13,'PASSENGER LIST 27Aug_SUM'!$B$1:$B$3170,0),MATCH('14SEP.NATURE.A2'!K$2,'PASSENGER LIST 27Aug_SUM'!$A$1:$L$1,0))} -> K-NATURE | L13: {=INDEX('PASSENGER LIST 27Aug_SUM'!$A$1:$L$3170,MATCH($C13,'PASSENGER LIST 27Aug_SUM'!$B$1:$B$3170,0),MATCH('14SEP.NATURE.A2'!L$2,'PASSENGER LIST 27Aug_SUM'!$A$1:$L$1,0))} -> No | M13: 45914 | N13: {=INDEX('PASSENGER LIST 27Aug_SUM'!$A$1:$M$3170,MATCH($C13,'PASSENGER LIST 27Aug_SUM'!$B$1:$B$3170,0),MATCH('14SEP.NATURE.A2'!N$2,'PASSENGER LIST 27Aug_SUM'!$A$1:$M$1,0))} -> 0
A14: 12 | B14: {=INDEX('PASSENGER LIST 27Aug_SUM'!$A$1:$L$3170,MATCH($C14,'PASSENGER LIST 27Aug_SUM'!$B$1:$B$3170,0),MATCH('14SEP.NATURE.A2'!B$2,'PASSENGER LIST 27Aug_SUM'!$A$1:$L$1,0))} -> A2 | C14: DZNZK9DK6PX | D14: {=INDEX('PASSENGER LIST 27Aug_SUM'!$A$1:$K$3170,MATCH($C14,'PASSENGER LIST 27Aug_SUM'!$B$1:$B$3170,0),MATCH('14SEP.NATURE.A2'!D$2,'PASSENGER LIST 27Aug_SUM'!$A$1:$K$1,0))} -> C7N4DJZCCM2 | E14: {=INDEX('PASSENGER LIST 27Aug_SUM'!$A$1:$K$3170,MATCH($C14,'PASSENGER LIST 27Aug_SUM'!$B$1:$B$3170,0),MATCH('14SEP.NATURE.A2'!E$2,'PASSENGER LIST 27Aug_SUM'!$A$1:$K$1,0))} -> Jennifer Dela Cruz | F14: {=INDEX('PASSENGER LIST 27Aug_SUM'!$A$1:$K$3170,MATCH($C14,'PASSENGER LIST 27Aug_SUM'!$B$1:$B$3170,0),MATCH('14SEP.NATURE.A2'!F$2,'PASSENGER LIST 27Aug_SUM'!$A$1:$K$1,0))} -> Pulanco | G14: {=INDEX('PASSENGER LIST 27Aug_SUM'!$A$1:$L$3170,MATCH($C14,'PASSENGER LIST 27Aug_SUM'!$B$1:$B$3170,0),MATCH('14SEP.NATURE.A2'!G$2,'PASSENGER LIST 27Aug_SUM'!$A$1:$L$1,0))} -> Female | H14: {=INDEX('PASSENGER LIST 27Aug_SUM'!$A$1:$L$3170,MATCH($C14,'PASSENGER LIST 27Aug_SUM'!$B$1:$B$3170,0),MATCH('14SEP.NATURE.A2'!H$2,'PASSENGER LIST 27Aug_SUM'!$A$1:$L$1,0))} -> USA | I14: {=INDEX('PASSENGER LIST 27Aug_SUM'!$A$1:$L$3170,MATCH($C14,'PASSENGER LIST 27Aug_SUM'!$B$1:$B$3170,0),MATCH('14SEP.NATURE.A2'!I$2,'PASSENGER LIST 27Aug_SUM'!$A$1:$L$1,0))} -> 60 | J14: {=INDEX('PASSENGER LIST 27Aug_SUM'!$A$1:$L$3170,MATCH($C14,'PASSENGER LIST 27Aug_SUM'!$B$1:$B$3170,0),MATCH('14SEP.NATURE.A2'!J$2,'PASSENGER LIST 27Aug_SUM'!$A$1:$L$1,0))} -> LOTTE | K14: {=INDEX('PASSENGER LIST 27Aug_SUM'!$A$1:$L$3170,MATCH($C14,'PASSENGER LIST 27Aug_SUM'!$B$1:$B$3170,0),MATCH('14SEP.NATURE.A2'!K$2,'PASSENGER LIST 27Aug_SUM'!$A$1:$L$1,0))} -> K-NATURE | L14: {=INDEX('PASSENGER LIST 27Aug_SUM'!$A$1:$L$3170,MATCH($C14,'PASSENGER LIST 27Aug_SUM'!$B$1:$B$3170,0),MATCH('14SEP.NATURE.A2'!L$2,'PASSENGER LIST 27Aug_SUM'!$A$1:$L$1,0))} -> No | M14: 45914 | N14: {=INDEX('PASSENGER LIST 27Aug_SUM'!$A$1:$M$3170,MATCH($C14,'PASSENGER LIST 27Aug_SUM'!$B$1:$B$3170,0),MATCH('14SEP.NATURE.A2'!N$2,'PASSENGER LIST 27Aug_SUM'!$A$1:$M$1,0))} -> 0
... A25: 23 | B25: {=INDEX('PASSENGER LIST 27Aug_SUM'!$A$1:$L$3170,MATCH($C25,'PASSENGER LIST 27Aug_SUM'!$B$1:$B$3170,0),MATCH('14SEP.NATURE.A2'!B$2,'PASSENGER LIST 27Aug_SUM'!$A$1:$L$1,0))} -> A2 | C25: 7DN43HQ8YPH | D25: {=INDEX('PASSENGER LIST 27Aug_SUM'!$A$1:$K$3170,MATCH($C25,'PASSENGER LIST 27Aug_SUM'!$B$1:$B$3170,0),MATCH('14SEP.NATURE.A2'!D$2,'PASSENGER LIST 27Aug_SUM'!$A$1:$K$1,0))} -> PNN2B3HQVVQ | E25: {=INDEX('PASSENGER LIST 27Aug_SUM'!$A$1:$K$3170,MATCH($C25,'PASSENGER LIST 27Aug_SUM'!$B$1:$B$3170,0),MATCH('14SEP.NATURE.A2'!E$2,'PASSENGER LIST 27Aug_SUM'!$A$1:$K$1,0))} -> Harishanth | F25: {=INDEX('PASSENGER LIST 27Aug_SUM'!$A$1:$K$3170,MATCH($C25,'PASSENGER LIST 27Aug_SUM'!$B$1:$B$3170,0),MATCH('14SEP.NATURE.A2'!F$2,'PASSENGER LIST 27Aug_SUM'!$A$1:$K$1,0))} -> Mylvaganam | G25: {=INDEX('PASSENGER LIST 27Aug_SUM'!$A$1:$L$3170,MATCH($C25,'PASSENGER LIST 27Aug_SUM'!$B$1:$B$3170,0),MATCH('14SEP.NATURE.A2'!G$2,'PASSENGER LIST 27Aug_SUM'!$A$1:$L$1,0))} -> Male | H25: {=INDEX('PASSENGER LIST 27Aug_SUM'!$A$1:$L$3170,MATCH($C25,'PASSENGER LIST 27Aug_SUM'!$B$1:$B$3170,0),MATCH('14SEP.NATURE.A2'!H$2,'PASSENGER LIST 27Aug_SUM'!$A$1:$L$1,0))} -> Canada | I25: {=INDEX('PASSENGER LIST 27Aug_SUM'!$A$1:$L$3170,MATCH($C25,'PASSENGER LIST 27Aug_SUM'!$B$1:$B$3170,0),MATCH('14SEP.NATURE.A2'!I$2,'PASSENGER LIST 27Aug_SUM'!$A$1:$L$1,0))} -> 24 | J25: {=INDEX('PASSENGER LIST 27Aug_SUM'!$A$1:$L$3170,MATCH($C25,'PASSENGER LIST 27Aug_SUM'!$B$1:$B$3170,0),MATCH('14SEP.NATURE.A2'!J$2,'PASSENGER LIST 27Aug_SUM'!$A$1:$L$1,0))} -> LOTTE | K25: {=INDEX('PASSENGER LIST 27Aug_SUM'!$A$1:$L$3170,MATCH($C25,'PASSENGER LIST 27Aug_SUM'!$B$1:$B$3170,0),MATCH('14SEP.NATURE.A2'!K$2,'PASSENGER LIST 27Aug_SUM'!$A$1:$L$1,0))} -> K-NATURE | L25: {=INDEX('PASSENGER LIST 27Aug_SUM'!$A$1:$L$3170,MATCH($C25,'PASSENGER LIST 27Aug_SUM'!$B$1:$B$3170,0),MATCH('14SEP.NATURE.A2'!L$2,'PASSENGER LIST 27Aug_SUM'!$A$1:$L$1,0))} -> No | M25: 45914 | N25: {=INDEX('PASSENGER LIST 27Aug_SUM'!$A$1:$M$3170,MATCH($C25,'PASSENGER LIST 27Aug_SUM'!$B$1:$B$3170,0),MATCH('14SEP.NATURE.A2'!N$2,'PASSENGER LIST 27Aug_SUM'!$A$1:$M$1,0))} -> 0
K30: Railbike
K31: 2 seats | L31: 8
K32: 4 seats | L32: 2

Sheet 15SEP.HERITAGE.A1
B1: 45915 | C1: K-HERITAGE | D1: A1
A2: No. | B2: Sub-Group | C2: Confirmation | D2: Primary registrant | E2: First Name | F2: Last Name | G2: Gender | H2: Passport Country | I2: AGE | J2: HOTEL | K2: Full day | L2: Vegan | M2: TOURING DATE | N2: REMARKS
A3: 1 | B3: {=INDEX('PASSENGER LIST 27Aug_SUM'!$A$1:$L$3170,MATCH('15SEP.HERITAGE.A1'!$C3,'PASSENGER LIST 27Aug_SUM'!$B$1:$B$3170,0),MATCH('15SEP.HERITAGE.A1'!B$2,'PASSENGER LIST 27Aug_SUM'!$A$1:$L$1,0))} -> A1 | C3: G4N6JZ9LSBW | D3: {=INDEX('PASSENGER LIST 27Aug_SUM'!$A$1:$L$3170,MATCH('15SEP.HERITAGE.A1'!$C3,'PASSENGER LIST 27Aug_SUM'!$B$1:$B$3170,0),MATCH('15SEP.HERITAGE.A1'!D$2,'PASSENGER LIST 27Aug_SUM'!$A$1:$L$1,0))} -> G4N6JZ9LSBW | E3: {=INDEX('PASSENGER LIST 27Aug_SUM'!$A$1:$L$3170,MATCH('15SEP.HERITAGE.A1'!$C3,'PASSENGER LIST 27Aug_SUM'!$B$1:$B$3170,0),MATCH('15SEP.HERITAGE.A1'!E$2,'PASSENGER LIST 27Aug_SUM'!$A$1:$L$1,0))} -> Joanna Thieu | F3: {=INDEX('PASSENGER LIST 27Aug_SUM'!$A$1:$L$3170,MATCH('15SEP.HERITAGE.A1'!$C3,'PASSENGER LIST 27Aug_SUM'!$B$1:$B$3170,0),MATCH('15SEP.HERITAGE.A1'!F$2,'PASSENGER LIST 27Aug_SUM'!$A$1:$L$1,0))} -> Ngo | G3: {=INDEX('PASSENGER LIST 27Aug_SUM'!$A$1:$L$3170,MATCH('15SEP.HERITAGE.A1'!$C3,'PASSENGER LIST 27Aug_SUM'!$B$1:$B$3170,0),MATCH('15SEP.HERITAGE.A1'!G$2,'PASSENGER LIST 27Aug_SUM'!$A$1:$L$1,0))} -> Female | H3: {=INDEX('PASSENGER LIST 27Aug_SUM'!$A$1:$L$3170,MATCH('15SEP.HERITAGE.A1'!$C3,'PASSENGER LIST 27Aug_SUM'!$B$1:$B$3170,0),MATCH('15SEP.HERITAGE.A1'!H$2,'PASSENGER LIST 27Aug_SUM'!$A$1:$L$1,0))} -> USA | I3: {=INDEX('PASSENGER LIST 27Aug_SUM'!$A$1:$L$3170,MATCH('15SEP.HERITAGE.A1'!$C3,'PASSENGER LIST 27Aug_SUM'!$B$1:$B$3170,0),MATCH('15SEP.HERITAGE.A1'!I$2,'PASSENGER LIST 27Aug_SUM'!$A$1:$L$1,0))} -> 59 | J3: {=INDEX('PASSENGER LIST 27Aug_SUM'!$A$1:$L$3170,MATCH('15SEP.HERITAGE.A1'!$C3,'PASSENGER LIST 27Aug_SUM'!$B$1:$B$3170,0),MATCH('15SEP.HERITAGE.A1'!J$2,'PASSENGER LIST 27Aug_SUM'!$A$1:$L$1,0))} -> FAIRMONT | K3: {=INDEX('PASSENGER LIST 27Aug_SUM'!$A$1:$L$3170,MATCH('15SEP.HERITAGE.A1'!$C3,'PASSENGER LIST 27Aug_SUM'!$B$1:$B$3170,0),MATCH('15SEP.HERITAGE.A1'!K$2,'PASSENGER LIST 27Aug_SUM'!$A$1:$L$1,0))} -> K-HERITAGE | L3: {=INDEX('PASSENGER LIST 27Aug_SUM'!$A$1:$L$3170,MATCH('15SEP.HERITAGE.A1'!$C3,'PASSENGER LIST 27Aug_SUM'!$B$1:$B$3170,0),MATCH('15SEP.HERITAGE.A1'!L$2,'PASSENGER LIST 27Aug_SUM'!$A$1:$L$1,0))} -> No | M3: 45915 | N3: {=INDEX('PASSENGER LIST 27Aug_SUM'!$A$1:$M$3170,MATCH('15SEP.HERITAGE.A1'!$C3,'PASSENGER LIST 27Aug_SUM'!$B$1:$B$3170,0),MATCH('15SEP.HERITAGE.A1'!N$2,'PASSENGER LIST 27Aug_SUM'!$A$1:$M$1,0))} -> 0
A4: 2 | B4: {=INDEX('PASSENGER LIST 27Aug_SUM'!$A$1:$L$3170,MATCH('15SEP.HERITAGE.A1'!$C4,'PASSENGER LIST 27Aug_SUM'!$B$1:$B$3170,0),MATCH('15SEP.HERITAGE.A1'!B$2,'PASSENGER LIST 27Aug_SUM'!$A$1:$L$1,0))} -> A1 | C4: P6NBPLG4JTH | D4: {=INDEX('PASSENGER LIST 27Aug_SUM'!$A$1:$L$3170,MATCH('15SEP.HERITAGE.A1'!$C4,'PASSENGER LIST 27Aug_SUM'!$B$1:$B$3170,0),MATCH('15SEP.HERITAGE.A1'!D$2,'PASSENGER LIST 27Aug_SUM'!$A$1:$L$1,0))} -> G4N6JZ9LSBW | E4: {=INDEX('PASSENGER LIST 27Aug_SUM'!$A$1:$L$3170,MATCH('15SEP.HERITAGE.A1'!$C4,'PASSENGER LIST 27Aug_SUM'!$B$1:$B$3170,0),MATCH('15SEP.HERITAGE.A1'!E$2,'PASSENGER LIST 27Aug_SUM'!$A$1:$L$1,0))} -> Tai Chan | F4: {=INDEX('PASSENGER LIST 27Aug_SUM'!$A$1:$L$3170,MATCH('15SEP.HERITAGE.A1'!$C4,'PASSENGER LIST 27Aug_SUM'!$B$1:$B$3170,0),MATCH('15SEP.HERITAGE.A1'!F$2,'PASSENGER LIST 27Aug_SUM'!$A$1:$L$1,0))} -> Ngo | G4: {=INDEX('PASSENGER LIST 27Aug_SUM'!$A$1:$L$3170,MATCH('15SEP.HERITAGE.A1'!$C4,'PASSENGER LIST 27Aug_SUM'!$B$1:$B$3170,0),MATCH('15SEP.HERITAGE.A1'!G$2,'PASSENGER LIST 27Aug_SUM'!$A$1:$L$1,0))} -> Male | H4: {=INDEX('PASSENGER LIST 27Aug_SUM'!$A$1:$L$3170,MATCH('15SEP.HERITAGE.A1'!$C4,'PASSENGER LIST 27Aug_SUM'!$B$1:$B$3170,0),MATCH('15SEP.HERITAGE.A1'!H$2,'PASSENGER LIST 27Aug_SUM'!$A$1:$L$1,0))} -> USA | I4: {=INDEX('PASSENGER LIST 27Aug_SUM'!$A$1:$L$3170,MATCH('15SEP.HERITAGE.A1'!$C4,'PASSENGER LIST 27Aug_SUM'!$B$1:$B$3170,0),MATCH('15SEP.HERITAGE.A1'!I$2,'PASSENGER LIST 27Aug_SUM'!$A$1:$L$1,0))} -> 61 | J4: {=INDEX('PASSENGER LIST 27Aug_SUM'!$A$1:$L$3170,MATCH('15SEP.HERITAGE.A1'!$C4,'PASSENGER LIST 27Aug_SUM'!$B$1:$B$3170,0),MATCH('15SEP.HERITAGE.A1'!J$2,'PASSENGER LIST 27Aug_SUM'!$A$1:$L$1,0))} -> FAIRMONT | K4: {=INDEX('PASSENGER LIST 27Aug_SUM'!$A$1:$L$3170,MATCH('15SEP.HERITAGE.A1'!$C4,'PASSENGER LIST 27Aug_SUM'!$B$1:$B$3170,0),MATCH('15SEP.HERITAGE.A1'!K$2,'PASSENGER LIST 27Aug_SUM'!$A$1:$L$1,0))} -> K-HERITAGE | L4: {=INDEX('PASSENGER LIST 27Aug_SUM'!$A$1:$L$3170,MATCH('15SEP.HERITAGE.A1'!$C4,'PASSENGER LIST 27Aug_SUM'!$B$1:$B$3170,0),MATCH('15SEP.HERITAGE.A1'!L$2,'PASSENGER LIST 27Aug_SUM'!$A$1:$L$1,0))} -> No | M4: 45915 | N4: {=INDEX('PASSENGER LIST 27Aug_SUM'!$A$1:$M$3170,MATCH('15SEP.HERITAGE.A1'!$C4,'PASSENGER LIST 27Aug_SUM'!$B$1:$B$3170,0),MATCH('15SEP.HERITAGE.A1'!N$2,'PASSENGER LIST 27Aug_SUM'!$A$1:$M$1,0))} -> 0
A5: 3 | B5: {=INDEX('PASSENGER LIST 27Aug_SUM'!$A$1:$L$3170,MATCH('15SEP.HERITAGE.A1'!$C5,'PASSENGER LIST 27Aug_SUM'!$B$1:$B$3170,0),MATCH('15SEP.HERITAGE.A1'!B$2,'PASSENGER LIST 27Aug_SUM'!$A$1:$L$1,0))} -> A1 | C5: WZNHSCH8RKY | D5: {=INDEX('PASSENGER LIST 27Aug_SUM'!$A$1:$L$3170,MATCH('15SEP.HERITAGE.A1'!$C5,'PASSENGER LIST 27Aug_SUM'!$B$1:$B$3170,0),MATCH('15SEP.HERITAGE.A1'!D$2,'PASSENGER LIST 27Aug_SUM'!$A$1:$L$1,0))} -> WZNHSCH8RKY | E5: {=INDEX('PASSENGER LIST 27Aug_SUM'!$A$1:$L$3170,MATCH('15SEP.HERITAGE.A1'!$C5,'PASSENGER LIST 27Aug_SUM'!$B$1:$B$3170,0),MATCH('15SEP.HERITAGE.A1'!E$2,'PASSENGER LIST 27Aug_SUM'!$A$1:$L$1,0))} -> Melissa | F5: {=INDEX('PASSENGER LIST 27Aug_SUM'!$A$1:$L$3170,MATCH('15SEP.HERITAGE.A1'!$C5,'PASSENGER LIST 27Aug_SUM'!$B$1:$B$3170,0),MATCH('15SEP.HERITAGE.A1'!F$2,'PASSENGER LIST 27Aug_SUM'!$A$1:$L$1,0))} -> Chang | G5: {=INDEX('PASSENGER LIST 27Aug_SUM'!$A$1:$L$3170,MATCH('15SEP.HERITAGE.A1'!$C5,'PASSENGER LIST 27Aug_SUM'!$B$1:$B$3170,0),MATCH('15SEP.HERITAGE.A1'!G$2,'PASSENGER LIST 27Aug_SUM'!$A$1:$L$1,0))} -> Female | H5: {=INDEX('PASSENGER LIST 27Aug_SUM'!$A$1:$L$3170,MATCH('15SEP.HERITAGE.A1'!$C5,'PASSENGER LIST 27Aug_SUM'!$B$1:$B$3170,0),MATCH('15SEP.HERITAGE.A1'!H$2,'PASSENGER LIST 27Aug_SUM'!$A$1:$L$1,0))} -> USA | I5: {=INDEX('PASSENGER LIST 27Aug_SUM'!$A$1:$L$3170,MATCH('15SEP.HERITAGE.A1'!$C5,'PASSENGER LIST 27Aug_SUM'!$B$1:$B$3170,0),MATCH('15SEP.HERITAGE.A1'!I$2,'PASSENGER LIST 27Aug_SUM'!$A$1:$L$1,0))} -> 50 | J5: {=INDEX('PASSENGER LIST 27Aug_SUM'!$A$1:$L$3170,MATCH('15SEP.HERITAGE.A1'!$C5,'PASSENGER LIST 27Aug_SUM'!$B$1:$B$3170,0),MATCH('15SEP.HERITAGE.A1'!J$2,'PASSENGER LIST 27Aug_SUM'!$A$1:$L$1,0))} -> FAIRMONT | K5: {=INDEX('PASSENGER LIST 27Aug_SUM'!$A$1:$L$3170,MATCH('15SEP.HERITAGE.A1'!$C5,'PASSENGER LIST 27Aug_SUM'!$B$1:$B$3170,0),MATCH('15SEP.HERITAGE.A1'!K$2,'PASSENGER LIST 27Aug_SUM'!$A$1:$L$1,0))} -> K-HERITAGE | L5: {=INDEX('PASSENGER LIST 27Aug_SUM'!$A$1:$L$3170,MATCH('15SEP.HERITAGE.A1'!$C5,'PASSENGER LIST 27Aug_SUM'!$B$1:$B$3170,0),MATCH('15SEP.HERITAGE.A1'!L$2,'PASSENGER LIST 27Aug_SUM'!$A$1:$L$1,0))} -> No | M5: 45915 | N5: {=INDEX('PASSENGER LIST 27Aug_SUM'!$A$1:$M$3170,MATCH('15SEP.HERITAGE.A1'!$C5,'PASSENGER LIST 27Aug_SUM'!$B$1:$B$3170,0),MATCH('15SEP.HERITAGE.A1'!N$2,'PASSENGER LIST 27Aug_SUM'!$A$1:$M$1,0))} -> 0
A6: 4 | B6: {=INDEX('PASSENGER LIST 27Aug_SUM'!$A$1:$L$3170,MATCH('15SEP.HERITAGE.A1'!$C6,'PASSENGER LIST 27Aug_SUM'!$B$1:$B$3170,0),MATCH('15SEP.HERITAGE.A1'!B$2,'PASSENGER LIST 27Aug_SUM'!$A$1:$L$1,0))} -> A1 | C6: 5WN2NDDTKD7 | D6: {=INDEX('PASSENGER LIST 27Aug_SUM'!$A$1:$L$3170,MATCH('15SEP.HERITAGE.A1'!$C6,'PASSENGER LIST 27Aug_SUM'!$B$1:$B$3170,0),MATCH('15SEP.HERITAGE.A1'!D$2,'PASSENGER LIST 27Aug_SUM'!$A$1:$L$1,0))} -> WZNHSCH8RKY | E6: {=INDEX('PASSENGER LIST 27Aug_SUM'!$A$1:$L$3170,MATCH('15SEP.HERITAGE.A1'!$C6,'PASSENGER LIST 27Aug_SUM'!$B$1:$B$3170,0),MATCH('15SEP.HERITAGE.A1'!E$2,'PASSENGER LIST 27Aug_SUM'!$A$1:$L$1,0))} -> Denise T. | F6: {=INDEX('PASSENGER LIST 27Aug_SUM'!$A$1:$L$3170,MATCH('15SEP.HERITAGE.A1'!$C6,'PASSENGER LIST 27Aug_SUM'!$B$1:$B$3170,0),MATCH('15SEP.HERITAGE.A1'!F$2,'PASSENGER LIST 27Aug_SUM'!$A$1:$L$1,0))} -> Vong | G6: {=INDEX('PASSENGER LIST 27Aug_SUM'!$A$1:$L$3170,MATCH('15SEP.HERITAGE.A1'!$C6,'PASSENGER LIST 27Aug_SUM'!$B$1:$B$3170,0),MATCH('15SEP.HERITAGE.A1'!G$2,'PASSENGER LIST 27Aug_SUM'!$A$1:$L$1,0))} -> Female | H6: {=INDEX('PASSENGER LIST 27Aug_SUM'!$A$1:$L$3170,MATCH('15SEP.HERITAGE.A1'!$C6,'PASSENGER LIST 27Aug_SUM'!$B$1:$B$3170,0),MATCH('15SEP.HERITAGE.A1'!H$2,'PASSENGER LIST 27Aug_SUM'!$A$1:$L$1,0))} -> USA | I6: {=INDEX('PASSENGER LIST 27Aug_SUM'!$A$1:$L$3170,MATCH('15SEP.HERITAGE.A1'!$C6,'PASSENGER LIST 27Aug_SUM'!$B$1:$B$3170,0),MATCH('15SEP.HERITAGE.A1'!I$2,'PASSENGER LIST 27Aug_SUM'!$A$1:$L$1,0))} -> 37 | J6: {=INDEX('PASSENGER LIST 27Aug_SUM'!$A$1:$L$3170,MATCH('15SEP.HERITAGE.A1'!$C6,'PASSENGER LIST 27Aug_SUM'!$B$1:$B$3170,0),MATCH('15SEP.HERITAGE.A1'!J$2,'PASSENGER LIST 27Aug_SUM'!$A$1:$L$1,0))} -> FAIRMONT | K6: {=INDEX('PASSENGER LIST 27Aug_SUM'!$A$1:$L$3170,MATCH('15SEP.HERITAGE.A1'!$C6,'PASSENGER LIST 27Aug_SUM'!$B$1:$B$3170,0),MATCH('15SEP.HERITAGE.A1'!K$2,'PASSENGER LIST 27Aug_SUM'!$A$1:$L$1,0))} -> K-HERITAGE | L6: {=INDEX('PASSENGER LIST 27Aug_SUM'!$A$1:$L$3170,MATCH('15SEP.HERITAGE.A1'!$C6,'PASSENGER LIST 27Aug_SUM'!$B$1:$B$3170,0),MATCH('15SEP.HERITAGE.A1'!L$2,'PASSENGER LIST 27Aug_SUM'!$A$1:$L$1,0))} -> No | M6: 45915 | N6: {=INDEX('PASSENGER LIST 27Aug_SUM'!$A$1:$M$3170,MATCH('15SEP.HERITAGE.A1'!$C6,'PASSENGER LIST 27Aug_SUM'!$B$1:$B$3170,0),MATCH('15SEP.HERITAGE.A1'!N$2,'PASSENGER LIST 27Aug_SUM'!$A$1:$M$1,0))} -> 0
A7: 5 | B7: {=INDEX('PASSENGER LIST 27Aug_SUM'!$A$1:$L$3170,MATCH('15SEP.HERITAGE.A1'!$C7,'PASSENGER LIST 27Aug_SUM'!$B$1:$B$3170,0),MATCH('15SEP.HERITAGE.A1'!B$2,'PASSENGER LIST 27Aug_SUM'!$A$1:$L$1,0))} -> A1 | C7: 9GNF58NC6KP | D7: {=INDEX('PASSENGER LIST 27Aug_SUM'!$A$1:$L$3170,MATCH('15SEP.HERITAGE.A1'!$C7,'PASSENGER LIST 27Aug_SUM'!$B$1:$B$3170,0),MATCH('15SEP.HERITAGE.A1'!D$2,'PASSENGER LIST 27Aug_SUM'!$A$1:$L$1,0))} -> 9GNF58NC6KP | E7: {=INDEX('PASSENGER LIST 27Aug_SUM'!$A$1:$L$3170,MATCH('15SEP.HERITAGE.A1'!$C7,'PASSENGER LIST 27Aug_SUM'!$B$1:$B$3170,0),MATCH('15SEP.HERITAGE.A1'!E$2,'PASSENGER LIST 27Aug_SUM'!$A$1:$L$1,0))} -> Tiffany Ha Thieu | F7: {=INDEX('PASSENGER LIST 27Aug_SUM'!$A$1:$L$3170,MATCH('15SEP.HERITAGE.A1'!$C7,'PASSENGER LIST 27Aug_SUM'!$B$1:$B$3170,0),MATCH('15SEP.HERITAGE.A1'!F$2,'PASSENGER LIST 27Aug_SUM'!$A$1:$L$1,0))} -> Hoang | G7: {=INDEX('PASSENGER LIST 27Aug_SUM'!$A$1:$L$3170,MATCH('15SEP.HERITAGE.A1'!$C7,'PASSENGER LIST 27Aug_SUM'!$B$1:$B$3170,0),MATCH('15SEP.HERITAGE.A1'!G$2,'PASSENGER LIST 27Aug_SUM'!$A$1:$L$1,0))} -> Female | H7: {=INDEX('PASSENGER LIST 27Aug_SUM'!$A$1:$L$3170,MATCH('15SEP.HERITAGE.A1'!$C7,'PASSENGER LIST 27Aug_SUM'!$B$1:$B$3170,0),MATCH('15SEP.HERITAGE.A1'!H$2,'PASSENGER LIST 27Aug_SUM'!$A$1:$L$1,0))} -> USA | I7: {=INDEX('PASSENGER LIST 27Aug_SUM'!$A$1:$L$3170,MATCH('15SEP.HERITAGE.A1'!$C7,'PASSENGER LIST 27Aug_SUM'!$B$1:$B$3170,0),MATCH('15SEP.HERITAGE.A1'!I$2,'PASSENGER LIST 27Aug_SUM'!$A$1:$L$1,0))} -> 55 | J7: {=INDEX('PASSENGER LIST 27Aug_SUM'!$A$1:$L$3170,MATCH('15SEP.HERITAGE.A1'!$C7,'PASSENGER LIST 27Aug_SUM'!$B$1:$B$3170,0),MATCH('15SEP.HERITAGE.A1'!J$2,'PASSENGER LIST 27Aug_SUM'!$A$1:$L$1,0))} -> FAIRMONT | K7: {=INDEX('PASSENGER LIST 27Aug_SUM'!$A$1:$L$3170,MATCH('15SEP.HERITAGE.A1'!$C7,'PASSENGER LIST 27Aug_SUM'!$B$1:$B$3170,0),MATCH('15SEP.HERITAGE.A1'!K$2,'PASSENGER LIST 27Aug_SUM'!$A$1:$L$1,0))} -> K-HERITAGE | L7: {=INDEX('PASSENGER LIST 27Aug_SUM'!$A$1:$L$3170,MATCH('15SEP.HERITAGE.A1'!$C7,'PASSENGER LIST 27Aug_SUM'!$B$1:$B$3170,0),MATCH('15SEP.HERITAGE.A1'!L$2,'PASSENGER LIST 27Aug_SUM'!$A$1:$L$1,0))} -> No | M7: 45915 | N7: {=INDEX('PASSENGER LIST 27Aug_SUM'!$A$1:$M$3170,MATCH('15SEP.HERITAGE.A1'!$C7,'PASSENGER LIST 27Aug_SUM'!$B$1:$B$3170,0),MATCH('15SEP.HERITAGE.A1'!N$2,'PASSENGER LIST 27Aug_SUM'!$A$1:$M$1,0))} -> 0
A8: 6 | B8: {=INDEX('PASSENGER LIST 27Aug_SUM'!$A$1:$L$3170,MATCH('15SEP.HERITAGE.A1'!$C8,'PASSENGER LIST 27Aug_SUM'!$B$1:$B$3170,0),MATCH('15SEP.HERITAGE.A1'!B$2,'PASSENGER LIST 27Aug_SUM'!$A$1:$L$1,0))} -> A1 | C8: 36NJX2J7Q3K | D8: {=INDEX('PASSENGER LIST 27Aug_SUM'!$A$1:$L$3170,MATCH('15SEP.HERITAGE.A1'!$C8,'PASSENGER LIST 27Aug_SUM'!$B$1:$B$3170,0),MATCH('15SEP.HERITAGE.A1'!D$2,'PASSENGER LIST 27Aug_SUM'!$A$1:$L$1,0))} -> 36NJX2J7Q3K | E8: {=INDEX('PASSENGER LIST 27Aug_SUM'!$A$1:$L$3170,MATCH('15SEP.HERITAGE.A1'!$C8,'PASSENGER LIST 27Aug_SUM'!$B$1:$B$3170,0),MATCH('15SEP.HERITAGE.A1'!E$2,'PASSENGER LIST 27Aug_SUM'!$A$1:$L$1,0))} -> Blanche Rose | F8: {=INDEX('PASSENGER LIST 27Aug_SUM'!$A$1:$L$3170,MATCH('15SEP.HERITAGE.A1'!$C8,'PASSENGER LIST 27Aug_SUM'!$B$1:$B$3170,0),MATCH('15SEP.HERITAGE.A1'!F$2,'PASSENGER LIST 27Aug_SUM'!$A$1:$L$1,0))} -> Melanson | G8: {=INDEX('PASSENGER LIST 27Aug_SUM'!$A$1:$L$3170,MATCH('15SEP.HERITAGE.A1'!$C8,'PASSENGER LIST 27Aug_SUM'!$B$1:$B$3170,0),MATCH('15SEP.HERITAGE.A1'!G$2,'PASSENGER LIST 27Aug_SUM'!$A$1:$L$1,0))} -> Female | H8: {=INDEX('PASSENGER LIST 27Aug_SUM'!$A$1:$L$3170,MATCH('15SEP.HERITAGE.A1'!$C8,'PASSENGER LIST 27Aug_SUM'!$B$1:$B$3170,0),MATCH('15SEP.HERITAGE.A1'!H$2,'PASSENGER LIST 27Aug_SUM'!$A$1:$L$1,0))} -> Canada | I8: {=INDEX('PASSENGER LIST 27Aug_SUM'!$A$1:$L$3170,MATCH('15SEP.HERITAGE.A1'!$C8,'PASSENGER LIST 27Aug_SUM'!$B$1:$B$3170,0),MATCH('15SEP.HERITAGE.A1'!I$2,'PASSENGER LIST 27Aug_SUM'!$A$1:$L$1,0))} -> 62 | J8: {=INDEX('PASSENGER LIST 27Aug_SUM'!$A$1:$L$3170,MATCH('15SEP.HERITAGE.A1'!$C8,'PASSENGER LIST 27Aug_SUM'!$B$1:$B$3170,0),MATCH('15SEP.HERITAGE.A1'!J$2,'PASSENGER LIST 27Aug_SUM'!$A$1:$L$1,0))} -> FAIRMONT | K8: {=INDEX('PASSENGER LIST 27Aug_SUM'!$A$1:$L$3170,MATCH('15SEP.HERITAGE.A1'!$C8,'PASSENGER LIST 27Aug_SUM'!$B$1:$B$3170,0),MATCH('15SEP.HERITAGE.A1'!K$2,'PASSENGER LIST 27Aug_SUM'!$A$1:$L$1,0))} -> K-HERITAGE | L8: {=INDEX('PASSENGER LIST 27Aug_SUM'!$A$1:$L$3170,MATCH('15SEP.HERITAGE.A1'!$C8,'PASSENGER LIST 27Aug_SUM'!$B$1:$B$3170,0),MATCH('15SEP.HERITAGE.A1'!L$2,'PASSENGER LIST 27Aug_SUM'!$A$1:$L$1,0))} -> No | M8: 45915 | N8: {=INDEX('PASSENGER LIST 27Aug_SUM'!$A$1:$M$3170,MATCH('15SEP.HERITAGE.A1'!$C8,'PASSENGER LIST 27Aug_SUM'!$B$1:$B$3170,0),MATCH('15SEP.HERITAGE.A1'!N$2,'PASSENGER LIST 27Aug_SUM'!$A$1:$M$1,0))} -> 0
A9: 7 | B9: {=INDEX('PASSENGER LIST 27Aug_SUM'!$A$1:$L$3170,MATCH('15SEP.HERITAGE.A1'!$C9,'PASSENGER LIST 27Aug_SUM'!$B$1:$B$3170,0),MATCH('15SEP.HERITAGE.A1'!B$2,'PASSENGER LIST 27Aug_SUM'!$A$1:$L$1,0))} -> A1 | C9: GWN39C5T7PQ | D9: {=INDEX('PASSENGER LIST 27Aug_SUM'!$A$1:$L$3170,MATCH('15SEP.HERITAGE.A1'!$C9,'PASSENGER LIST 27Aug_SUM'!$B$1:$B$3170,0),MATCH('15SEP.HERITAGE.A1'!D$2,'PASSENGER LIST 27Aug_SUM'!$A$1:$L$1,0))} -> 36NJX2J7Q3K | E9: {=INDEX('PASSENGER LIST 27Aug_SUM'!$A$1:$L$3170,MATCH('15SEP.HERITAGE.A1'!$C9,'PASSENGER LIST 27Aug_SUM'!$B$1:$B$3170,0),MATCH('15SEP.HERITAGE.A1'!E$2,'PASSENGER LIST 27Aug_SUM'!$A$1:$L$1,0))} -> Nadia Marie | F9: {=INDEX('PASSENGER LIST 27Aug_SUM'!$A$1:$L$3170,MATCH('15SEP.HERITAGE.A1'!$C9,'PASSENGER LIST 27Aug_SUM'!$B$1:$B$3170,0),MATCH('15SEP.HERITAGE.A1'!F$2,'PASSENGER LIST 27Aug_SUM'!$A$1:$L$1,0))} -> Cormier | G9: {=INDEX('PASSENGER LIST 27Aug_SUM'!$A$1:$L$3170,MATCH('15SEP.HERITAGE.A1'!$C9,'PASSENGER LIST 27Aug_SUM'!$B$1:$B$3170,0),MATCH('15SEP.HERITAGE.A1'!G$2,'PASSENGER LIST 27Aug_SUM'!$A$1:$L$1,0))} -> Female | H9: {=INDEX('PASSENGER LIST 27Aug_SUM'!$A$1:$L$3170,MATCH('15SEP.HERITAGE.A1'!$C9,'PASSENGER LIST 27Aug_SUM'!$B$1:$B$3170,0),MATCH('15SEP.HERITAGE.A1'!H$2,'PASSENGER LIST 27Aug_SUM'!$A$1:$L$1,0))} -> Canada | I9: {=INDEX('PASSENGER LIST 27Aug_SUM'!$A$1:$L$3170,MATCH('15SEP.HERITAGE.A1'!$C9,'PASSENGER LIST 27Aug_SUM'!$B$1:$B$3170,0),MATCH('15SEP.HERITAGE.A1'!I$2,'PASSENGER LIST 27Aug_SUM'!$A$1:$L$1,0))} -> 38 | J9: {=INDEX('PASSENGER LIST 27Aug_SUM'!$A$1:$L$3170,MATCH('15SEP.HERITAGE.A1'!$C9,'PASSENGER LIST 27Aug_SUM'!$B$1:$B$3170,0),MATCH('15SEP.HERITAGE.A1'!J$2,'PASSENGER LIST 27Aug_SUM'!$A$1:$L$1,0))} -> FAIRMONT | K9: {=INDEX('PASSENGER LIST 27Aug_SUM'!$A$1:$L$3170,MATCH('15SEP.HERITAGE.A1'!$C9,'PASSENGER LIST 27Aug_SUM'!$B$1:$B$3170,0),MATCH('15SEP.HERITAGE.A1'!K$2,'PASSENGER LIST 27Aug_SUM'!$A$1:$L$1,0))} -> K-HERITAGE | L9: {=INDEX('PASSENGER LIST 27Aug_SUM'!$A$1:$L$3170,MATCH('15SEP.HERITAGE.A1'!$C9,'PASSENGER LIST 27Aug_SUM'!$B$1:$B$3170,0),MATCH('15SEP.HERITAGE.A1'!L$2,'PASSENGER LIST 27Aug_SUM'!$A$1:$L$1,0))} -> No | M9: 45915 | N9: {=INDEX('PASSENGER LIST 27Aug_SUM'!$A$1:$M$3170,MATCH('15SEP.HERITAGE.A1'!$C9,'PASSENGER LIST 27Aug_SUM'!$B$1:$B$3170,0),MATCH('15SEP.HERITAGE.A1'!N$2,'PASSENGER LIST 27Aug_SUM'!$A$1:$M$1,0))} -> 0
A10: 8 | B10: {=INDEX('PASSENGER LIST 27Aug_SUM'!$A$1:$L$3170,MATCH('15SEP.HERITAGE.A1'!$C10,'PASSENGER LIST 27Aug_SUM'!$B$1:$B$3170,0),MATCH('15SEP.HERITAGE.A1'!B$2,'PASSENGER LIST 27Aug_SUM'!$A$1:$L$1,0))} -> A1 | C10: BRNGXHZ4R6S | D10: {=INDEX('PASSENGER LIST 27Aug_SUM'!$A$1:$L$3170,MATCH('15SEP.HERITAGE.A1'!$C10,'PASSENGER LIST 27Aug_SUM'!$B$1:$B$3170,0),MATCH('15SEP.HERITAGE.A1'!D$2,'PASSENGER LIST 27Aug_SUM'!$A$1:$L$1,0))} -> BRNGXHZ4R6S | E10: {=INDEX('PASSENGER LIST 27Aug_SUM'!$A$1:$L$3170,MATCH('15SEP.HERITAGE.A1'!$C10,'PASSENGER LIST 27Aug_SUM'!$B$1:$B$3170,0),MATCH('15SEP.HERITAGE.A1'!E$2,'PASSENGER LIST 27Aug_SUM'!$A$1:$L$1,0))} -> Linda | F10: {=INDEX('PASSENGER LIST 27Aug_SUM'!$A$1:$L$3170,MATCH('15SEP.HERITAGE.A1'!$C10,'PASSENGER LIST 27Aug_SUM'!$B$1:$B$3170,0),MATCH('15SEP.HERITAGE.A1'!F$2,'PASSENGER LIST 27Aug_SUM'!$A$1:$L$1,0))} -> Jaillet | G10: {=INDEX('PASSENGER LIST 27Aug_SUM'!$A$1:$L$3170,MATCH('15SEP.HERITAGE.A1'!$C10,'PASSENGER LIST 27Aug_SUM'!$B$1:$B$3170,0),MATCH('15SEP.HERITAGE.A1'!G$2,'PASSENGER LIST 27Aug_SUM'!$A$1:$L$1,0))} -> Female | H10: {=INDEX('PASSENGER LIST 27Aug_SUM'!$A$1:$L$3170,MATCH('15SEP.HERITAGE.A1'!$C10,'PASSENGER LIST 27Aug_SUM'!$B$1:$B$3170,0),MATCH('15SEP.HERITAGE.A1'!H$2,'PASSENGER LIST 27Aug_SUM'!$A$1:$L$1,0))} -> Canada | I10: {=INDEX('PASSENGER LIST 27Aug_SUM'!$A$1:$L$3170,MATCH('15SEP.HERITAGE.A1'!$C10,'PASSENGER LIST 27Aug_SUM'!$B$1:$B$3170,0),MATCH('15SEP.HERITAGE.A1'!I$2,'PASSENGER LIST 27Aug_SUM'!$A$1:$L$1,0))} -> 65 | J10: {=INDEX('PASSENGER LIST 27Aug_SUM'!$A$1:$L$3170,MATCH('15SEP.HERITAGE.A1'!$C10,'PASSENGER LIST 27Aug_SUM'!$B$1:$B$3170,0),MATCH('15SEP.HERITAGE.A1'!J$2,'PASSENGER LIST 27Aug_SUM'!$A$1:$L$1,0))} -> FAIRMONT | K10: {=INDEX('PASSENGER LIST 27Aug_SUM'!$A$1:$L$3170,MATCH('15SEP.HERITAGE.A1'!$C10,'PASSENGER LIST 27Aug_SUM'!$B$1:$B$3170,0),MATCH('15SEP.HERITAGE.A1'!K$2,'PASSENGER LIST 27Aug_SUM'!$A$1:$L$1,0))} -> K-HERITAGE | L10: {=INDEX('PASSENGER LIST 27Aug_SUM'!$A$1:$L$3170,MATCH('15SEP.HERITAGE.A1'!$C10,'PASSENGER LIST 27Aug_SUM'!$B$1:$B$3170,0),MATCH('15SEP.HERITAGE.A1'!L$2,'PASSENGER LIST 27Aug_SUM'!$A$1:$L$1,0))} -> No | M10: 45915 | N10: {=INDEX('PASSENGER LIST 27Aug_SUM'!$A$1:$M$3170,MATCH('15SEP.HERITAGE.A1'!$C10,'PASSENGER LIST 27Aug_SUM'!$B$1:$B$3170,0),MATCH('15SEP.HERITAGE.A1'!N$2,'PASSENGER LIST 27Aug_SUM'!$A$1:$M$1,0))} -> 0
A11: 9 | B11: {=INDEX('PASSENGER LIST 27Aug_SUM'!$A$1:$L$3170,MATCH('15SEP.HERITAGE.A1'!$C11,'PASSENGER LIST 27Aug_SUM'!$B$1:$B$3170,0),MATCH('15SEP.HERITAGE.A1'!B$2,'PASSENGER LIST 27Aug_SUM'!$A$1:$L$1,0))} -> A1 | C11: SHNV74F9CZK | D11: {=INDEX('PASSENGER LIST 27Aug_SUM'!$A$1:$L$3170,MATCH('15SEP.HERITAGE.A1'!$C11,'PASSENGER LIST 27Aug_SUM'!$B$1:$B$3170,0),MATCH('15SEP.HERITAGE.A1'!D$2,'PASSENGER LIST 27Aug_SUM'!$A$1:$L$1,0))} -> BRNGXHZ4R6S | E11: {=INDEX('PASSENGER LIST 27Aug_SUM'!$A$1:$L$3170,MATCH('15SEP.HERITAGE.A1'!$C11,'PASSENGER LIST 27Aug_SUM'!$B$1:$B$3170,0),MATCH('15SEP.HERITAGE.A1'!E$2,'PASSENGER LIST 27Aug_SUM'!$A$1:$L$1,0))} -> Noella | F11: {=INDEX('PASSENGER LIST 27Aug_SUM'!$A$1:$L$3170,MATCH('15SEP.HERITAGE.A1'!$C11,'PASSENGER LIST 27Aug_SUM'!$B$1:$B$3170,0),MATCH('15SEP.HERITAGE.A1'!F$2,'PASSENGER LIST 27Aug_SUM'!$A$1:$L$1,0))} -> Smith | G11: {=INDEX('PASSENGER LIST 27Aug_SUM'!$A$1:$L$3170,MATCH('15SEP.HERITAGE.A1'!$C11,'PASSENGER LIST 27Aug_SUM'!$B$1:$B$3170,0),MATCH('15SEP.HERITAGE.A1'!G$2,'PASSENGER LIST 27Aug_SUM'!$A$1:$L$1,0))} -> Female | H11: {=INDEX('PASSENGER LIST 27Aug_SUM'!$A$1:$L$3170,MATCH('15SEP.HERITAGE.A1'!$C11,'PASSENGER LIST 27Aug_SUM'!$B$1:$B$3170,0),MATCH('15SEP.HERITAGE.A1'!H$2,'PASSENGER LIST 27Aug_SUM'!$A$1:$L$1,0))} -> Canada | I11: {=INDEX('PASSENGER LIST 27Aug_SUM'!$A$1:$L$3170,MATCH('15SEP.HERITAGE.A1'!$C11,'PASSENGER LIST 27Aug_SUM'!$B$1:$B$3170,0),MATCH('15SEP.HERITAGE.A1'!I$2,'PASSENGER LIST 27Aug_SUM'!$A$1:$L$1,0))} -> 68 | J11: {=INDEX('PASSENGER LIST 27Aug_SUM'!$A$1:$L$3170,MATCH('15SEP.HERITAGE.A1'!$C11,'PASSENGER LIST 27Aug_SUM'!$B$1:$B$3170,0),MATCH('15SEP.HERITAGE.A1'!J$2,'PASSENGER LIST 27Aug_SUM'!$A$1:$L$1,0))} -> FAIRMONT | K11: {=INDEX('PASSENGER LIST 27Aug_SUM'!$A$1:$L$3170,MATCH('15SEP.HERITAGE.A1'!$C11,'PASSENGER LIST 27Aug_SUM'!$B$1:$B$3170,0),MATCH('15SEP.HERITAGE.A1'!K$2,'PASSENGER LIST 27Aug_SUM'!$A$1:$L$1,0))} -> K-HERITAGE | L11: {=INDEX('PASSENGER LIST 27Aug_SUM'!$A$1:$L$3170,MATCH('15SEP.HERITAGE.A1'!$C11,'PASSENGER LIST 27Aug_SUM'!$B$1:$B$3170,0),MATCH('15SEP.HERITAGE.A1'!L$2,'PASSENGER LIST 27Aug_SUM'!$A$1:$L$1,0))} -> No | M11: 45915 | N11: {=INDEX('PASSENGER LIST 27Aug_SUM'!$A$1:$M$3170,MATCH('15SEP.HERITAGE.A1'!$C11,'PASSENGER LIST 27Aug_SUM'!$B$1:$B$3170,0),MATCH('15SEP.HERITAGE.A1'!N$2,'PASSENGER LIST 27Aug_SUM'!$A$1:$M$1,0))} -> 0
A12: 10 | B12: {=INDEX('PASSENGER LIST 27Aug_SUM'!$A$1:$L$3170,MATCH('15SEP.HERITAGE.A1'!$C12,'PASSENGER LIST 27Aug_SUM'!$B$1:$B$3170,0),MATCH('15SEP.HERITAGE.A1'!B$2,'PASSENGER LIST 27Aug_SUM'!$A$1:$L$1,0))} -> A1 | C12: RHN7V4L7PJV | D12: {=INDEX('PASSENGER LIST 27Aug_SUM'!$A$1:$L$3170,MATCH('15SEP.HERITAGE.A1'!$C12,'PASSENGER LIST 27Aug_SUM'!$B$1:$B$3170,0),MATCH('15SEP.HERITAGE.A1'!D$2,'PASSENGER LIST 27Aug_SUM'!$A$1:$L$1,0))} -> RHN7V4L7PJV | E12: {=INDEX('PASSENGER LIST 27Aug_SUM'!$A$1:$L$3170,MATCH('15SEP.HERITAGE.A1'!$C12,'PASSENGER LIST 27Aug_SUM'!$B$1:$B$3170,0),MATCH('15SEP.HERITAGE.A1'!E$2,'PASSENGER LIST 27Aug_SUM'!$A$1:$L$1,0))} -> Eddie Deangelo | F12: {=INDEX('PASSENGER LIST 27Aug_SUM'!$A$1:$L$3170,MATCH('15SEP.HERITAGE.A1'!$C12,'PASSENGER LIST 27Aug_SUM'!$B$1:$B$3170,0),MATCH('15SEP.HERITAGE.A1'!F$2,'PASSENGER LIST 27Aug_SUM'!$A$1:$L$1,0))} -> Northington | G12: {=INDEX('PASSENGER LIST 27Aug_SUM'!$A$1:$L$3170,MATCH('15SEP.HERITAGE.A1'!$C12,'PASSENGER LIST 27Aug_SUM'!$B$1:$B$3170,0),MATCH('15SEP.HERITAGE.A1'!G$2,'PASSENGER LIST 27Aug_SUM'!$A$1:$L$1,0))} -> Male | H12: {=INDEX('PASSENGER LIST 27Aug_SUM'!$A$1:$L$3170,MATCH('15SEP.HERITAGE.A1'!$C12,'PASSENGER LIST 27Aug_SUM'!$B$1:$B$3170,0),MATCH('15SEP.HERITAGE.A1'!H$2,'PASSENGER LIST 27Aug_SUM'!$A$1:$L$1,0))} -> USA | I12: {=INDEX('PASSENGER LIST 27Aug_SUM'!$A$1:$L$3170,MATCH('15SEP.HERITAGE.A1'!$C12,'PASSENGER LIST 27Aug_SUM'!$B$1:$B$3170,0),MATCH('15SEP.HERITAGE.A1'!I$2,'PASSENGER LIST 27Aug_SUM'!$A$1:$L$1,0))} -> 38 | J12: {=INDEX('PASSENGER LIST 27Aug_SUM'!$A$1:$L$3170,MATCH('15SEP.HERITAGE.A1'!$C12,'PASSENGER LIST 27Aug_SUM'!$B$1:$B$3170,0),MATCH('15SEP.HERITAGE.A1'!J$2,'PASSENGER LIST 27Aug_SUM'!$A$1:$L$1,0))} -> FAIRMONT | K12: {=INDEX('PASSENGER LIST 27Aug_SUM'!$A$1:$L$3170,MATCH('15SEP.HERITAGE.A1'!$C12,'PASSENGER LIST 27Aug_SUM'!$B$1:$B$3170,0),MATCH('15SEP.HERITAGE.A1'!K$2,'PASSENGER LIST 27Aug_SUM'!$A$1:$L$1,0))} -> K-HERITAGE | L12: {=INDEX('PASSENGER LIST 27Aug_SUM'!$A$1:$L$3170,MATCH('15SEP.HERITAGE.A1'!$C12,'PASSENGER LIST 27Aug_SUM'!$B$1:$B$3170,0),MATCH('15SEP.HERITAGE.A1'!L$2,'PASSENGER LIST 27Aug_SUM'!$A$1:$L$1,0))} -> No | M12: 45915 | N12: {=INDEX('PASSENGER LIST 27Aug_SUM'!$A$1:$M$3170,MATCH('15SEP.HERITAGE.A1'!$C12,'PASSENGER LIST 27Aug_SUM'!$B$1:$B$3170,0),MATCH('15SEP.HERITAGE.A1'!N$2,'PASSENGER LIST 27Aug_SUM'!$A$1:$M$1,0))} -> 0
A13: 11 | B13: {=INDEX('PASSENGER LIST 27Aug_SUM'!$A$1:$L$3170,MATCH('15SEP.HERITAGE.A1'!$C13,'PASSENGER LIST 27Aug_SUM'!$B$1:$B$3170,0),MATCH('15SEP.HERITAGE.A1'!B$2,'PASSENGER LIST 27Aug_SUM'!$A$1:$L$1,0))} -> A1 | C13: YGN2VRCZLNZ | D13: {=INDEX('PASSENGER LIST 27Aug_SUM'!$A$1:$L$3170,MATCH('15SEP.HERITAGE.A1'!$C13,'PASSENGER LIST 27Aug_SUM'!$B$1:$B$3170,0),MATCH('15SEP.HERITAGE.A1'!D$2,'PASSENGER LIST 27Aug_SUM'!$A$1:$L$1,0))} -> RHN7V4L7PJV | E13: {=INDEX('PASSENGER LIST 27Aug_SUM'!$A$1:$L$3170,MATCH('15SEP.HERITAGE.A1'!$C13,'PASSENGER LIST 27Aug_SUM'!$B$1:$B$3170,0),MATCH('15SEP.HERITAGE.A1'!E$2,'PASSENGER LIST 27Aug_SUM'!$A$1:$L$1,0))} -> Northington Lanice | F13: {=INDEX('PASSENGER LIST 27Aug_SUM'!$A$1:$L$3170,MATCH('15SEP.HERITAGE.A1'!$C13,'PASSENGER LIST 27Aug_SUM'!$B$1:$B$3170,0),MATCH('15SEP.HERITAGE.A1'!F$2,'PASSENGER LIST 27Aug_SUM'!$A$1:$L$1,0))} -> Shaina | G13: {=INDEX('PASSENGER LIST 27Aug_SUM'!$A$1:$L$3170,MATCH('15SEP.HERITAGE.A1'!$C13,'PASSENGER LIST 27Aug_SUM'!$B$1:$B$3170,0),MATCH('15SEP.HERITAGE.A1'!G$2,'PASSENGER LIST 27Aug_SUM'!$A$1:$L$1,0))} -> Female | H13: {=INDEX('PASSENGER LIST 27Aug_SUM'!$A$1:$L$3170,MATCH('15SEP.HERITAGE.A1'!$C13,'PASSENGER LIST 27Aug_SUM'!$B$1:$B$3170,0),MATCH('15SEP.HERITAGE.A1'!H$2,'PASSENGER LIST 27Aug_SUM'!$A$1:$L$1,0))} -> USA | I13: {=INDEX('PASSENGER LIST 27Aug_SUM'!$A$1:$L$3170,MATCH('15SEP.HERITAGE.A1'!$C13,'PASSENGER LIST 27Aug_SUM'!$B$1:$B$3170,0),MATCH('15SEP.HERITAGE.A1'!I$2,'PASSENGER LIST 27Aug_SUM'!$A$1:$L$1,0))} -> 36 | J13: {=INDEX('PASSENGER LIST 27Aug_SUM'!$A$1:$L$3170,MATCH('15SEP.HERITAGE.A1'!$C13,'PASSENGER LIST 27Aug_SUM'!$B$1:$B$3170,0),MATCH('15SEP.HERITAGE.A1'!J$2,'PASSENGER LIST 27Aug_SUM'!$A$1:$L$1,0))} -> FAIRMONT | K13: {=INDEX('PASSENGER LIST 27Aug_SUM'!$A$1:$L$3170,MATCH('15SEP.HERITAGE.A1'!$C13,'PASSENGER LIST 27Aug_SUM'!$B$1:$B$3170,0),MATCH('15SEP.HERITAGE.A1'!K$2,'PASSENGER LIST 27Aug_SUM'!$A$1:$L$1,0))} -> K-HERITAGE | L13: {=INDEX('PASSENGER LIST 27Aug_SUM'!$A$1:$L$3170,MATCH('15SEP.HERITAGE.A1'!$C13,'PASSENGER LIST 27Aug_SUM'!$B$1:$B$3170,0),MATCH('15SEP.HERITAGE.A1'!L$2,'PASSENGER LIST 27Aug_SUM'!$A$1:$L$1,0))} -> No | M13: 45915 | N13: {=INDEX('PASSENGER LIST 27Aug_SUM'!$A$1:$M$3170,MATCH('15SEP.HERITAGE.A1'!$C13,'PASSENGER LIST 27Aug_SUM'!$B$1:$B$3170,0),MATCH('15SEP.HERITAGE.A1'!N$2,'PASSENGER LIST 27Aug_SUM'!$A$1:$M$1,0))} -> 0
A14: 12 | B14: {=INDEX('PASSENGER LIST 27Aug_SUM'!$A$1:$L$3170,MATCH('15SEP.HERITAGE.A1'!$C14,'PASSENGER LIST 27Aug_SUM'!$B$1:$B$3170,0),MATCH('15SEP.HERITAGE.A1'!B$2,'PASSENGER LIST 27Aug_SUM'!$A$1:$L$1,0))} -> A1 | C14: FGN2NZ6CGKG | D14: {=INDEX('PASSENGER LIST 27Aug_SUM'!$A$1:$L$3170,MATCH('15SEP.HERITAGE.A1'!$C14,'PASSENGER LIST 27Aug_SUM'!$B$1:$B$3170,0),MATCH('15SEP.HERITAGE.A1'!D$2,'PASSENGER LIST 27Aug_SUM'!$A$1:$L$1,0))} -> RHN7V4L7PJV | E14: {=INDEX('PASSENGER LIST 27Aug_SUM'!$A$1:$L$3170,MATCH('15SEP.HERITAGE.A1'!$C14,'PASSENGER LIST 27Aug_SUM'!$B$1:$B$3170,0),MATCH('15SEP.HERITAGE.A1'!E$2,'PASSENGER LIST 27Aug_SUM'!$A$1:$L$1,0))} -> Eddie Emmanuel | F14: {=INDEX('PASSENGER LIST 27Aug_SUM'!$A$1:$L$3170,MATCH('15SEP.HERITAGE.A1'!$C14,'PASSENGER LIST 27Aug_SUM'!$B$1:$B$3170,0),MATCH('15SEP.HERITAGE.A1'!F$2,'PASSENGER LIST 27Aug_SUM'!$A$1:$L$1,0))} -> Northington | G14: {=INDEX('PASSENGER LIST 27Aug_SUM'!$A$1:$L$3170,MATCH('15SEP.HERITAGE.A1'!$C14,'PASSENGER LIST 27Aug_SUM'!$B$1:$B$3170,0),MATCH('15SEP.HERITAGE.A1'!G$2,'PASSENGER LIST 27Aug_SUM'!$A$1:$L$1,0))} -> Male | H14: {=INDEX('PASSENGER LIST 27Aug_SUM'!$A$1:$L$3170,MATCH('15SEP.HERITAGE.A1'!$C14,'PASSENGER LIST 27Aug_SUM'!$B$1:$B$3170,0),MATCH('15SEP.HERITAGE.A1'!H$2,'PASSENGER LIST 27Aug_SUM'!$A$1:$L$1,0))} -> USA | I14: {=INDEX('PASSENGER LIST 27Aug_SUM'!$A$1:$L$3170,MATCH('15SEP.HERITAGE.A1'!$C14,'PASSENGER LIST 27Aug_SUM'!$B$1:$B$3170,0),MATCH('15SEP.HERITAGE.A1'!I$2,'PASSENGER LIST 27Aug_SUM'!$A$1:$L$1,0))} -> 12 | J14: {=INDEX('PASSENGER LIST 27Aug_SUM'!$A$1:$L$3170,MATCH('15SEP.HERITAGE.A1'!$C14,'PASSENGER LIST 27Aug_SUM'!$B$1:$B$3170,0),MATCH('15SEP.HERITAGE.A1'!J$2,'PASSENGER LIST 27Aug_SUM'!$A$1:$L$1,0))} -> FAIRMONT | K14: {=INDEX('PASSENGER LIST 27Aug_SUM'!$A$1:$L$3170,MATCH('15SEP.HERITAGE.A1'!$C14,'PASSENGER LIST 27Aug_SUM'!$B$1:$B$3170,0),MATCH('15SEP.HERITAGE.A1'!K$2,'PASSENGER LIST 27Aug_SUM'!$A$1:$L$1,0))} -> K-HERITAGE | L14: {=INDEX('PASSENGER LIST 27Aug_SUM'!$A$1:$L$3170,MATCH('15SEP.HERITAGE.A1'!$C14,'PASSENGER LIST 27Aug_SUM'!$B$1:$B$3170,0),MATCH('15SEP.HERITAGE.A1'!L$2,'PASSENGER LIST 27Aug_SUM'!$A$1:$L$1,0))} -> No | M14: 45915 | N14: {=INDEX('PASSENGER LIST 27Aug_SUM'!$A$1:$M$3170,MATCH('15SEP.HERITAGE.A1'!$C14,'PASSENGER LIST 27Aug_SUM'!$B$1:$B$3170,0),MATCH('15SEP.HERITAGE.A1'!N$2,'PASSENGER LIST 27Aug_SUM'!$A$1:$M$1,0))} -> 0
... A56: 54 | B56: {=INDEX('PASSENGER LIST 27Aug_SUM'!$A$1:$L$3170,MATCH('15SEP.HERITAGE.A1'!$C56,'PASSENGER LIST 27Aug_SUM'!$B$1:$B$3170,0),MATCH('15SEP.HERITAGE.A1'!B$2,'PASSENGER LIST 27Aug_SUM'!$A$1:$L$1,0))} -> A1 | C56: 2JNTSWHWWSN | D56: {=INDEX('PASSENGER LIST 27Aug_SUM'!$A$1:$L$3170,MATCH('15SEP.HERITAGE.A1'!$C56,'PASSENGER LIST 27Aug_SUM'!$B$1:$B$3170,0),MATCH('15SEP.HERITAGE.A1'!D$2,'PASSENGER LIST 27Aug_SUM'!$A$1:$L$1,0))} -> 2JNTSWHWWSN | E56: {=INDEX('PASSENGER LIST 27Aug_SUM'!$A$1:$L$3170,MATCH('15SEP.HERITAGE.A1'!$C56,'PASSENGER LIST 27Aug_SUM'!$B$1:$B$3170,0),MATCH('15SEP.HERITAGE.A1'!E$2,'PASSENGER LIST 27Aug_SUM'!$A$1:$L$1,0))} -> Nathalie | F56: {=INDEX('PASSENGER LIST 27Aug_SUM'!$A$1:$L$3170,MATCH('15SEP.HERITAGE.A1'!$C56,'PASSENGER LIST 27Aug_SUM'!$B$1:$B$3170,0),MATCH('15SEP.HERITAGE.A1'!F$2,'PASSENGER LIST 27Aug_SUM'!$A$1:$L$1,0))} -> Courtois | G56: {=INDEX('PASSENGER LIST 27Aug_SUM'!$A$1:$L$3170,MATCH('15SEP.HERITAGE.A1'!$C56,'PASSENGER LIST 27Aug_SUM'!$B$1:$B$3170,0),MATCH('15SEP.HERITAGE.A1'!G$2,'PASSENGER LIST 27Aug_SUM'!$A$1:$L$1,0))} -> Female | H56: {=INDEX('PASSENGER LIST 27Aug_SUM'!$A$1:$L$3170,MATCH('15SEP.HERITAGE.A1'!$C56,'PASSENGER LIST 27Aug_SUM'!$B$1:$B$3170,0),MATCH('15SEP.HERITAGE.A1'!H$2,'PASSENGER LIST 27Aug_SUM'!$A$1:$L$1,0))} -> USA | I56: {=INDEX('PASSENGER LIST 27Aug_SUM'!$A$1:$L$3170,MATCH('15SEP.HERITAGE.A1'!$C56,'PASSENGER LIST 27Aug_SUM'!$B$1:$B$3170,0),MATCH('15SEP.HERITAGE.A1'!I$2,'PASSENGER LIST 27Aug_SUM'!$A$1:$L$1,0))} -> 44 | J56: {=INDEX('PASSENGER LIST 27Aug_SUM'!$A$1:$L$3170,MATCH('15SEP.HERITAGE.A1'!$C56,'PASSENGER LIST 27Aug_SUM'!$B$1:$B$3170,0),MATCH('15SEP.HERITAGE.A1'!J$2,'PASSENGER LIST 27Aug_SUM'!$A$1:$L$1,0))} -> JW MARRIOTT | K56: {=INDEX('PASSENGER LIST 27Aug_SUM'!$A$1:$L$3170,MATCH('15SEP.HERITAGE.A1'!$C56,'PASSENGER LIST 27Aug_SUM'!$B$1:$B$3170,0),MATCH('15SEP.HERITAGE.A1'!K$2,'PASSENGER LIST 27Aug_SUM'!$A$1:$L$1,0))} -> K-HERITAGE | L56: {=INDEX('PASSENGER LIST 27Aug_SUM'!$A$1:$L$3170,MATCH('15SEP.HERITAGE.A1'!$C56,'PASSENGER LIST 27Aug_SUM'!$B$1:$B$3170,0),MATCH('15SEP.HERITAGE.A1'!L$2,'PASSENGER LIST 27Aug_SUM'!$A$1:$L$1,0))} -> No | M56: 45915 | N56: {=INDEX('PASSENGER LIST 27Aug_SUM'!$A$1:$M$3170,MATCH('15SEP.HERITAGE.A1'!$C56,'PASSENGER LIST 27Aug_SUM'!$B$1:$B$3170,0),MATCH('15SEP.HERITAGE.A1'!N$2,'PASSENGER LIST 27Aug_SUM'!$A$1:$M$1,0))} -> 0
A57: 55 | B57: {=INDEX('PASSENGER LIST 27Aug_SUM'!$A$1:$L$3170,MATCH('15SEP.HERITAGE.A1'!$C57,'PASSENGER LIST 27Aug_SUM'!$B$1:$B$3170,0),MATCH('15SEP.HERITAGE.A1'!B$2,'PASSENGER LIST 27Aug_SUM'!$A$1:$L$1,0))} -> A1 | C57: 9VNT89GGYRB | D57: {=INDEX('PASSENGER LIST 27Aug_SUM'!$A$1:$L$3170,MATCH('15SEP.HERITAGE.A1'!$C57,'PASSENGER LIST 27Aug_SUM'!$B$1:$B$3170,0),MATCH('15SEP.HERITAGE.A1'!D$2,'PASSENGER LIST 27Aug_SUM'!$A$1:$L$1,0))} -> 2JNTSWHWWSN | E57: {=INDEX('PASSENGER LIST 27Aug_SUM'!$A$1:$L$3170,MATCH('15SEP.HERITAGE.A1'!$C57,'PASSENGER LIST 27Aug_SUM'!$B$1:$B$3170,0),MATCH('15SEP.HERITAGE.A1'!E$2,'PASSENGER LIST 27Aug_SUM'!$A$1:$L$1,0))} -> Simon Cordell Demetrius | F57: {=INDEX('PASSENGER LIST 27Aug_SUM'!$A$1:$L$3170,MATCH('15SEP.HERITAGE.A1'!$C57,'PASSENGER LIST 27Aug_SUM'!$B$1:$B$3170,0),MATCH('15SEP.HERITAGE.A1'!F$2,'PASSENGER LIST 27Aug_SUM'!$A$1:$L$1,0))} -> Stanley Jr | G57: {=INDEX('PASSENGER LIST 27Aug_SUM'!$A$1:$L$3170,MATCH('15SEP.HERITAGE.A1'!$C57,'PASSENGER LIST 27Aug_SUM'!$B$1:$B$3170,0),MATCH('15SEP.HERITAGE.A1'!G$2,'PASSENGER LIST 27Aug_SUM'!$A$1:$L$1,0))} -> Male | H57: {=INDEX('PASSENGER LIST 27Aug_SUM'!$A$1:$L$3170,MATCH('15SEP.HERITAGE.A1'!$C57,'PASSENGER LIST 27Aug_SUM'!$B$1:$B$3170,0),MATCH('15SEP.HERITAGE.A1'!H$2,'PASSENGER LIST 27Aug_SUM'!$A$1:$L$1,0))} -> USA | I57: {=INDEX('PASSENGER LIST 27Aug_SUM'!$A$1:$L$3170,MATCH('15SEP.HERITAGE.A1'!$C57,'PASSENGER LIST 27Aug_SUM'!$B$1:$B$3170,0),MATCH('15SEP.HERITAGE.A1'!I$2,'PASSENGER LIST 27Aug_SUM'!$A$1:$L$1,0))} -> 17 | J57: {=INDEX('PASSENGER LIST 27Aug_SUM'!$A$1:$L$3170,MATCH('15SEP.HERITAGE.A1'!$C57,'PASSENGER LIST 27Aug_SUM'!$B$1:$B$3170,0),MATCH('15SEP.HERITAGE.A1'!J$2,'PASSENGER LIST 27Aug_SUM'!$A$1:$L$1,0))} -> JW MARRIOTT | K57: {=INDEX('PASSENGER LIST 27Aug_SUM'!$A$1:$L$3170,MATCH('15SEP.HERITAGE.A1'!$C57,'PASSENGER LIST 27Aug_SUM'!$B$1:$B$3170,0),MATCH('15SEP.HERITAGE.A1'!K$2,'PASSENGER LIST 27Aug_SUM'!$A$1:$L$1,0))} -> K-HERITAGE | L57: {=INDEX('PASSENGER LIST 27Aug_SUM'!$A$1:$L$3170,MATCH('15SEP.HERITAGE.A1'!$C57,'PASSENGER LIST 27Aug_SUM'!$B$1:$B$3170,0),MATCH('15SEP.HERITAGE.A1'!L$2,'PASSENGER LIST 27Aug_SUM'!$A$1:$L$1,0))} -> 0 | M57: 45915 | N57: {=INDEX('PASSENGER LIST 27Aug_SUM'!$A$1:$M$3170,MATCH('15SEP.HERITAGE.A1'!$C57,'PASSENGER LIST 27Aug_SUM'!$B$1:$B$3170,0),MATCH('15SEP.HERITAGE.A1'!N$2,'PASSENGER LIST 27Aug_SUM'!$A$1:$M$1,0))} -> 0 | O57: 27Aug: new guest
A58: 56 | B58: {=INDEX('PASSENGER LIST 27Aug_SUM'!$A$1:$L$3170,MATCH('15SEP.HERITAGE.A1'!$C58,'PASSENGER LIST 27Aug_SUM'!$B$1:$B$3170,0),MATCH('15SEP.HERITAGE.A1'!B$2,'PASSENGER LIST 27Aug_SUM'!$A$1:$L$1,0))} -> A1 | C58: 8WNWS5WWX5W | D58: {=INDEX('PASSENGER LIST 27Aug_SUM'!$A$1:$L$3170,MATCH('15SEP.HERITAGE.A1'!$C58,'PASSENGER LIST 27Aug_SUM'!$B$1:$B$3170,0),MATCH('15SEP.HERITAGE.A1'!D$2,'PASSENGER LIST 27Aug_SUM'!$A$1:$L$1,0))} -> 7XNWG3WNHBT | E58: {=INDEX('PASSENGER LIST 27Aug_SUM'!$A$1:$L$3170,MATCH('15SEP.HERITAGE.A1'!$C58,'PASSENGER LIST 27Aug_SUM'!$B$1:$B$3170,0),MATCH('15SEP.HERITAGE.A1'!E$2,'PASSENGER LIST 27Aug_SUM'!$A$1:$L$1,0))} -> Anais Xue Jing | F58: {=INDEX('PASSENGER LIST 27Aug_SUM'!$A$1:$L$3170,MATCH('15SEP.HERITAGE.A1'!$C58,'PASSENGER LIST 27Aug_SUM'!$B$1:$B$3170,0),MATCH('15SEP.HERITAGE.A1'!F$2,'PASSENGER LIST 27Aug_SUM'!$A$1:$L$1,0))} -> Vezian | G58: {=INDEX('PASSENGER LIST 27Aug_SUM'!$A$1:$L$3170,MATCH('15SEP.HERITAGE.A1'!$C58,'PASSENGER LIST 27Aug_SUM'!$B$1:$B$3170,0),MATCH('15SEP.HERITAGE.A1'!G$2,'PASSENGER LIST 27Aug_SUM'!$A$1:$L$1,0))} -> Female | H58: {=INDEX('PASSENGER LIST 27Aug_SUM'!$A$1:$L$3170,MATCH('15SEP.HERITAGE.A1'!$C58,'PASSENGER LIST 27Aug_SUM'!$B$1:$B$3170,0),MATCH('15SEP.HERITAGE.A1'!H$2,'PASSENGER LIST 27Aug_SUM'!$A$1:$L$1,0))} -> USA | I58: {=INDEX('PASSENGER LIST 27Aug_SUM'!$A$1:$L$3170,MATCH('15SEP.HERITAGE.A1'!$C58,'PASSENGER LIST 27Aug_SUM'!$B$1:$B$3170,0),MATCH('15SEP.HERITAGE.A1'!I$2,'PASSENGER LIST 27Aug_SUM'!$A$1:$L$1,0))} -> 23 | J58: {=INDEX('PASSENGER LIST 27Aug_SUM'!$A$1:$L$3170,MATCH('15SEP.HERITAGE.A1'!$C58,'PASSENGER LIST 27Aug_SUM'!$B$1:$B$3170,0),MATCH('15SEP.HERITAGE.A1'!J$2,'PASSENGER LIST 27Aug_SUM'!$A$1:$L$1,0))} -> JW MARRIOTT | K58: {=INDEX('PASSENGER LIST 27Aug_SUM'!$A$1:$L$3170,MATCH('15SEP.HERITAGE.A1'!$C58,'PASSENGER LIST 27Aug_SUM'!$B$1:$B$3170,0),MATCH('15SEP.HERITAGE.A1'!K$2,'PASSENGER LIST 27Aug_SUM'!$A$1:$L$1,0))} -> K-HERITAGE | L58: {=INDEX('PASSENGER LIST 27Aug_SUM'!$A$1:$L$3170,MATCH('15SEP.HERITAGE.A1'!$C58,'PASSENGER LIST 27Aug_SUM'!$B$1:$B$3170,0),MATCH('15SEP.HERITAGE.A1'!L$2,'PASSENGER LIST 27Aug_SUM'!$A$1:$L$1,0))} -> No | M58: 45915 | N58: {=INDEX('PASSENGER LIST 27Aug_SUM'!$A$1:$M$3170,MATCH('15SEP.HERITAGE.A1'!$C58,'PASSENGER LIST 27Aug_SUM'!$B$1:$B$3170,0),MATCH('15SEP.HERITAGE.A1'!N$2,'PASSENGER LIST 27Aug_SUM'!$A$1:$M$1,0))} -> 0
A59: 57 | B59: {=INDEX('PASSENGER LIST 27Aug_SUM'!$A$1:$L$3170,MATCH('15SEP.HERITAGE.A1'!$C59,'PASSENGER LIST 27Aug_SUM'!$B$1:$B$3170,0),MATCH('15SEP.HERITAGE.A1'!B$2,'PASSENGER LIST 27Aug_SUM'!$A$1:$L$1,0))} -> A1 | C59: M4NP8Z6SP5Y | D59: {=INDEX('PASSENGER LIST 27Aug_SUM'!$A$1:$L$3170,MATCH('15SEP.HERITAGE.A1'!$C59,'PASSENGER LIST 27Aug_SUM'!$B$1:$B$3170,0),MATCH('15SEP.HERITAGE.A1'!D$2,'PASSENGER LIST 27Aug_SUM'!$A$1:$L$1,0))} -> 7XNWG3WNHBT | E59: {=INDEX('PASSENGER LIST 27Aug_SUM'!$A$1:$L$3170,MATCH('15SEP.HERITAGE.A1'!$C59,'PASSENGER LIST 27Aug_SUM'!$B$1:$B$3170,0),MATCH('15SEP.HERITAGE.A1'!E$2,'PASSENGER LIST 27Aug_SUM'!$A$1:$L$1,0))} -> Marc Etienne Jean | F59: {=INDEX('PASSENGER LIST 27Aug_SUM'!$A$1:$L$3170,MATCH('15SEP.HERITAGE.A1'!$C59,'PASSENGER LIST 27Aug_SUM'!$B$1:$B$3170,0),MATCH('15SEP.HERITAGE.A1'!F$2,'PASSENGER LIST 27Aug_SUM'!$A$1:$L$1,0))} -> Vezian | G59: {=INDEX('PASSENGER LIST 27Aug_SUM'!$A$1:$L$3170,MATCH('15SEP.HERITAGE.A1'!$C59,'PASSENGER LIST 27Aug_SUM'!$B$1:$B$3170,0),MATCH('15SEP.HERITAGE.A1'!G$2,'PASSENGER LIST 27Aug_SUM'!$A$1:$L$1,0))} -> Male | H59: {=INDEX('PASSENGER LIST 27Aug_SUM'!$A$1:$L$3170,MATCH('15SEP.HERITAGE.A1'!$C59,'PASSENGER LIST 27Aug_SUM'!$B$1:$B$3170,0),MATCH('15SEP.HERITAGE.A1'!H$2,'PASSENGER LIST 27Aug_SUM'!$A$1:$L$1,0))} -> USA | I59: {=INDEX('PASSENGER LIST 27Aug_SUM'!$A$1:$L$3170,MATCH('15SEP.HERITAGE.A1'!$C59,'PASSENGER LIST 27Aug_SUM'!$B$1:$B$3170,0),MATCH('15SEP.HERITAGE.A1'!I$2,'PASSENGER LIST 27Aug_SUM'!$A$1:$L$1,0))} -> 59 | J59: {=INDEX('PASSENGER LIST 27Aug_SUM'!$A$1:$L$3170,MATCH('15SEP.HERITAGE.A1'!$C59,'PASSENGER LIST 27Aug_SUM'!$B$1:$B$3170,0),MATCH('15SEP.HERITAGE.A1'!J$2,'PASSENGER LIST 27Aug_SUM'!$A$1:$L$1,0))} -> JW MARRIOTT | K59: {=INDEX('PASSENGER LIST 27Aug_SUM'!$A$1:$L$3170,MATCH('15SEP.HERITAGE.A1'!$C59,'PASSENGER LIST 27Aug_SUM'!$B$1:$B$3170,0),MATCH('15SEP.HERITAGE.A1'!K$2,'PASSENGER LIST 27Aug_SUM'!$A$1:$L$1,0))} -> K-HERITAGE | L59: {=INDEX('PASSENGER LIST 27Aug_SUM'!$A$1:$L$3170,MATCH('15SEP.HERITAGE.A1'!$C59,'PASSENGER LIST 27Aug_SUM'!$B$1:$B$3170,0),MATCH('15SEP.HERITAGE.A1'!L$2,'PASSENGER LIST 27Aug_SUM'!$A$1:$L$1,0))} -> No | M59: 45915 | N59: {=INDEX('PASSENGER LIST 27Aug_SUM'!$A$1:$M$3170,MATCH('15SEP.HERITAGE.A1'!$C59,'PASSENGER LIST 27Aug_SUM'!$B$1:$B$3170,0),MATCH('15SEP.HERITAGE.A1'!N$2,'PASSENGER LIST 27Aug_SUM'!$A$1:$M$1,0))} -> 0
A60: 58 | B60: {=INDEX('PASSENGER LIST 27Aug_SUM'!$A$1:$L$3170,MATCH('15SEP.HERITAGE.A1'!$C60,'PASSENGER LIST 27Aug_SUM'!$B$1:$B$3170,0),MATCH('15SEP.HERITAGE.A1'!B$2,'PASSENGER LIST 27Aug_SUM'!$A$1:$L$1,0))} -> A1 | C60: TVN5H6FCHW5 | D60: {=INDEX('PASSENGER LIST 27Aug_SUM'!$A$1:$L$3170,MATCH('15SEP.HERITAGE.A1'!$C60,'PASSENGER LIST 27Aug_SUM'!$B$1:$B$3170,0),MATCH('15SEP.HERITAGE.A1'!D$2,'PASSENGER LIST 27Aug_SUM'!$A$1:$L$1,0))} -> TVN5H6FCHW5 | E60: {=INDEX('PASSENGER LIST 27Aug_SUM'!$A$1:$L$3170,MATCH('15SEP.HERITAGE.A1'!$C60,'PASSENGER LIST 27Aug_SUM'!$B$1:$B$3170,0),MATCH('15SEP.HERITAGE.A1'!E$2,'PASSENGER LIST 27Aug_SUM'!$A$1:$L$1,0))} -> Clara Alicia | F60: {=INDEX('PASSENGER LIST 27Aug_SUM'!$A$1:$L$3170,MATCH('15SEP.HERITAGE.A1'!$C60,'PASSENGER LIST 27Aug_SUM'!$B$1:$B$3170,0),MATCH('15SEP.HERITAGE.A1'!F$2,'PASSENGER LIST 27Aug_SUM'!$A$1:$L$1,0))} -> Medrano-Avila | G60: {=INDEX('PASSENGER LIST 27Aug_SUM'!$A$1:$L$3170,MATCH('15SEP.HERITAGE.A1'!$C60,'PASSENGER LIST 27Aug_SUM'!$B$1:$B$3170,0),MATCH('15SEP.HERITAGE.A1'!G$2,'PASSENGER LIST 27Aug_SUM'!$A$1:$L$1,0))} -> Female | H60: {=INDEX('PASSENGER LIST 27Aug_SUM'!$A$1:$L$3170,MATCH('15SEP.HERITAGE.A1'!$C60,'PASSENGER LIST 27Aug_SUM'!$B$1:$B$3170,0),MATCH('15SEP.HERITAGE.A1'!H$2,'PASSENGER LIST 27Aug_SUM'!$A$1:$L$1,0))} -> USA | I60: {=INDEX('PASSENGER LIST 27Aug_SUM'!$A$1:$L$3170,MATCH('15SEP.HERITAGE.A1'!$C60,'PASSENGER LIST 27Aug_SUM'!$B$1:$B$3170,0),MATCH('15SEP.HERITAGE.A1'!I$2,'PASSENGER LIST 27Aug_SUM'!$A$1:$L$1,0))} -> 65 | J60: {=INDEX('PASSENGER LIST 27Aug_SUM'!$A$1:$L$3170,MATCH('15SEP.HERITAGE.A1'!$C60,'PASSENGER LIST 27Aug_SUM'!$B$1:$B$3170,0),MATCH('15SEP.HERITAGE.A1'!J$2,'PASSENGER LIST 27Aug_SUM'!$A$1:$L$1,0))} -> JW MARRIOTT | K60: {=INDEX('PASSENGER LIST 27Aug_SUM'!$A$1:$L$3170,MATCH('15SEP.HERITAGE.A1'!$C60,'PASSENGER LIST 27Aug_SUM'!$B$1:$B$3170,0),MATCH('15SEP.HERITAGE.A1'!K$2,'PASSENGER LIST 27Aug_SUM'!$A$1:$L$1,0))} -> K-HERITAGE | L60: {=INDEX('PASSENGER LIST 27Aug_SUM'!$A$1:$L$3170,MATCH('15SEP.HERITAGE.A1'!$C60,'PASSENGER LIST 27Aug_SUM'!$B$1:$B$3170,0),MATCH('15SEP.HERITAGE.A1'!L$2,'PASSENGER LIST 27Aug_SUM'!$A$1:$L$1,0))} -> No | M60: 45915 | N60: {=INDEX('PASSENGER LIST 27Aug_SUM'!$A$1:$M$3170,MATCH('15SEP.HERITAGE.A1'!$C60,'PASSENGER LIST 27Aug_SUM'!$B$1:$B$3170,0),MATCH('15SEP.HERITAGE.A1'!N$2,'PASSENGER LIST 27Aug_SUM'!$A$1:$M$1,0))} -> 0
A61: 59 | B61: {=INDEX('PASSENGER LIST 27Aug_SUM'!$A$1:$L$3170,MATCH('15SEP.HERITAGE.A1'!$C61,'PASSENGER LIST 27Aug_SUM'!$B$1:$B$3170,0),MATCH('15SEP.HERITAGE.A1'!B$2,'PASSENGER LIST 27Aug_SUM'!$A$1:$L$1,0))} -> A1 | C61: 3WN4T25L8FS | D61: {=INDEX('PASSENGER LIST 27Aug_SUM'!$A$1:$L$3170,MATCH('15SEP.HERITAGE.A1'!$C61,'PASSENGER LIST 27Aug_SUM'!$B$1:$B$3170,0),MATCH('15SEP.HERITAGE.A1'!D$2,'PASSENGER LIST 27Aug_SUM'!$A$1:$L$1,0))} -> TVN5H6FCHW5 | E61: {=INDEX('PASSENGER LIST 27Aug_SUM'!$A$1:$L$3170,MATCH('15SEP.HERITAGE.A1'!$C61,'PASSENGER LIST 27Aug_SUM'!$B$1:$B$3170,0),MATCH('15SEP.HERITAGE.A1'!E$2,'PASSENGER LIST 27Aug_SUM'!$A$1:$L$1,0))} -> Edward | F61: {=INDEX('PASSENGER LIST 27Aug_SUM'!$A$1:$L$3170,MATCH('15SEP.HERITAGE.A1'!$C61,'PASSENGER LIST 27Aug_SUM'!$B$1:$B$3170,0),MATCH('15SEP.HERITAGE.A1'!F$2,'PASSENGER LIST 27Aug_SUM'!$A$1:$L$1,0))} -> Avila | G61: {=INDEX('PASSENGER LIST 27Aug_SUM'!$A$1:$L$3170,MATCH('15SEP.HERITAGE.A1'!$C61,'PASSENGER LIST 27Aug_SUM'!$B$1:$B$3170,0),MATCH('15SEP.HERITAGE.A1'!G$2,'PASSENGER LIST 27Aug_SUM'!$A$1:$L$1,0))} -> Male | H61: {=INDEX('PASSENGER LIST 27Aug_SUM'!$A$1:$L$3170,MATCH('15SEP.HERITAGE.A1'!$C61,'PASSENGER LIST 27Aug_SUM'!$B$1:$B$3170,0),MATCH('15SEP.HERITAGE.A1'!H$2,'PASSENGER LIST 27Aug_SUM'!$A$1:$L$1,0))} -> USA | I61: {=INDEX('PASSENGER LIST 27Aug_SUM'!$A$1:$L$3170,MATCH('15SEP.HERITAGE.A1'!$C61,'PASSENGER LIST 27Aug_SUM'!$B$1:$B$3170,0),MATCH('15SEP.HERITAGE.A1'!I$2,'PASSENGER LIST 27Aug_SUM'!$A$1:$L$1,0))} -> 67 | J61: {=INDEX('PASSENGER LIST 27Aug_SUM'!$A$1:$L$3170,MATCH('15SEP.HERITAGE.A1'!$C61,'PASSENGER LIST 27Aug_SUM'!$B$1:$B$3170,0),MATCH('15SEP.HERITAGE.A1'!J$2,'PASSENGER LIST 27Aug_SUM'!$A$1:$L$1,0))} -> JW MARRIOTT | K61: {=INDEX('PASSENGER LIST 27Aug_SUM'!$A$1:$L$3170,MATCH('15SEP.HERITAGE.A1'!$C61,'PASSENGER LIST 27Aug_SUM'!$B$1:$B$3170,0),MATCH('15SEP.HERITAGE.A1'!K$2,'PASSENGER LIST 27Aug_SUM'!$A$1:$L$1,0))} -> K-HERITAGE | L61: {=INDEX('PASSENGER LIST 27Aug_SUM'!$A$1:$L$3170,MATCH('15SEP.HERITAGE.A1'!$C61,'PASSENGER LIST 27Aug_SUM'!$B$1:$B$3170,0),MATCH('15SEP.HERITAGE.A1'!L$2,'PASSENGER LIST 27Aug_SUM'!$A$1:$L$1,0))} -> No | M61: 45915 | N61: {=INDEX('PASSENGER LIST 27Aug_SUM'!$A$1:$M$3170,MATCH('15SEP.HERITAGE.A1'!$C61,'PASSENGER LIST 27Aug_SUM'!$B$1:$B$3170,0),MATCH('15SEP.HERITAGE.A1'!N$2,'PASSENGER LIST 27Aug_SUM'!$A$1:$M$1,0))} -> 0
A62: 60 | B62: {=INDEX('PASSENGER LIST 27Aug_SUM'!$A$1:$L$3170,MATCH('15SEP.HERITAGE.A1'!$C62,'PASSENGER LIST 27Aug_SUM'!$B$1:$B$3170,0),MATCH('15SEP.HERITAGE.A1'!B$2,'PASSENGER LIST 27Aug_SUM'!$A$1:$L$1,0))} -> A1 | C62: M3NJ3YM7MRQ | D62: {=INDEX('PASSENGER LIST 27Aug_SUM'!$A$1:$L$3170,MATCH('15SEP.HERITAGE.A1'!$C62,'PASSENGER LIST 27Aug_SUM'!$B$1:$B$3170,0),MATCH('15SEP.HERITAGE.A1'!D$2,'PASSENGER LIST 27Aug_SUM'!$A$1:$L$1,0))} -> M3NJ3YM7MRQ | E62: {=INDEX('PASSENGER LIST 27Aug_SUM'!$A$1:$L$3170,MATCH('15SEP.HERITAGE.A1'!$C62,'PASSENGER LIST 27Aug_SUM'!$B$1:$B$3170,0),MATCH('15SEP.HERITAGE.A1'!E$2,'PASSENGER LIST 27Aug_SUM'!$A$1:$L$1,0))} -> Gilbert | F62: {=INDEX('PASSENGER LIST 27Aug_SUM'!$A$1:$L$3170,MATCH('15SEP.HERITAGE.A1'!$C62,'PASSENGER LIST 27Aug_SUM'!$B$1:$B$3170,0),MATCH('15SEP.HERITAGE.A1'!F$2,'PASSENGER LIST 27Aug_SUM'!$A$1:$L$1,0))} -> Yzaguirre | G62: {=INDEX('PASSENGER LIST 27Aug_SUM'!$A$1:$L$3170,MATCH('15SEP.HERITAGE.A1'!$C62,'PASSENGER LIST 27Aug_SUM'!$B$1:$B$3170,0),MATCH('15SEP.HERITAGE.A1'!G$2,'PASSENGER LIST 27Aug_SUM'!$A$1:$L$1,0))} -> Male | H62: {=INDEX('PASSENGER LIST 27Aug_SUM'!$A$1:$L$3170,MATCH('15SEP.HERITAGE.A1'!$C62,'PASSENGER LIST 27Aug_SUM'!$B$1:$B$3170,0),MATCH('15SEP.HERITAGE.A1'!H$2,'PASSENGER LIST 27Aug_SUM'!$A$1:$L$1,0))} -> USA | I62: {=INDEX('PASSENGER LIST 27Aug_SUM'!$A$1:$L$3170,MATCH('15SEP.HERITAGE.A1'!$C62,'PASSENGER LIST 27Aug_SUM'!$B$1:$B$3170,0),MATCH('15SEP.HERITAGE.A1'!I$2,'PASSENGER LIST 27Aug_SUM'!$A$1:$L$1,0))} -> 63 | J62: {=INDEX('PASSENGER LIST 27Aug_SUM'!$A$1:$L$3170,MATCH('15SEP.HERITAGE.A1'!$C62,'PASSENGER LIST 27Aug_SUM'!$B$1:$B$3170,0),MATCH('15SEP.HERITAGE.A1'!J$2,'PASSENGER LIST 27Aug_SUM'!$A$1:$L$1,0))} -> JW MARRIOTT | K62: {=INDEX('PASSENGER LIST 27Aug_SUM'!$A$1:$L$3170,MATCH('15SEP.HERITAGE.A1'!$C62,'PASSENGER LIST 27Aug_SUM'!$B$1:$B$3170,0),MATCH('15SEP.HERITAGE.A1'!K$2,'PASSENGER LIST 27Aug_SUM'!$A$1:$L$1,0))} -> K-HERITAGE | L62: {=INDEX('PASSENGER LIST 27Aug_SUM'!$A$1:$L$3170,MATCH('15SEP.HERITAGE.A1'!$C62,'PASSENGER LIST 27Aug_SUM'!$B$1:$B$3170,0),MATCH('15SEP.HERITAGE.A1'!L$2,'PASSENGER LIST 27Aug_SUM'!$A$1:$L$1,0))} -> No | M62: 45915 | N62: {=INDEX('PASSENGER LIST 27Aug_SUM'!$A$1:$M$3170,MATCH('15SEP.HERITAGE.A1'!$C62,'PASSENGER LIST 27Aug_SUM'!$B$1:$B$3170,0),MATCH('15SEP.HERITAGE.A1'!N$2,'PASSENGER LIST 27Aug_SUM'!$A$1:$M$1,0))} -> 0
A63: 61 | B63: {=INDEX('PASSENGER LIST 27Aug_SUM'!$A$1:$L$3170,MATCH('15SEP.HERITAGE.A1'!$C63,'PASSENGER LIST 27Aug_SUM'!$B$1:$B$3170,0),MATCH('15SEP.HERITAGE.A1'!B$2,'PASSENGER LIST 27Aug_SUM'!$A$1:$L$1,0))} -> A1 | C63: LWN6YFBSCLD | D63: {=INDEX('PASSENGER LIST 27Aug_SUM'!$A$1:$L$3170,MATCH('15SEP.HERITAGE.A1'!$C63,'PASSENGER LIST 27Aug_SUM'!$B$1:$B$3170,0),MATCH('15SEP.HERITAGE.A1'!D$2,'PASSENGER LIST 27Aug_SUM'!$A$1:$L$1,0))} -> M3NJ3YM7MRQ | E63: {=INDEX('PASSENGER LIST 27Aug_SUM'!$A$1:$L$3170,MATCH('15SEP.HERITAGE.A1'!$C63,'PASSENGER LIST 27Aug_SUM'!$B$1:$B$3170,0),MATCH('15SEP.HERITAGE.A1'!E$2,'PASSENGER LIST 27Aug_SUM'!$A$1:$L$1,0))} -> Luz Veronica | F63: {=INDEX('PASSENGER LIST 27Aug_SUM'!$A$1:$L$3170,MATCH('15SEP.HERITAGE.A1'!$C63,'PASSENGER LIST 27Aug_SUM'!$B$1:$B$3170,0),MATCH('15SEP.HERITAGE.A1'!F$2,'PASSENGER LIST 27Aug_SUM'!$A$1:$L$1,0))} -> Siqueiros | G63: {=INDEX('PASSENGER LIST 27Aug_SUM'!$A$1:$L$3170,MATCH('15SEP.HERITAGE.A1'!$C63,'PASSENGER LIST 27Aug_SUM'!$B$1:$B$3170,0),MATCH('15SEP.HERITAGE.A1'!G$2,'PASSENGER LIST 27Aug_SUM'!$A$1:$L$1,0))} -> Female | H63: {=INDEX('PASSENGER LIST 27Aug_SUM'!$A$1:$L$3170,MATCH('15SEP.HERITAGE.A1'!$C63,'PASSENGER LIST 27Aug_SUM'!$B$1:$B$3170,0),MATCH('15SEP.HERITAGE.A1'!H$2,'PASSENGER LIST 27Aug_SUM'!$A$1:$L$1,0))} -> USA | I63: {=INDEX('PASSENGER LIST 27Aug_SUM'!$A$1:$L$3170,MATCH('15SEP.HERITAGE.A1'!$C63,'PASSENGER LIST 27Aug_SUM'!$B$1:$B$3170,0),MATCH('15SEP.HERITAGE.A1'!I$2,'PASSENGER LIST 27Aug_SUM'!$A$1:$L$1,0))} -> 49 | J63: {=INDEX('PASSENGER LIST 27Aug_SUM'!$A$1:$L$3170,MATCH('15SEP.HERITAGE.A1'!$C63,'PASSENGER LIST 27Aug_SUM'!$B$1:$B$3170,0),MATCH('15SEP.HERITAGE.A1'!J$2,'PASSENGER LIST 27Aug_SUM'!$A$1:$L$1,0))} -> JW MARRIOTT | K63: {=INDEX('PASSENGER LIST 27Aug_SUM'!$A$1:$L$3170,MATCH('15SEP.HERITAGE.A1'!$C63,'PASSENGER LIST 27Aug_SUM'!$B$1:$B$3170,0),MATCH('15SEP.HERITAGE.A1'!K$2,'PASSENGER LIST 27Aug_SUM'!$A$1:$L$1,0))} -> K-HERITAGE | L63: {=INDEX('PASSENGER LIST 27Aug_SUM'!$A$1:$L$3170,MATCH('15SEP.HERITAGE.A1'!$C63,'PASSENGER LIST 27Aug_SUM'!$B$1:$B$3170,0),MATCH('15SEP.HERITAGE.A1'!L$2,'PASSENGER LIST 27Aug_SUM'!$A$1:$L$1,0))} -> No | M63: 45915 | N63: {=INDEX('PASSENGER LIST 27Aug_SUM'!$A$1:$M$3170,MATCH('15SEP.HERITAGE.A1'!$C63,'PASSENGER LIST 27Aug_SUM'!$B$1:$B$3170,0),MATCH('15SEP.HERITAGE.A1'!N$2,'PASSENGER LIST 27Aug_SUM'!$A$1:$M$1,0))} -> 0
A64: 62 | B64: {=INDEX('PASSENGER LIST 27Aug_SUM'!$A$1:$L$3170,MATCH('15SEP.HERITAGE.A1'!$C64,'PASSENGER LIST 27Aug_SUM'!$B$1:$B$3170,0),MATCH('15SEP.HERITAGE.A1'!B$2,'PASSENGER LIST 27Aug_SUM'!$A$1:$L$1,0))} -> A1 | C64: MXN8BWBJK8T | D64: {=INDEX('PASSENGER LIST 27Aug_SUM'!$A$1:$L$3170,MATCH('15SEP.HERITAGE.A1'!$C64,'PASSENGER LIST 27Aug_SUM'!$B$1:$B$3170,0),MATCH('15SEP.HERITAGE.A1'!D$2,'PASSENGER LIST 27Aug_SUM'!$A$1:$L$1,0))} -> MXN8BWBJK8T | E64: {=INDEX('PASSENGER LIST 27Aug_SUM'!$A$1:$L$3170,MATCH('15SEP.HERITAGE.A1'!$C64,'PASSENGER LIST 27Aug_SUM'!$B$1:$B$3170,0),MATCH('15SEP.HERITAGE.A1'!E$2,'PASSENGER LIST 27Aug_SUM'!$A$1:$L$1,0))} -> Siu Yu | F64: {=INDEX('PASSENGER LIST 27Aug_SUM'!$A$1:$L$3170,MATCH('15SEP.HERITAGE.A1'!$C64,'PASSENGER LIST 27Aug_SUM'!$B$1:$B$3170,0),MATCH('15SEP.HERITAGE.A1'!F$2,'PASSENGER LIST 27Aug_SUM'!$A$1:$L$1,0))} -> Lee | G64: {=INDEX('PASSENGER LIST 27Aug_SUM'!$A$1:$L$3170,MATCH('15SEP.HERITAGE.A1'!$C64,'PASSENGER LIST 27Aug_SUM'!$B$1:$B$3170,0),MATCH('15SEP.HERITAGE.A1'!G$2,'PASSENGER LIST 27Aug_SUM'!$A$1:$L$1,0))} -> Male | H64: {=INDEX('PASSENGER LIST 27Aug_SUM'!$A$1:$L$3170,MATCH('15SEP.HERITAGE.A1'!$C64,'PASSENGER LIST 27Aug_SUM'!$B$1:$B$3170,0),MATCH('15SEP.HERITAGE.A1'!H$2,'PASSENGER LIST 27Aug_SUM'!$A$1:$L$1,0))} -> USA | I64: {=INDEX('PASSENGER LIST 27Aug_SUM'!$A$1:$L$3170,MATCH('15SEP.HERITAGE.A1'!$C64,'PASSENGER LIST 27Aug_SUM'!$B$1:$B$3170,0),MATCH('15SEP.HERITAGE.A1'!I$2,'PASSENGER LIST 27Aug_SUM'!$A$1:$L$1,0))} -> 59 | J64: {=INDEX('PASSENGER LIST 27Aug_SUM'!$A$1:$L$3170,MATCH('15SEP.HERITAGE.A1'!$C64,'PASSENGER LIST 27Aug_SUM'!$B$1:$B$3170,0),MATCH('15SEP.HERITAGE.A1'!J$2,'PASSENGER LIST 27Aug_SUM'!$A$1:$L$1,0))} -> JW MARRIOTT | K64: {=INDEX('PASSENGER LIST 27Aug_SUM'!$A$1:$L$3170,MATCH('15SEP.HERITAGE.A1'!$C64,'PASSENGER LIST 27Aug_SUM'!$B$1:$B$3170,0),MATCH('15SEP.HERITAGE.A1'!K$2,'PASSENGER LIST 27Aug_SUM'!$A$1:$L$1,0))} -> K-HERITAGE | L64: {=INDEX('PASSENGER LIST 27Aug_SUM'!$A$1:$L$3170,MATCH('15SEP.HERITAGE.A1'!$C64,'PASSENGER LIST 27Aug_SUM'!$B$1:$B$3170,0),MATCH('15SEP.HERITAGE.A1'!L$2,'PASSENGER LIST 27Aug_SUM'!$A$1:$L$1,0))} -> No | M64: 45915 | N64: {=INDEX('PASSENGER LIST 27Aug_SUM'!$A$1:$M$3170,MATCH('15SEP.HERITAGE.A1'!$C64,'PASSENGER LIST 27Aug_SUM'!$B$1:$B$3170,0),MATCH('15SEP.HERITAGE.A1'!N$2,'PASSENGER LIST 27Aug_SUM'!$A$1:$M$1,0))} -> 0
A65: 63 | B65: {=INDEX('PASSENGER LIST 27Aug_SUM'!$A$1:$L$3170,MATCH('15SEP.HERITAGE.A1'!$C65,'PASSENGER LIST 27Aug_SUM'!$B$1:$B$3170,0),MATCH('15SEP.HERITAGE.A1'!B$2,'PASSENGER LIST 27Aug_SUM'!$A$1:$L$1,0))} -> A1 | C65: FXN9L9HYT9L | D65: {=INDEX('PASSENGER LIST 27Aug_SUM'!$A$1:$L$3170,MATCH('15SEP.HERITAGE.A1'!$C65,'PASSENGER LIST 27Aug_SUM'!$B$1:$B$3170,0),MATCH('15SEP.HERITAGE.A1'!D$2,'PASSENGER LIST 27Aug_SUM'!$A$1:$L$1,0))} -> FXN9L9HYT9L | E65: {=INDEX('PASSENGER LIST 27Aug_SUM'!$A$1:$L$3170,MATCH('15SEP.HERITAGE.A1'!$C65,'PASSENGER LIST 27Aug_SUM'!$B$1:$B$3170,0),MATCH('15SEP.HERITAGE.A1'!E$2,'PASSENGER LIST 27Aug_SUM'!$A$1:$L$1,0))} -> Cecilie | F65: {=INDEX('PASSENGER LIST 27Aug_SUM'!$A$1:$L$3170,MATCH('15SEP.HERITAGE.A1'!$C65,'PASSENGER LIST 27Aug_SUM'!$B$1:$B$3170,0),MATCH('15SEP.HERITAGE.A1'!F$2,'PASSENGER LIST 27Aug_SUM'!$A$1:$L$1,0))} -> Rivera | G65: {=INDEX('PASSENGER LIST 27Aug_SUM'!$A$1:$L$3170,MATCH('15SEP.HERITAGE.A1'!$C65,'PASSENGER LIST 27Aug_SUM'!$B$1:$B$3170,0),MATCH('15SEP.HERITAGE.A1'!G$2,'PASSENGER LIST 27Aug_SUM'!$A$1:$L$1,0))} -> Female | H65: {=INDEX('PASSENGER LIST 27Aug_SUM'!$A$1:$L$3170,MATCH('15SEP.HERITAGE.A1'!$C65,'PASSENGER LIST 27Aug_SUM'!$B$1:$B$3170,0),MATCH('15SEP.HERITAGE.A1'!H$2,'PASSENGER LIST 27Aug_SUM'!$A$1:$L$1,0))} -> USA | I65: {=INDEX('PASSENGER LIST 27Aug_SUM'!$A$1:$L$3170,MATCH('15SEP.HERITAGE.A1'!$C65,'PASSENGER LIST 27Aug_SUM'!$B$1:$B$3170,0),MATCH('15SEP.HERITAGE.A1'!I$2,'PASSENGER LIST 27Aug_SUM'!$A$1:$L$1,0))} -> 57 | J65: {=INDEX('PASSENGER LIST 27Aug_SUM'!$A$1:$L$3170,MATCH('15SEP.HERITAGE.A1'!$C65,'PASSENGER LIST 27Aug_SUM'!$B$1:$B$3170,0),MATCH('15SEP.HERITAGE.A1'!J$2,'PASSENGER LIST 27Aug_SUM'!$A$1:$L$1,0))} -> JW MARRIOTT | K65: {=INDEX('PASSENGER LIST 27Aug_SUM'!$A$1:$L$3170,MATCH('15SEP.HERITAGE.A1'!$C65,'PASSENGER LIST 27Aug_SUM'!$B$1:$B$3170,0),MATCH('15SEP.HERITAGE.A1'!K$2,'PASSENGER LIST 27Aug_SUM'!$A$1:$L$1,0))} -> K-HERITAGE | L65: {=INDEX('PASSENGER LIST 27Aug_SUM'!$A$1:$L$3170,MATCH('15SEP.HERITAGE.A1'!$C65,'PASSENGER LIST 27Aug_SUM'!$B$1:$B$3170,0),MATCH('15SEP.HERITAGE.A1'!L$2,'PASSENGER LIST 27Aug_SUM'!$A$1:$L$1,0))} -> No | M65: 45915 | N65: {=INDEX('PASSENGER LIST 27Aug_SUM'!$A$1:$M$3170,MATCH('15SEP.HERITAGE.A1'!$C65,'PASSENGER LIST 27Aug_SUM'!$B$1:$B$3170,0),MATCH('15SEP.HERITAGE.A1'!N$2,'PASSENGER LIST 27Aug_SUM'!$A$1:$M$1,0))} -> 0
A66: 64 | B66: {=INDEX('PASSENGER LIST 27Aug_SUM'!$A$1:$L$3170,MATCH('15SEP.HERITAGE.A1'!$C66,'PASSENGER LIST 27Aug_SUM'!$B$1:$B$3170,0),MATCH('15SEP.HERITAGE.A1'!B$2,'PASSENGER LIST 27Aug_SUM'!$A$1:$L$1,0))} -> A1 | C66: 3MNN5QSRZCT | D66: {=INDEX('PASSENGER LIST 27Aug_SUM'!$A$1:$L$3170,MATCH('15SEP.HERITAGE.A1'!$C66,'PASSENGER LIST 27Aug_SUM'!$B$1:$B$3170,0),MATCH('15SEP.HERITAGE.A1'!D$2,'PASSENGER LIST 27Aug_SUM'!$A$1:$L$1,0))} -> FXN9L9HYT9L | E66: {=INDEX('PASSENGER LIST 27Aug_SUM'!$A$1:$L$3170,MATCH('15SEP.HERITAGE.A1'!$C66,'PASSENGER LIST 27Aug_SUM'!$B$1:$B$3170,0),MATCH('15SEP.HERITAGE.A1'!E$2,'PASSENGER LIST 27Aug_SUM'!$A$1:$L$1,0))} -> Maria Fe | F66: {=INDEX('PASSENGER LIST 27Aug_SUM'!$A$1:$L$3170,MATCH('15SEP.HERITAGE.A1'!$C66,'PASSENGER LIST 27Aug_SUM'!$B$1:$B$3170,0),MATCH('15SEP.HERITAGE.A1'!F$2,'PASSENGER LIST 27Aug_SUM'!$A$1:$L$1,0))} -> Lozano | G66: {=INDEX('PASSENGER LIST 27Aug_SUM'!$A$1:$L$3170,MATCH('15SEP.HERITAGE.A1'!$C66,'PASSENGER LIST 27Aug_SUM'!$B$1:$B$3170,0),MATCH('15SEP.HERITAGE.A1'!G$2,'PASSENGER LIST 27Aug_SUM'!$A$1:$L$1,0))} -> Female | H66: {=INDEX('PASSENGER LIST 27Aug_SUM'!$A$1:$L$3170,MATCH('15SEP.HERITAGE.A1'!$C66,'PASSENGER LIST 27Aug_SUM'!$B$1:$B$3170,0),MATCH('15SEP.HERITAGE.A1'!H$2,'PASSENGER LIST 27Aug_SUM'!$A$1:$L$1,0))} -> USA | I66: {=INDEX('PASSENGER LIST 27Aug_SUM'!$A$1:$L$3170,MATCH('15SEP.HERITAGE.A1'!$C66,'PASSENGER LIST 27Aug_SUM'!$B$1:$B$3170,0),MATCH('15SEP.HERITAGE.A1'!I$2,'PASSENGER LIST 27Aug_SUM'!$A$1:$L$1,0))} -> 62 | J66: {=INDEX('PASSENGER LIST 27Aug_SUM'!$A$1:$L$3170,MATCH('15SEP.HERITAGE.A1'!$C66,'PASSENGER LIST 27Aug_SUM'!$B$1:$B$3170,0),MATCH('15SEP.HERITAGE.A1'!J$2,'PASSENGER LIST 27Aug_SUM'!$A$1:$L$1,0))} -> JW MARRIOTT | K66: {=INDEX('PASSENGER LIST 27Aug_SUM'!$A$1:$L$3170,MATCH('15SEP.HERITAGE.A1'!$C66,'PASSENGER LIST 27Aug_SUM'!$B$1:$B$3170,0),MATCH('15SEP.HERITAGE.A1'!K$2,'PASSENGER LIST 27Aug_SUM'!$A$1:$L$1,0))} -> K-HERITAGE | L66: {=INDEX('PASSENGER LIST 27Aug_SUM'!$A$1:$L$3170,MATCH('15SEP.HERITAGE.A1'!$C66,'PASSENGER LIST 27Aug_SUM'!$B$1:$B$3170,0),MATCH('15SEP.HERITAGE.A1'!L$2,'PASSENGER LIST 27Aug_SUM'!$A$1:$L$1,0))} -> No | M66: 45915 | N66: {=INDEX('PASSENGER LIST 27Aug_SUM'!$A$1:$M$3170,MATCH('15SEP.HERITAGE.A1'!$C66,'PASSENGER LIST 27Aug_SUM'!$B$1:$B$3170,0),MATCH('15SEP.HERITAGE.A1'!N$2,'PASSENGER LIST 27Aug_SUM'!$A$1:$M$1,0))} -> 0
A67: 65 | B67: {=INDEX('PASSENGER LIST 27Aug_SUM'!$A$1:$L$3170,MATCH('15SEP.HERITAGE.A1'!$C67,'PASSENGER LIST 27Aug_SUM'!$B$1:$B$3170,0),MATCH('15SEP.HERITAGE.A1'!B$2,'PASSENGER LIST 27Aug_SUM'!$A$1:$L$1,0))} -> A1 | C67: 79NYXQVP5H3 | D67: {=INDEX('PASSENGER LIST 27Aug_SUM'!$A$1:$L$3170,MATCH('15SEP.HERITAGE.A1'!$C67,'PASSENGER LIST 27Aug_SUM'!$B$1:$B$3170,0),MATCH('15SEP.HERITAGE.A1'!D$2,'PASSENGER LIST 27Aug_SUM'!$A$1:$L$1,0))} -> 79NYXQVP5H3 | E67: {=INDEX('PASSENGER LIST 27Aug_SUM'!$A$1:$L$3170,MATCH('15SEP.HERITAGE.A1'!$C67,'PASSENGER LIST 27Aug_SUM'!$B$1:$B$3170,0),MATCH('15SEP.HERITAGE.A1'!E$2,'PASSENGER LIST 27Aug_SUM'!$A$1:$L$1,0))} -> Judy | F67: {=INDEX('PASSENGER LIST 27Aug_SUM'!$A$1:$L$3170,MATCH('15SEP.HERITAGE.A1'!$C67,'PASSENGER LIST 27Aug_SUM'!$B$1:$B$3170,0),MATCH('15SEP.HERITAGE.A1'!F$2,'PASSENGER LIST 27Aug_SUM'!$A$1:$L$1,0))} -> Se-Fune | G67: {=INDEX('PASSENGER LIST 27Aug_SUM'!$A$1:$L$3170,MATCH('15SEP.HERITAGE.A1'!$C67,'PASSENGER LIST 27Aug_SUM'!$B$1:$B$3170,0),MATCH('15SEP.HERITAGE.A1'!G$2,'PASSENGER LIST 27Aug_SUM'!$A$1:$L$1,0))} -> Female | H67: {=INDEX('PASSENGER LIST 27Aug_SUM'!$A$1:$L$3170,MATCH('15SEP.HERITAGE.A1'!$C67,'PASSENGER LIST 27Aug_SUM'!$B$1:$B$3170,0),MATCH('15SEP.HERITAGE.A1'!H$2,'PASSENGER LIST 27Aug_SUM'!$A$1:$L$1,0))} -> USA | I67: {=INDEX('PASSENGER LIST 27Aug_SUM'!$A$1:$L$3170,MATCH('15SEP.HERITAGE.A1'!$C67,'PASSENGER LIST 27Aug_SUM'!$B$1:$B$3170,0),MATCH('15SEP.HERITAGE.A1'!I$2,'PASSENGER LIST 27Aug_SUM'!$A$1:$L$1,0))} -> 64 | J67: {=INDEX('PASSENGER LIST 27Aug_SUM'!$A$1:$L$3170,MATCH('15SEP.HERITAGE.A1'!$C67,'PASSENGER LIST 27Aug_SUM'!$B$1:$B$3170,0),MATCH('15SEP.HERITAGE.A1'!J$2,'PASSENGER LIST 27Aug_SUM'!$A$1:$L$1,0))} -> JW MARRIOTT | K67: {=INDEX('PASSENGER LIST 27Aug_SUM'!$A$1:$L$3170,MATCH('15SEP.HERITAGE.A1'!$C67,'PASSENGER LIST 27Aug_SUM'!$B$1:$B$3170,0),MATCH('15SEP.HERITAGE.A1'!K$2,'PASSENGER LIST 27Aug_SUM'!$A$1:$L$1,0))} -> K-HERITAGE | L67: {=INDEX('PASSENGER LIST 27Aug_SUM'!$A$1:$L$3170,MATCH('15SEP.HERITAGE.A1'!$C67,'PASSENGER LIST 27Aug_SUM'!$B$1:$B$3170,0),MATCH('15SEP.HERITAGE.A1'!L$2,'PASSENGER LIST 27Aug_SUM'!$A$1:$L$1,0))} -> No | M67: 45915 | N67: {=INDEX('PASSENGER LIST 27Aug_SUM'!$A$1:$M$3170,MATCH('15SEP.HERITAGE.A1'!$C67,'PASSENGER LIST 27Aug_SUM'!$B$1:$B$3170,0),MATCH('15SEP.HERITAGE.A1'!N$2,'PASSENGER LIST 27Aug_SUM'!$A$1:$M$1,0))} -> 0
A68: 66 | B68: {=INDEX('PASSENGER LIST 27Aug_SUM'!$A$1:$L$3170,MATCH('15SEP.HERITAGE.A1'!$C68,'PASSENGER LIST 27Aug_SUM'!$B$1:$B$3170,0),MATCH('15SEP.HERITAGE.A1'!B$2,'PASSENGER LIST 27Aug_SUM'!$A$1:$L$1,0))} -> A1 | C68: GZNG7KSHT8G | D68: {=INDEX('PASSENGER LIST 27Aug_SUM'!$A$1:$L$3170,MATCH('15SEP.HERITAGE.A1'!$C68,'PASSENGER LIST 27Aug_SUM'!$B$1:$B$3170,0),MATCH('15SEP.HERITAGE.A1'!D$2,'PASSENGER LIST 27Aug_SUM'!$A$1:$L$1,0))} -> 79NYXQVP5H3 | E68: {=INDEX('PASSENGER LIST 27Aug_SUM'!$A$1:$L$3170,MATCH('15SEP.HERITAGE.A1'!$C68,'PASSENGER LIST 27Aug_SUM'!$B$1:$B$3170,0),MATCH('15SEP.HERITAGE.A1'!E$2,'PASSENGER LIST 27Aug_SUM'!$A$1:$L$1,0))} -> Eduardo Chiong | F68: {=INDEX('PASSENGER LIST 27Aug_SUM'!$A$1:$L$3170,MATCH('15SEP.HERITAGE.A1'!$C68,'PASSENGER LIST 27Aug_SUM'!$B$1:$B$3170,0),MATCH('15SEP.HERITAGE.A1'!F$2,'PASSENGER LIST 27Aug_SUM'!$A$1:$L$1,0))} -> Fune | G68: {=INDEX('PASSENGER LIST 27Aug_SUM'!$A$1:$L$3170,MATCH('15SEP.HERITAGE.A1'!$C68,'PASSENGER LIST 27Aug_SUM'!$B$1:$B$3170,0),MATCH('15SEP.HERITAGE.A1'!G$2,'PASSENGER LIST 27Aug_SUM'!$A$1:$L$1,0))} -> Male | H68: {=INDEX('PASSENGER LIST 27Aug_SUM'!$A$1:$L$3170,MATCH('15SEP.HERITAGE.A1'!$C68,'PASSENGER LIST 27Aug_SUM'!$B$1:$B$3170,0),MATCH('15SEP.HERITAGE.A1'!H$2,'PASSENGER LIST 27Aug_SUM'!$A$1:$L$1,0))} -> USA | I68: {=INDEX('PASSENGER LIST 27Aug_SUM'!$A$1:$L$3170,MATCH('15SEP.HERITAGE.A1'!$C68,'PASSENGER LIST 27Aug_SUM'!$B$1:$B$3170,0),MATCH('15SEP.HERITAGE.A1'!I$2,'PASSENGER LIST 27Aug_SUM'!$A$1:$L$1,0))} -> 67 | J68: {=INDEX('PASSENGER LIST 27Aug_SUM'!$A$1:$L$3170,MATCH('15SEP.HERITAGE.A1'!$C68,'PASSENGER LIST 27Aug_SUM'!$B$1:$B$3170,0),MATCH('15SEP.HERITAGE.A1'!J$2,'PASSENGER LIST 27Aug_SUM'!$A$1:$L$1,0))} -> JW MARRIOTT | K68: {=INDEX('PASSENGER LIST 27Aug_SUM'!$A$1:$L$3170,MATCH('15SEP.HERITAGE.A1'!$C68,'PASSENGER LIST 27Aug_SUM'!$B$1:$B$3170,0),MATCH('15SEP.HERITAGE.A1'!K$2,'PASSENGER LIST 27Aug_SUM'!$A$1:$L$1,0))} -> K-HERITAGE | L68: {=INDEX('PASSENGER LIST 27Aug_SUM'!$A$1:$L$3170,MATCH('15SEP.HERITAGE.A1'!$C68,'PASSENGER LIST 27Aug_SUM'!$B$1:$B$3170,0),MATCH('15SEP.HERITAGE.A1'!L$2,'PASSENGER LIST 27Aug_SUM'!$A$1:$L$1,0))} -> No | M68: 45915 | N68: {=INDEX('PASSENGER LIST 27Aug_SUM'!$A$1:$M$3170,MATCH('15SEP.HERITAGE.A1'!$C68,'PASSENGER LIST 27Aug_SUM'!$B$1:$B$3170,0),MATCH('15SEP.HERITAGE.A1'!N$2,'PASSENGER LIST 27Aug_SUM'!$A$1:$M$1,0))} -> 0
A69: 67 | B69: {=INDEX('PASSENGER LIST 27Aug_SUM'!$A$1:$L$3170,MATCH('15SEP.HERITAGE.A1'!$C69,'PASSENGER LIST 27Aug_SUM'!$B$1:$B$3170,0),MATCH('15SEP.HERITAGE.A1'!B$2,'PASSENGER LIST 27Aug_SUM'!$A$1:$L$1,0))} -> A1 | C69: FBNKRJCX2MP | D69: {=INDEX('PASSENGER LIST 27Aug_SUM'!$A$1:$L$3170,MATCH('15SEP.HERITAGE.A1'!$C69,'PASSENGER LIST 27Aug_SUM'!$B$1:$B$3170,0),MATCH('15SEP.HERITAGE.A1'!D$2,'PASSENGER LIST 27Aug_SUM'!$A$1:$L$1,0))} -> FBNKRJCX2MP | E69: {=INDEX('PASSENGER LIST 27Aug_SUM'!$A$1:$L$3170,MATCH('15SEP.HERITAGE.A1'!$C69,'PASSENGER LIST 27Aug_SUM'!$B$1:$B$3170,0),MATCH('15SEP.HERITAGE.A1'!E$2,'PASSENGER LIST 27Aug_SUM'!$A$1:$L$1,0))} -> Luyen Huy | F69: {=INDEX('PASSENGER LIST 27Aug_SUM'!$A$1:$L$3170,MATCH('15SEP.HERITAGE.A1'!$C69,'PASSENGER LIST 27Aug_SUM'!$B$1:$B$3170,0),MATCH('15SEP.HERITAGE.A1'!F$2,'PASSENGER LIST 27Aug_SUM'!$A$1:$L$1,0))} -> Nguyen | G69: {=INDEX('PASSENGER LIST 27Aug_SUM'!$A$1:$L$3170,MATCH('15SEP.HERITAGE.A1'!$C69,'PASSENGER LIST 27Aug_SUM'!$B$1:$B$3170,0),MATCH('15SEP.HERITAGE.A1'!G$2,'PASSENGER LIST 27Aug_SUM'!$A$1:$L$1,0))} -> Male | H69: {=INDEX('PASSENGER LIST 27Aug_SUM'!$A$1:$L$3170,MATCH('15SEP.HERITAGE.A1'!$C69,'PASSENGER LIST 27Aug_SUM'!$B$1:$B$3170,0),MATCH('15SEP.HERITAGE.A1'!H$2,'PASSENGER LIST 27Aug_SUM'!$A$1:$L$1,0))} -> USA | I69: {=INDEX('PASSENGER LIST 27Aug_SUM'!$A$1:$L$3170,MATCH('15SEP.HERITAGE.A1'!$C69,'PASSENGER LIST 27Aug_SUM'!$B$1:$B$3170,0),MATCH('15SEP.HERITAGE.A1'!I$2,'PASSENGER LIST 27Aug_SUM'!$A$1:$L$1,0))} -> 65 | J69: {=INDEX('PASSENGER LIST 27Aug_SUM'!$A$1:$L$3170,MATCH('15SEP.HERITAGE.A1'!$C69,'PASSENGER LIST 27Aug_SUM'!$B$1:$B$3170,0),MATCH('15SEP.HERITAGE.A1'!J$2,'PASSENGER LIST 27Aug_SUM'!$A$1:$L$1,0))} -> JW MARRIOTT | K69: {=INDEX('PASSENGER LIST 27Aug_SUM'!$A$1:$L$3170,MATCH('15SEP.HERITAGE.A1'!$C69,'PASSENGER LIST 27Aug_SUM'!$B$1:$B$3170,0),MATCH('15SEP.HERITAGE.A1'!K$2,'PASSENGER LIST 27Aug_SUM'!$A$1:$L$1,0))} -> K-HERITAGE | L69: {=INDEX('PASSENGER LIST 27Aug_SUM'!$A$1:$L$3170,MATCH('15SEP.HERITAGE.A1'!$C69,'PASSENGER LIST 27Aug_SUM'!$B$1:$B$3170,0),MATCH('15SEP.HERITAGE.A1'!L$2,'PASSENGER LIST 27Aug_SUM'!$A$1:$L$1,0))} -> No | M69: 45915 | N69: {=INDEX('PASSENGER LIST 27Aug_SUM'!$A$1:$M$3170,MATCH('15SEP.HERITAGE.A1'!$C69,'PASSENGER LIST 27Aug_SUM'!$B$1:$B$3170,0),MATCH('15SEP.HERITAGE.A1'!N$2,'PASSENGER LIST 27Aug_SUM'!$A$1:$M$1,0))} -> 0
A70: 68 | B70: {=INDEX('PASSENGER LIST 27Aug_SUM'!$A$1:$L$3170,MATCH('15SEP.HERITAGE.A1'!$C70,'PASSENGER LIST 27Aug_SUM'!$B$1:$B$3170,0),MATCH('15SEP.HERITAGE.A1'!B$2,'PASSENGER LIST 27Aug_SUM'!$A$1:$L$1,0))} -> A1 | C70: Y6NMZNB4PYW | D70: {=INDEX('PASSENGER LIST 27Aug_SUM'!$A$1:$L$3170,MATCH('15SEP.HERITAGE.A1'!$C70,'PASSENGER LIST 27Aug_SUM'!$B$1:$B$3170,0),MATCH('15SEP.HERITAGE.A1'!D$2,'PASSENGER LIST 27Aug_SUM'!$A$1:$L$1,0))} -> FBNKRJCX2MP | E70: {=INDEX('PASSENGER LIST 27Aug_SUM'!$A$1:$L$3170,MATCH('15SEP.HERITAGE.A1'!$C70,'PASSENGER LIST 27Aug_SUM'!$B$1:$B$3170,0),MATCH('15SEP.HERITAGE.A1'!E$2,'PASSENGER LIST 27Aug_SUM'!$A$1:$L$1,0))} -> Linda Ngoc | F70: {=INDEX('PASSENGER LIST 27Aug_SUM'!$A$1:$L$3170,MATCH('15SEP.HERITAGE.A1'!$C70,'PASSENGER LIST 27Aug_SUM'!$B$1:$B$3170,0),MATCH('15SEP.HERITAGE.A1'!F$2,'PASSENGER LIST 27Aug_SUM'!$A$1:$L$1,0))} -> Nguyen | G70: {=INDEX('PASSENGER LIST 27Aug_SUM'!$A$1:$L$3170,MATCH('15SEP.HERITAGE.A1'!$C70,'PASSENGER LIST 27Aug_SUM'!$B$1:$B$3170,0),MATCH('15SEP.HERITAGE.A1'!G$2,'PASSENGER LIST 27Aug_SUM'!$A$1:$L$1,0))} -> Female | H70: {=INDEX('PASSENGER LIST 27Aug_SUM'!$A$1:$L$3170,MATCH('15SEP.HERITAGE.A1'!$C70,'PASSENGER LIST 27Aug_SUM'!$B$1:$B$3170,0),MATCH('15SEP.HERITAGE.A1'!H$2,'PASSENGER LIST 27Aug_SUM'!$A$1:$L$1,0))} -> USA | I70: {=INDEX('PASSENGER LIST 27Aug_SUM'!$A$1:$L$3170,MATCH('15SEP.HERITAGE.A1'!$C70,'PASSENGER LIST 27Aug_SUM'!$B$1:$B$3170,0),MATCH('15SEP.HERITAGE.A1'!I$2,'PASSENGER LIST 27Aug_SUM'!$A$1:$L$1,0))} -> 44 | J70: {=INDEX('PASSENGER LIST 27Aug_SUM'!$A$1:$L$3170,MATCH('15SEP.HERITAGE.A1'!$C70,'PASSENGER LIST 27Aug_SUM'!$B$1:$B$3170,0),MATCH('15SEP.HERITAGE.A1'!J$2,'PASSENGER LIST 27Aug_SUM'!$A$1:$L$1,0))} -> JW MARRIOTT | K70: {=INDEX('PASSENGER LIST 27Aug_SUM'!$A$1:$L$3170,MATCH('15SEP.HERITAGE.A1'!$C70,'PASSENGER LIST 27Aug_SUM'!$B$1:$B$3170,0),MATCH('15SEP.HERITAGE.A1'!K$2,'PASSENGER LIST 27Aug_SUM'!$A$1:$L$1,0))} -> K-HERITAGE | L70: {=INDEX('PASSENGER LIST 27Aug_SUM'!$A$1:$L$3170,MATCH('15SEP.HERITAGE.A1'!$C70,'PASSENGER LIST 27Aug_SUM'!$B$1:$B$3170,0),MATCH('15SEP.HERITAGE.A1'!L$2,'PASSENGER LIST 27Aug_SUM'!$A$1:$L$1,0))} -> No | M70: 45915 | N70: {=INDEX('PASSENGER LIST 27Aug_SUM'!$A$1:$M$3170,MATCH('15SEP.HERITAGE.A1'!$C70,'PASSENGER LIST 27Aug_SUM'!$B$1:$B$3170,0),MATCH('15SEP.HERITAGE.A1'!N$2,'PASSENGER LIST 27Aug_SUM'!$A$1:$M$1,0))} -> 0
A71: 69 | B71: {=INDEX('PASSENGER LIST 27Aug_SUM'!$A$1:$L$3170,MATCH('15SEP.HERITAGE.A1'!$C71,'PASSENGER LIST 27Aug_SUM'!$B$1:$B$3170,0),MATCH('15SEP.HERITAGE.A1'!B$2,'PASSENGER LIST 27Aug_SUM'!$A$1:$L$1,0))} -> A1 | C71: QVNRNMXP4CY | D71: {=INDEX('PASSENGER LIST 27Aug_SUM'!$A$1:$L$3170,MATCH('15SEP.HERITAGE.A1'!$C71,'PASSENGER LIST 27Aug_SUM'!$B$1:$B$3170,0),MATCH('15SEP.HERITAGE.A1'!D$2,'PASSENGER LIST 27Aug_SUM'!$A$1:$L$1,0))} -> QVNRNMXP4CY | E71: {=INDEX('PASSENGER LIST 27Aug_SUM'!$A$1:$L$3170,MATCH('15SEP.HERITAGE.A1'!$C71,'PASSENGER LIST 27Aug_SUM'!$B$1:$B$3170,0),MATCH('15SEP.HERITAGE.A1'!E$2,'PASSENGER LIST 27Aug_SUM'!$A$1:$L$1,0))} -> Thi Hong Nga | F71: {=INDEX('PASSENGER LIST 27Aug_SUM'!$A$1:$L$3170,MATCH('15SEP.HERITAGE.A1'!$C71,'PASSENGER LIST 27Aug_SUM'!$B$1:$B$3170,0),MATCH('15SEP.HERITAGE.A1'!F$2,'PASSENGER LIST 27Aug_SUM'!$A$1:$L$1,0))} -> Le | G71: {=INDEX('PASSENGER LIST 27Aug_SUM'!$A$1:$L$3170,MATCH('15SEP.HERITAGE.A1'!$C71,'PASSENGER LIST 27Aug_SUM'!$B$1:$B$3170,0),MATCH('15SEP.HERITAGE.A1'!G$2,'PASSENGER LIST 27Aug_SUM'!$A$1:$L$1,0))} -> Female | H71: {=INDEX('PASSENGER LIST 27Aug_SUM'!$A$1:$L$3170,MATCH('15SEP.HERITAGE.A1'!$C71,'PASSENGER LIST 27Aug_SUM'!$B$1:$B$3170,0),MATCH('15SEP.HERITAGE.A1'!H$2,'PASSENGER LIST 27Aug_SUM'!$A$1:$L$1,0))} -> Vietnam | I71: {=INDEX('PASSENGER LIST 27Aug_SUM'!$A$1:$L$3170,MATCH('15SEP.HERITAGE.A1'!$C71,'PASSENGER LIST 27Aug_SUM'!$B$1:$B$3170,0),MATCH('15SEP.HERITAGE.A1'!I$2,'PASSENGER LIST 27Aug_SUM'!$A$1:$L$1,0))} -> 33 | J71: {=INDEX('PASSENGER LIST 27Aug_SUM'!$A$1:$L$3170,MATCH('15SEP.HERITAGE.A1'!$C71,'PASSENGER LIST 27Aug_SUM'!$B$1:$B$3170,0),MATCH('15SEP.HERITAGE.A1'!J$2,'PASSENGER LIST 27Aug_SUM'!$A$1:$L$1,0))} -> FAIRMONT | K71: {=INDEX('PASSENGER LIST 27Aug_SUM'!$A$1:$L$3170,MATCH('15SEP.HERITAGE.A1'!$C71,'PASSENGER LIST 27Aug_SUM'!$B$1:$B$3170,0),MATCH('15SEP.HERITAGE.A1'!K$2,'PASSENGER LIST 27Aug_SUM'!$A$1:$L$1,0))} -> K-HERITAGE | L71: {=INDEX('PASSENGER LIST 27Aug_SUM'!$A$1:$L$3170,MATCH('15SEP.HERITAGE.A1'!$C71,'PASSENGER LIST 27Aug_SUM'!$B$1:$B$3170,0),MATCH('15SEP.HERITAGE.A1'!L$2,'PASSENGER LIST 27Aug_SUM'!$A$1:$L$1,0))} -> No | M71: 45915 | N71: {=INDEX('PASSENGER LIST 27Aug_SUM'!$A$1:$M$3170,MATCH('15SEP.HERITAGE.A1'!$C71,'PASSENGER LIST 27Aug_SUM'!$B$1:$B$3170,0),MATCH('15SEP.HERITAGE.A1'!N$2,'PASSENGER LIST 27Aug_SUM'!$A$1:$M$1,0))} -> 0 | O71: 27Aug: New guest
A72: 70 | B72: {=INDEX('PASSENGER LIST 27Aug_SUM'!$A$1:$L$3170,MATCH('15SEP.HERITAGE.A1'!$C72,'PASSENGER LIST 27Aug_SUM'!$B$1:$B$3170,0),MATCH('15SEP.HERITAGE.A1'!B$2,'PASSENGER LIST 27Aug_SUM'!$A$1:$L$1,0))} -> A1 | C72: 6PNJK9X62RF | D72: {=INDEX('PASSENGER LIST 27Aug_SUM'!$A$1:$L$3170,MATCH('15SEP.HERITAGE.A1'!$C72,'PASSENGER LIST 27Aug_SUM'!$B$1:$B$3170,0),MATCH('15SEP.HERITAGE.A1'!D$2,'PASSENGER LIST 27Aug_SUM'!$A$1:$L$1,0))} -> QVNRNMXP4CY | E72: {=INDEX('PASSENGER LIST 27Aug_SUM'!$A$1:$L$3170,MATCH('15SEP.HERITAGE.A1'!$C72,'PASSENGER LIST 27Aug_SUM'!$B$1:$B$3170,0),MATCH('15SEP.HERITAGE.A1'!E$2,'PASSENGER LIST 27Aug_SUM'!$A$1:$L$1,0))} -> Calvin | F72: {=INDEX('PASSENGER LIST 27Aug_SUM'!$A$1:$L$3170,MATCH('15SEP.HERITAGE.A1'!$C72,'PASSENGER LIST 27Aug_SUM'!$B$1:$B$3170,0),MATCH('15SEP.HERITAGE.A1'!F$2,'PASSENGER LIST 27Aug_SUM'!$A$1:$L$1,0))} -> Quach | G72: {=INDEX('PASSENGER LIST 27Aug_SUM'!$A$1:$L$3170,MATCH('15SEP.HERITAGE.A1'!$C72,'PASSENGER LIST 27Aug_SUM'!$B$1:$B$3170,0),MATCH('15SEP.HERITAGE.A1'!G$2,'PASSENGER LIST 27Aug_SUM'!$A$1:$L$1,0))} -> Male | H72: {=INDEX('PASSENGER LIST 27Aug_SUM'!$A$1:$L$3170,MATCH('15SEP.HERITAGE.A1'!$C72,'PASSENGER LIST 27Aug_SUM'!$B$1:$B$3170,0),MATCH('15SEP.HERITAGE.A1'!H$2,'PASSENGER LIST 27Aug_SUM'!$A$1:$L$1,0))} -> USA | I72: {=INDEX('PASSENGER LIST 27Aug_SUM'!$A$1:$L$3170,MATCH('15SEP.HERITAGE.A1'!$C72,'PASSENGER LIST 27Aug_SUM'!$B$1:$B$3170,0),MATCH('15SEP.HERITAGE.A1'!I$2,'PASSENGER LIST 27Aug_SUM'!$A$1:$L$1,0))} -> 32 | J72: {=INDEX('PASSENGER LIST 27Aug_SUM'!$A$1:$L$3170,MATCH('15SEP.HERITAGE.A1'!$C72,'PASSENGER LIST 27Aug_SUM'!$B$1:$B$3170,0),MATCH('15SEP.HERITAGE.A1'!J$2,'PASSENGER LIST 27Aug_SUM'!$A$1:$L$1,0))} -> FAIRMONT | K72: {=INDEX('PASSENGER LIST 27Aug_SUM'!$A$1:$L$3170,MATCH('15SEP.HERITAGE.A1'!$C72,'PASSENGER LIST 27Aug_SUM'!$B$1:$B$3170,0),MATCH('15SEP.HERITAGE.A1'!K$2,'PASSENGER LIST 27Aug_SUM'!$A$1:$L$1,0))} -> K-HERITAGE | L72: {=INDEX('PASSENGER LIST 27Aug_SUM'!$A$1:$L$3170,MATCH('15SEP.HERITAGE.A1'!$C72,'PASSENGER LIST 27Aug_SUM'!$B$1:$B$3170,0),MATCH('15SEP.HERITAGE.A1'!L$2,'PASSENGER LIST 27Aug_SUM'!$A$1:$L$1,0))} -> No | M72: 45915 | N72: {=INDEX('PASSENGER LIST 27Aug_SUM'!$A$1:$M$3170,MATCH('15SEP.HERITAGE.A1'!$C72,'PASSENGER LIST 27Aug_SUM'!$B$1:$B$3170,0),MATCH('15SEP.HERITAGE.A1'!N$2,'PASSENGER LIST 27Aug_SUM'!$A$1:$M$1,0))} -> 0 | O72: 27Aug: New guest
A73: 71 | B73: {=INDEX('PASSENGER LIST 27Aug_SUM'!$A$1:$L$3170,MATCH('15SEP.HERITAGE.A1'!$C73,'PASSENGER LIST 27Aug_SUM'!$B$1:$B$3170,0),MATCH('15SEP.HERITAGE.A1'!B$2,'PASSENGER LIST 27Aug_SUM'!$A$1:$L$1,0))} -> A1 | C73: 6GNDM47KZH7 | D73: {=INDEX('PASSENGER LIST 27Aug_SUM'!$A$1:$L$3170,MATCH('15SEP.HERITAGE.A1'!$C73,'PASSENGER LIST 27Aug_SUM'!$B$1:$B$3170,0),MATCH('15SEP.HERITAGE.A1'!D$2,'PASSENGER LIST 27Aug_SUM'!$A$1:$L$1,0))} -> 6GNDM47KZH7 | E73: {=INDEX('PASSENGER LIST 27Aug_SUM'!$A$1:$L$3170,MATCH('15SEP.HERITAGE.A1'!$C73,'PASSENGER LIST 27Aug_SUM'!$B$1:$B$3170,0),MATCH('15SEP.HERITAGE.A1'!E$2,'PASSENGER LIST 27Aug_SUM'!$A$1:$L$1,0))} -> Connie Sokhany | F73: {=INDEX('PASSENGER LIST 27Aug_SUM'!$A$1:$L$3170,MATCH('15SEP.HERITAGE.A1'!$C73,'PASSENGER LIST 27Aug_SUM'!$B$1:$B$3170,0),MATCH('15SEP.HERITAGE.A1'!F$2,'PASSENGER LIST 27Aug_SUM'!$A$1:$L$1,0))} -> Hor | G73: {=INDEX('PASSENGER LIST 27Aug_SUM'!$A$1:$L$3170,MATCH('15SEP.HERITAGE.A1'!$C73,'PASSENGER LIST 27Aug_SUM'!$B$1:$B$3170,0),MATCH('15SEP.HERITAGE.A1'!G$2,'PASSENGER LIST 27Aug_SUM'!$A$1:$L$1,0))} -> Female | H73: {=INDEX('PASSENGER LIST 27Aug_SUM'!$A$1:$L$3170,MATCH('15SEP.HERITAGE.A1'!$C73,'PASSENGER LIST 27Aug_SUM'!$B$1:$B$3170,0),MATCH('15SEP.HERITAGE.A1'!H$2,'PASSENGER LIST 27Aug_SUM'!$A$1:$L$1,0))} -> USA | I73: {=INDEX('PASSENGER LIST 27Aug_SUM'!$A$1:$L$3170,MATCH('15SEP.HERITAGE.A1'!$C73,'PASSENGER LIST 27Aug_SUM'!$B$1:$B$3170,0),MATCH('15SEP.HERITAGE.A1'!I$2,'PASSENGER LIST 27Aug_SUM'!$A$1:$L$1,0))} -> 43 | J73: {=INDEX('PASSENGER LIST 27Aug_SUM'!$A$1:$L$3170,MATCH('15SEP.HERITAGE.A1'!$C73,'PASSENGER LIST 27Aug_SUM'!$B$1:$B$3170,0),MATCH('15SEP.HERITAGE.A1'!J$2,'PASSENGER LIST 27Aug_SUM'!$A$1:$L$1,0))} -> FAIRMONT | K73: {=INDEX('PASSENGER LIST 27Aug_SUM'!$A$1:$L$3170,MATCH('15SEP.HERITAGE.A1'!$C73,'PASSENGER LIST 27Aug_SUM'!$B$1:$B$3170,0),MATCH('15SEP.HERITAGE.A1'!K$2,'PASSENGER LIST 27Aug_SUM'!$A$1:$L$1,0))} -> K-HERITAGE | L73: {=INDEX('PASSENGER LIST 27Aug_SUM'!$A$1:$L$3170,MATCH('15SEP.HERITAGE.A1'!$C73,'PASSENGER LIST 27Aug_SUM'!$B$1:$B$3170,0),MATCH('15SEP.HERITAGE.A1'!L$2,'PASSENGER LIST 27Aug_SUM'!$A$1:$L$1,0))} -> No | M73: 45915 | O73: 30 Aug: New guest
A74: 72 | B74: {=INDEX('PASSENGER LIST 27Aug_SUM'!$A$1:$L$3170,MATCH('15SEP.HERITAGE.A1'!$C74,'PASSENGER LIST 27Aug_SUM'!$B$1:$B$3170,0),MATCH('15SEP.HERITAGE.A1'!B$2,'PASSENGER LIST 27Aug_SUM'!$A$1:$L$1,0))} -> A1 | C74: 9WNN3TTRMGY | D74: {=INDEX('PASSENGER LIST 27Aug_SUM'!$A$1:$L$3170,MATCH('15SEP.HERITAGE.A1'!$C74,'PASSENGER LIST 27Aug_SUM'!$B$1:$B$3170,0),MATCH('15SEP.HERITAGE.A1'!D$2,'PASSENGER LIST 27Aug_SUM'!$A$1:$L$1,0))} -> 6GNDM47KZH7 | E74: {=INDEX('PASSENGER LIST 27Aug_SUM'!$A$1:$L$3170,MATCH('15SEP.HERITAGE.A1'!$C74,'PASSENGER LIST 27Aug_SUM'!$B$1:$B$3170,0),MATCH('15SEP.HERITAGE.A1'!E$2,'PASSENGER LIST 27Aug_SUM'!$A$1:$L$1,0))} -> Chivon | F74: {=INDEX('PASSENGER LIST 27Aug_SUM'!$A$1:$L$3170,MATCH('15SEP.HERITAGE.A1'!$C74,'PASSENGER LIST 27Aug_SUM'!$B$1:$B$3170,0),MATCH('15SEP.HERITAGE.A1'!F$2,'PASSENGER LIST 27Aug_SUM'!$A$1:$L$1,0))} -> Ouk | G74: {=INDEX('PASSENGER LIST 27Aug_SUM'!$A$1:$L$3170,MATCH('15SEP.HERITAGE.A1'!$C74,'PASSENGER LIST 27Aug_SUM'!$B$1:$B$3170,0),MATCH('15SEP.HERITAGE.A1'!G$2,'PASSENGER LIST 27Aug_SUM'!$A$1:$L$1,0))} -> Male | H74: {=INDEX('PASSENGER LIST 27Aug_SUM'!$A$1:$L$3170,MATCH('15SEP.HERITAGE.A1'!$C74,'PASSENGER LIST 27Aug_SUM'!$B$1:$B$3170,0),MATCH('15SEP.HERITAGE.A1'!H$2,'PASSENGER LIST 27Aug_SUM'!$A$1:$L$1,0))} -> USA | I74: {=INDEX('PASSENGER LIST 27Aug_SUM'!$A$1:$L$3170,MATCH('15SEP.HERITAGE.A1'!$C74,'PASSENGER LIST 27Aug_SUM'!$B$1:$B$3170,0),MATCH('15SEP.HERITAGE.A1'!I$2,'PASSENGER LIST 27Aug_SUM'!$A$1:$L$1,0))} -> 44 | J74: {=INDEX('PASSENGER LIST 27Aug_SUM'!$A$1:$L$3170,MATCH('15SEP.HERITAGE.A1'!$C74,'PASSENGER LIST 27Aug_SUM'!$B$1:$B$3170,0),MATCH('15SEP.HERITAGE.A1'!J$2,'PASSENGER LIST 27Aug_SUM'!$A$1:$L$1,0))} -> FAIRMONT | K74: {=INDEX('PASSENGER LIST 27Aug_SUM'!$A$1:$L$3170,MATCH('15SEP.HERITAGE.A1'!$C74,'PASSENGER LIST 27Aug_SUM'!$B$1:$B$3170,0),MATCH('15SEP.HERITAGE.A1'!K$2,'PASSENGER LIST 27Aug_SUM'!$A$1:$L$1,0))} -> K-HERITAGE | L74: {=INDEX('PASSENGER LIST 27Aug_SUM'!$A$1:$L$3170,MATCH('15SEP.HERITAGE.A1'!$C74,'PASSENGER LIST 27Aug_SUM'!$B$1:$B$3170,0),MATCH('15SEP.HERITAGE.A1'!L$2,'PASSENGER LIST 27Aug_SUM'!$A$1:$L$1,0))} -> No | M74: 45915 | O74: 30 Aug: New guest
A75: 73 | B75: {=INDEX('PASSENGER LIST 27Aug_SUM'!$A$1:$L$3170,MATCH('15SEP.HERITAGE.A1'!$C75,'PASSENGER LIST 27Aug_SUM'!$B$1:$B$3170,0),MATCH('15SEP.HERITAGE.A1'!B$2,'PASSENGER LIST 27Aug_SUM'!$A$1:$L$1,0))} -> A1 | C75: FSNBHMQ4QKS | D75: {=INDEX('PASSENGER LIST 27Aug_SUM'!$A$1:$L$3170,MATCH('15SEP.HERITAGE.A1'!$C75,'PASSENGER LIST 27Aug_SUM'!$B$1:$B$3170,0),MATCH('15SEP.HERITAGE.A1'!D$2,'PASSENGER LIST 27Aug_SUM'!$A$1:$L$1,0))} -> 6GNDM47KZH7 | E75: {=INDEX('PASSENGER LIST 27Aug_SUM'!$A$1:$L$3170,MATCH('15SEP.HERITAGE.A1'!$C75,'PASSENGER LIST 27Aug_SUM'!$B$1:$B$3170,0),MATCH('15SEP.HERITAGE.A1'!E$2,'PASSENGER LIST 27Aug_SUM'!$A$1:$L$1,0))} -> Nayden | F75: {=INDEX('PASSENGER LIST 27Aug_SUM'!$A$1:$L$3170,MATCH('15SEP.HERITAGE.A1'!$C75,'PASSENGER LIST 27Aug_SUM'!$B$1:$B$3170,0),MATCH('15SEP.HERITAGE.A1'!F$2,'PASSENGER LIST 27Aug_SUM'!$A$1:$L$1,0))} -> Hor | G75: {=INDEX('PASSENGER LIST 27Aug_SUM'!$A$1:$L$3170,MATCH('15SEP.HERITAGE.A1'!$C75,'PASSENGER LIST 27Aug_SUM'!$B$1:$B$3170,0),MATCH('15SEP.HERITAGE.A1'!G$2,'PASSENGER LIST 27Aug_SUM'!$A$1:$L$1,0))} -> Male | H75: {=INDEX('PASSENGER LIST 27Aug_SUM'!$A$1:$L$3170,MATCH('15SEP.HERITAGE.A1'!$C75,'PASSENGER LIST 27Aug_SUM'!$B$1:$B$3170,0),MATCH('15SEP.HERITAGE.A1'!H$2,'PASSENGER LIST 27Aug_SUM'!$A$1:$L$1,0))} -> USA | I75: {=INDEX('PASSENGER LIST 27Aug_SUM'!$A$1:$L$3170,MATCH('15SEP.HERITAGE.A1'!$C75,'PASSENGER LIST 27Aug_SUM'!$B$1:$B$3170,0),MATCH('15SEP.HERITAGE.A1'!I$2,'PASSENGER LIST 27Aug_SUM'!$A$1:$L$1,0))} -> 13 | J75: {=INDEX('PASSENGER LIST 27Aug_SUM'!$A$1:$L$3170,MATCH('15SEP.HERITAGE.A1'!$C75,'PASSENGER LIST 27Aug_SUM'!$B$1:$B$3170,0),MATCH('15SEP.HERITAGE.A1'!J$2,'PASSENGER LIST 27Aug_SUM'!$A$1:$L$1,0))} -> FAIRMONT | K75: {=INDEX('PASSENGER LIST 27Aug_SUM'!$A$1:$L$3170,MATCH('15SEP.HERITAGE.A1'!$C75,'PASSENGER LIST 27Aug_SUM'!$B$1:$B$3170,0),MATCH('15SEP.HERITAGE.A1'!K$2,'PASSENGER LIST 27Aug_SUM'!$A$1:$L$1,0))} -> K-HERITAGE | L75: {=INDEX('PASSENGER LIST 27Aug_SUM'!$A$1:$L$3170,MATCH('15SEP.HERITAGE.A1'!$C75,'PASSENGER LIST 27Aug_SUM'!$B$1:$B$3170,0),MATCH('15SEP.HERITAGE.A1'!L$2,'PASSENGER LIST 27Aug_SUM'!$A$1:$L$1,0))} -> No | M75: 45915 | O75: 30 Aug: New guest
A76: 74 | B76: {=INDEX('PASSENGER LIST 27Aug_SUM'!$A$1:$L$3170,MATCH('15SEP.HERITAGE.A1'!$C76,'PASSENGER LIST 27Aug_SUM'!$B$1:$B$3170,0),MATCH('15SEP.HERITAGE.A1'!B$2,'PASSENGER LIST 27Aug_SUM'!$A$1:$L$1,0))} -> A1 | C76: HFNRF9R4RHK | D76: {=INDEX('PASSENGER LIST 27Aug_SUM'!$A$1:$L$3170,MATCH('15SEP.HERITAGE.A1'!$C76,'PASSENGER LIST 27Aug_SUM'!$B$1:$B$3170,0),MATCH('15SEP.HERITAGE.A1'!D$2,'PASSENGER LIST 27Aug_SUM'!$A$1:$L$1,0))} -> 6GNDM47KZH7 | E76: {=INDEX('PASSENGER LIST 27Aug_SUM'!$A$1:$L$3170,MATCH('15SEP.HERITAGE.A1'!$C76,'PASSENGER LIST 27Aug_SUM'!$B$1:$B$3170,0),MATCH('15SEP.HERITAGE.A1'!E$2,'PASSENGER LIST 27Aug_SUM'!$A$1:$L$1,0))} -> Natalie Kalliyan | F76: {=INDEX('PASSENGER LIST 27Aug_SUM'!$A$1:$L$3170,MATCH('15SEP.HERITAGE.A1'!$C76,'PASSENGER LIST 27Aug_SUM'!$B$1:$B$3170,0),MATCH('15SEP.HERITAGE.A1'!F$2,'PASSENGER LIST 27Aug_SUM'!$A$1:$L$1,0))} -> Hor | G76: {=INDEX('PASSENGER LIST 27Aug_SUM'!$A$1:$L$3170,MATCH('15SEP.HERITAGE.A1'!$C76,'PASSENGER LIST 27Aug_SUM'!$B$1:$B$3170,0),MATCH('15SEP.HERITAGE.A1'!G$2,'PASSENGER LIST 27Aug_SUM'!$A$1:$L$1,0))} -> Female | H76: {=INDEX('PASSENGER LIST 27Aug_SUM'!$A$1:$L$3170,MATCH('15SEP.HERITAGE.A1'!$C76,'PASSENGER LIST 27Aug_SUM'!$B$1:$B$3170,0),MATCH('15SEP.HERITAGE.A1'!H$2,'PASSENGER LIST 27Aug_SUM'!$A$1:$L$1,0))} -> USA | I76: {=INDEX('PASSENGER LIST 27Aug_SUM'!$A$1:$L$3170,MATCH('15SEP.HERITAGE.A1'!$C76,'PASSENGER LIST 27Aug_SUM'!$B$1:$B$3170,0),MATCH('15SEP.HERITAGE.A1'!I$2,'PASSENGER LIST 27Aug_SUM'!$A$1:$L$1,0))} -> 19 | J76: {=INDEX('PASSENGER LIST 27Aug_SUM'!$A$1:$L$3170,MATCH('15SEP.HERITAGE.A1'!$C76,'PASSENGER LIST 27Aug_SUM'!$B$1:$B$3170,0),MATCH('15SEP.HERITAGE.A1'!J$2,'PASSENGER LIST 27Aug_SUM'!$A$1:$L$1,0))} -> FAIRMONT | K76: {=INDEX('PASSENGER LIST 27Aug_SUM'!$A$1:$L$3170,MATCH('15SEP.HERITAGE.A1'!$C76,'PASSENGER LIST 27Aug_SUM'!$B$1:$B$3170,0),MATCH('15SEP.HERITAGE.A1'!K$2,'PASSENGER LIST 27Aug_SUM'!$A$1:$L$1,0))} -> K-HERITAGE | L76: {=INDEX('PASSENGER LIST 27Aug_SUM'!$A$1:$L$3170,MATCH('15SEP.HERITAGE.A1'!$C76,'PASSENGER LIST 27Aug_SUM'!$B$1:$B$3170,0),MATCH('15SEP.HERITAGE.A1'!L$2,'PASSENGER LIST 27Aug_SUM'!$A$1:$L$1,0))} -> No | M76: 45915 | O76: 30 Aug: New guest

Sheet 15SEP.NATURE.A1
B1: 45915 | C1: K-NATURE | D1: A1
A2: No. | B2: Sub-Group | C2: Confirmation | D2: Primary registrant | E2: First Name | F2: Last Name | G2: Gender | H2: Passport Country | I2: AGE | J2: HOTEL | K2: Full day | L2: Vegan | M2: TOURING DATE | N2: REMARKS
A3: 1 | B3: {=INDEX('PASSENGER LIST 27Aug_SUM'!$A$1:$L$3170,MATCH($C3,'PASSENGER LIST 27Aug_SUM'!$B$1:$B$3170,0),MATCH('15SEP.NATURE.A1'!B$2,'PASSENGER LIST 27Aug_SUM'!$A$1:$L$1,0))} -> A1 | C3: 5RNP2DVWY3K | D3: {=INDEX('PASSENGER LIST 27Aug_SUM'!$A$1:$K$3170,MATCH($C3,'PASSENGER LIST 27Aug_SUM'!$B$1:$B$3170,0),MATCH('15SEP.NATURE.A1'!D$2,'PASSENGER LIST 27Aug_SUM'!$A$1:$K$1,0))} -> 5RNP2DVWY3K | E3: {=INDEX('PASSENGER LIST 27Aug_SUM'!$A$1:$K$3170,MATCH($C3,'PASSENGER LIST 27Aug_SUM'!$B$1:$B$3170,0),MATCH('15SEP.NATURE.A1'!E$2,'PASSENGER LIST 27Aug_SUM'!$A$1:$K$1,0))} -> Gisele Marie Noella | F3: {=INDEX('PASSENGER LIST 27Aug_SUM'!$A$1:$K$3170,MATCH($C3,'PASSENGER LIST 27Aug_SUM'!$B$1:$B$3170,0),MATCH('15SEP.NATURE.A1'!F$2,'PASSENGER LIST 27Aug_SUM'!$A$1:$K$1,0))} -> Robichaud | G3: {=INDEX('PASSENGER LIST 27Aug_SUM'!$A$1:$L$3170,MATCH($C3,'PASSENGER LIST 27Aug_SUM'!$B$1:$B$3170,0),MATCH('15SEP.NATURE.A1'!G$2,'PASSENGER LIST 27Aug_SUM'!$A$1:$L$1,0))} -> Female | H3: {=INDEX('PASSENGER LIST 27Aug_SUM'!$A$1:$L$3170,MATCH($C3,'PASSENGER LIST 27Aug_SUM'!$B$1:$B$3170,0),MATCH('15SEP.NATURE.A1'!H$2,'PASSENGER LIST 27Aug_SUM'!$A$1:$L$1,0))} -> Canada | I3: {=INDEX('PASSENGER LIST 27Aug_SUM'!$A$1:$L$3170,MATCH($C3,'PASSENGER LIST 27Aug_SUM'!$B$1:$B$3170,0),MATCH('15SEP.NATURE.A1'!I$2,'PASSENGER LIST 27Aug_SUM'!$A$1:$L$1,0))} -> 63 | J3: {=INDEX('PASSENGER LIST 27Aug_SUM'!$A$1:$L$3170,MATCH($C3,'PASSENGER LIST 27Aug_SUM'!$B$1:$B$3170,0),MATCH('15SEP.NATURE.A1'!J$2,'PASSENGER LIST 27Aug_SUM'!$A$1:$L$1,0))} -> FAIRMONT | K3: {=INDEX('PASSENGER LIST 27Aug_SUM'!$A$1:$L$3170,MATCH($C3,'PASSENGER LIST 27Aug_SUM'!$B$1:$B$3170,0),MATCH('15SEP.NATURE.A1'!K$2,'PASSENGER LIST 27Aug_SUM'!$A$1:$L$1,0))} -> K-NATURE | L3: {=INDEX('PASSENGER LIST 27Aug_SUM'!$A$1:$L$3170,MATCH($C3,'PASSENGER LIST 27Aug_SUM'!$B$1:$B$3170,0),MATCH('15SEP.NATURE.A1'!L$2,'PASSENGER LIST 27Aug_SUM'!$A$1:$L$1,0))} -> No | M3: 45915 | N3: {=INDEX('PASSENGER LIST 27Aug_SUM'!$A$1:$M$3170,MATCH($C3,'PASSENGER LIST 27Aug_SUM'!$B$1:$B$3170,0),MATCH('15SEP.NATURE.A1'!N$2,'PASSENGER LIST 27Aug_SUM'!$A$1:$M$1,0))} -> 0
A4: 2 | B4: {=INDEX('PASSENGER LIST 27Aug_SUM'!$A$1:$L$3170,MATCH($C4,'PASSENGER LIST 27Aug_SUM'!$B$1:$B$3170,0),MATCH('15SEP.NATURE.A1'!B$2,'PASSENGER LIST 27Aug_SUM'!$A$1:$L$1,0))} -> A1 | C4: KBNDH323N3V | D4: {=INDEX('PASSENGER LIST 27Aug_SUM'!$A$1:$K$3170,MATCH($C4,'PASSENGER LIST 27Aug_SUM'!$B$1:$B$3170,0),MATCH('15SEP.NATURE.A1'!D$2,'PASSENGER LIST 27Aug_SUM'!$A$1:$K$1,0))} -> 5RNP2DVWY3K | E4: {=INDEX('PASSENGER LIST 27Aug_SUM'!$A$1:$K$3170,MATCH($C4,'PASSENGER LIST 27Aug_SUM'!$B$1:$B$3170,0),MATCH('15SEP.NATURE.A1'!E$2,'PASSENGER LIST 27Aug_SUM'!$A$1:$K$1,0))} -> Rosaire | F4: {=INDEX('PASSENGER LIST 27Aug_SUM'!$A$1:$K$3170,MATCH($C4,'PASSENGER LIST 27Aug_SUM'!$B$1:$B$3170,0),MATCH('15SEP.NATURE.A1'!F$2,'PASSENGER LIST 27Aug_SUM'!$A$1:$K$1,0))} -> Richard | G4: {=INDEX('PASSENGER LIST 27Aug_SUM'!$A$1:$L$3170,MATCH($C4,'PASSENGER LIST 27Aug_SUM'!$B$1:$B$3170,0),MATCH('15SEP.NATURE.A1'!G$2,'PASSENGER LIST 27Aug_SUM'!$A$1:$L$1,0))} -> Male | H4: {=INDEX('PASSENGER LIST 27Aug_SUM'!$A$1:$L$3170,MATCH($C4,'PASSENGER LIST 27Aug_SUM'!$B$1:$B$3170,0),MATCH('15SEP.NATURE.A1'!H$2,'PASSENGER LIST 27Aug_SUM'!$A$1:$L$1,0))} -> Canada | I4: {=INDEX('PASSENGER LIST 27Aug_SUM'!$A$1:$L$3170,MATCH($C4,'PASSENGER LIST 27Aug_SUM'!$B$1:$B$3170,0),MATCH('15SEP.NATURE.A1'!I$2,'PASSENGER LIST 27Aug_SUM'!$A$1:$L$1,0))} -> 67 | J4: {=INDEX('PASSENGER LIST 27Aug_SUM'!$A$1:$L$3170,MATCH($C4,'PASSENGER LIST 27Aug_SUM'!$B$1:$B$3170,0),MATCH('15SEP.NATURE.A1'!J$2,'PASSENGER LIST 27Aug_SUM'!$A$1:$L$1,0))} -> FAIRMONT | K4: {=INDEX('PASSENGER LIST 27Aug_SUM'!$A$1:$L$3170,MATCH($C4,'PASSENGER LIST 27Aug_SUM'!$B$1:$B$3170,0),MATCH('15SEP.NATURE.A1'!K$2,'PASSENGER LIST 27Aug_SUM'!$A$1:$L$1,0))} -> K-NATURE | L4: {=INDEX('PASSENGER LIST 27Aug_SUM'!$A$1:$L$3170,MATCH($C4,'PASSENGER LIST 27Aug_SUM'!$B$1:$B$3170,0),MATCH('15SEP.NATURE.A1'!L$2,'PASSENGER LIST 27Aug_SUM'!$A$1:$L$1,0))} -> No | M4: 45915 | N4: {=INDEX('PASSENGER LIST 27Aug_SUM'!$A$1:$M$3170,MATCH($C4,'PASSENGER LIST 27Aug_SUM'!$B$1:$B$3170,0),MATCH('15SEP.NATURE.A1'!N$2,'PASSENGER LIST 27Aug_SUM'!$A$1:$M$1,0))} -> 0
A5: 3 | B5: {=INDEX('PASSENGER LIST 27Aug_SUM'!$A$1:$L$3170,MATCH($C5,'PASSENGER LIST 27Aug_SUM'!$B$1:$B$3170,0),MATCH('15SEP.NATURE.A1'!B$2,'PASSENGER LIST 27Aug_SUM'!$A$1:$L$1,0))} -> A1 | C5: JTNR3QLQCWM | D5: {=INDEX('PASSENGER LIST 27Aug_SUM'!$A$1:$K$3170,MATCH($C5,'PASSENGER LIST 27Aug_SUM'!$B$1:$B$3170,0),MATCH('15SEP.NATURE.A1'!D$2,'PASSENGER LIST 27Aug_SUM'!$A$1:$K$1,0))} -> JTNR3QLQCWM | E5: {=INDEX('PASSENGER LIST 27Aug_SUM'!$A$1:$K$3170,MATCH($C5,'PASSENGER LIST 27Aug_SUM'!$B$1:$B$3170,0),MATCH('15SEP.NATURE.A1'!E$2,'PASSENGER LIST 27Aug_SUM'!$A$1:$K$1,0))} -> Peter Emeka | F5: {=INDEX('PASSENGER LIST 27Aug_SUM'!$A$1:$K$3170,MATCH($C5,'PASSENGER LIST 27Aug_SUM'!$B$1:$B$3170,0),MATCH('15SEP.NATURE.A1'!F$2,'PASSENGER LIST 27Aug_SUM'!$A$1:$K$1,0))} -> Ezekiel | G5: {=INDEX('PASSENGER LIST 27Aug_SUM'!$A$1:$L$3170,MATCH($C5,'PASSENGER LIST 27Aug_SUM'!$B$1:$B$3170,0),MATCH('15SEP.NATURE.A1'!G$2,'PASSENGER LIST 27Aug_SUM'!$A$1:$L$1,0))} -> Male | H5: {=INDEX('PASSENGER LIST 27Aug_SUM'!$A$1:$L$3170,MATCH($C5,'PASSENGER LIST 27Aug_SUM'!$B$1:$B$3170,0),MATCH('15SEP.NATURE.A1'!H$2,'PASSENGER LIST 27Aug_SUM'!$A$1:$L$1,0))} -> USA | I5: {=INDEX('PASSENGER LIST 27Aug_SUM'!$A$1:$L$3170,MATCH($C5,'PASSENGER LIST 27Aug_SUM'!$B$1:$B$3170,0),MATCH('15SEP.NATURE.A1'!I$2,'PASSENGER LIST 27Aug_SUM'!$A$1:$L$1,0))} -> 63 | J5: {=INDEX('PASSENGER LIST 27Aug_SUM'!$A$1:$L$3170,MATCH($C5,'PASSENGER LIST 27Aug_SUM'!$B$1:$B$3170,0),MATCH('15SEP.NATURE.A1'!J$2,'PASSENGER LIST 27Aug_SUM'!$A$1:$L$1,0))} -> FAIRMONT | K5: {=INDEX('PASSENGER LIST 27Aug_SUM'!$A$1:$L$3170,MATCH($C5,'PASSENGER LIST 27Aug_SUM'!$B$1:$B$3170,0),MATCH('15SEP.NATURE.A1'!K$2,'PASSENGER LIST 27Aug_SUM'!$A$1:$L$1,0))} -> K-NATURE | L5: {=INDEX('PASSENGER LIST 27Aug_SUM'!$A$1:$L$3170,MATCH($C5,'PASSENGER LIST 27Aug_SUM'!$B$1:$B$3170,0),MATCH('15SEP.NATURE.A1'!L$2,'PASSENGER LIST 27Aug_SUM'!$A$1:$L$1,0))} -> No | M5: 45915 | N5: {=INDEX('PASSENGER LIST 27Aug_SUM'!$A$1:$M$3170,MATCH($C5,'PASSENGER LIST 27Aug_SUM'!$B$1:$B$3170,0),MATCH('15SEP.NATURE.A1'!N$2,'PASSENGER LIST 27Aug_SUM'!$A$1:$M$1,0))} -> 0
A6: 4 | B6: {=INDEX('PASSENGER LIST 27Aug_SUM'!$A$1:$L$3170,MATCH($C6,'PASSENGER LIST 27Aug_SUM'!$B$1:$B$3170,0),MATCH('15SEP.NATURE.A1'!B$2,'PASSENGER LIST 27Aug_SUM'!$A$1:$L$1,0))} -> A1 | C6: RXNRDC5JT6G | D6: {=INDEX('PASSENGER LIST 27Aug_SUM'!$A$1:$K$3170,MATCH($C6,'PASSENGER LIST 27Aug_SUM'!$B$1:$B$3170,0),MATCH('15SEP.NATURE.A1'!D$2,'PASSENGER LIST 27Aug_SUM'!$A$1:$K$1,0))} -> RXNRDC5JT6G | E6: {=INDEX('PASSENGER LIST 27Aug_SUM'!$A$1:$K$3170,MATCH($C6,'PASSENGER LIST 27Aug_SUM'!$B$1:$B$3170,0),MATCH('15SEP.NATURE.A1'!E$2,'PASSENGER LIST 27Aug_SUM'!$A$1:$K$1,0))} -> Maryann | F6: {=INDEX('PASSENGER LIST 27Aug_SUM'!$A$1:$K$3170,MATCH($C6,'PASSENGER LIST 27Aug_SUM'!$B$1:$B$3170,0),MATCH('15SEP.NATURE.A1'!F$2,'PASSENGER LIST 27Aug_SUM'!$A$1:$K$1,0))} -> Orlowski | G6: {=INDEX('PASSENGER LIST 27Aug_SUM'!$A$1:$L$3170,MATCH($C6,'PASSENGER LIST 27Aug_SUM'!$B$1:$B$3170,0),MATCH('15SEP.NATURE.A1'!G$2,'PASSENGER LIST 27Aug_SUM'!$A$1:$L$1,0))} -> Female | H6: {=INDEX('PASSENGER LIST 27Aug_SUM'!$A$1:$L$3170,MATCH($C6,'PASSENGER LIST 27Aug_SUM'!$B$1:$B$3170,0),MATCH('15SEP.NATURE.A1'!H$2,'PASSENGER LIST 27Aug_SUM'!$A$1:$L$1,0))} -> USA | I6: {=INDEX('PASSENGER LIST 27Aug_SUM'!$A$1:$L$3170,MATCH($C6,'PASSENGER LIST 27Aug_SUM'!$B$1:$B$3170,0),MATCH('15SEP.NATURE.A1'!I$2,'PASSENGER LIST 27Aug_SUM'!$A$1:$L$1,0))} -> 58 | J6: {=INDEX('PASSENGER LIST 27Aug_SUM'!$A$1:$L$3170,MATCH($C6,'PASSENGER LIST 27Aug_SUM'!$B$1:$B$3170,0),MATCH('15SEP.NATURE.A1'!J$2,'PASSENGER LIST 27Aug_SUM'!$A$1:$L$1,0))} -> FAIRMONT | K6: {=INDEX('PASSENGER LIST 27Aug_SUM'!$A$1:$L$3170,MATCH($C6,'PASSENGER LIST 27Aug_SUM'!$B$1:$B$3170,0),MATCH('15SEP.NATURE.A1'!K$2,'PASSENGER LIST 27Aug_SUM'!$A$1:$L$1,0))} -> K-NATURE | L6: {=INDEX('PASSENGER LIST 27Aug_SUM'!$A$1:$L$3170,MATCH($C6,'PASSENGER LIST 27Aug_SUM'!$B$1:$B$3170,0),MATCH('15SEP.NATURE.A1'!L$2,'PASSENGER LIST 27Aug_SUM'!$A$1:$L$1,0))} -> No | M6: 45915 | N6: {=INDEX('PASSENGER LIST 27Aug_SUM'!$A$1:$M$3170,MATCH($C6,'PASSENGER LIST 27Aug_SUM'!$B$1:$B$3170,0),MATCH('15SEP.NATURE.A1'!N$2,'PASSENGER LIST 27Aug_SUM'!$A$1:$M$1,0))} -> OT: NATURE + WELLNESS for Invitee
A7: 5 | B7: {=INDEX('PASSENGER LIST 27Aug_SUM'!$A$1:$L$3170,MATCH($C7,'PASSENGER LIST 27Aug_SUM'!$B$1:$B$3170,0),MATCH('15SEP.NATURE.A1'!B$2,'PASSENGER LIST 27Aug_SUM'!$A$1:$L$1,0))} -> A1 | C7: 9LNRMHV32B5 | D7: {=INDEX('PASSENGER LIST 27Aug_SUM'!$A$1:$K$3170,MATCH($C7,'PASSENGER LIST 27Aug_SUM'!$B$1:$B$3170,0),MATCH('15SEP.NATURE.A1'!D$2,'PASSENGER LIST 27Aug_SUM'!$A$1:$K$1,0))} -> 9LNRMHV32B5 | E7: {=INDEX('PASSENGER LIST 27Aug_SUM'!$A$1:$K$3170,MATCH($C7,'PASSENGER LIST 27Aug_SUM'!$B$1:$B$3170,0),MATCH('15SEP.NATURE.A1'!E$2,'PASSENGER LIST 27Aug_SUM'!$A$1:$K$1,0))} -> Ricky Alex Castillo | F7: {=INDEX('PASSENGER LIST 27Aug_SUM'!$A$1:$K$3170,MATCH($C7,'PASSENGER LIST 27Aug_SUM'!$B$1:$B$3170,0),MATCH('15SEP.NATURE.A1'!F$2,'PASSENGER LIST 27Aug_SUM'!$A$1:$K$1,0))} -> De Los Santos Jr | G7: {=INDEX('PASSENGER LIST 27Aug_SUM'!$A$1:$L$3170,MATCH($C7,'PASSENGER LIST 27Aug_SUM'!$B$1:$B$3170,0),MATCH('15SEP.NATURE.A1'!G$2,'PASSENGER LIST 27Aug_SUM'!$A$1:$L$1,0))} -> Male | H7: {=INDEX('PASSENGER LIST 27Aug_SUM'!$A$1:$L$3170,MATCH($C7,'PASSENGER LIST 27Aug_SUM'!$B$1:$B$3170,0),MATCH('15SEP.NATURE.A1'!H$2,'PASSENGER LIST 27Aug_SUM'!$A$1:$L$1,0))} -> USA | I7: {=INDEX('PASSENGER LIST 27Aug_SUM'!$A$1:$L$3170,MATCH($C7,'PASSENGER LIST 27Aug_SUM'!$B$1:$B$3170,0),MATCH('15SEP.NATURE.A1'!I$2,'PASSENGER LIST 27Aug_SUM'!$A$1:$L$1,0))} -> 37 | J7: {=INDEX('PASSENGER LIST 27Aug_SUM'!$A$1:$L$3170,MATCH($C7,'PASSENGER LIST 27Aug_SUM'!$B$1:$B$3170,0),MATCH('15SEP.NATURE.A1'!J$2,'PASSENGER LIST 27Aug_SUM'!$A$1:$L$1,0))} -> FAIRMONT | K7: {=INDEX('PASSENGER LIST 27Aug_SUM'!$A$1:$L$3170,MATCH($C7,'PASSENGER LIST 27Aug_SUM'!$B$1:$B$3170,0),MATCH('15SEP.NATURE.A1'!K$2,'PASSENGER LIST 27Aug_SUM'!$A$1:$L$1,0))} -> K-NATURE | L7: {=INDEX('PASSENGER LIST 27Aug_SUM'!$A$1:$L$3170,MATCH($C7,'PASSENGER LIST 27Aug_SUM'!$B$1:$B$3170,0),MATCH('15SEP.NATURE.A1'!L$2,'PASSENGER LIST 27Aug_SUM'!$A$1:$L$1,0))} -> No | M7: 45915 | N7: {=INDEX('PASSENGER LIST 27Aug_SUM'!$A$1:$M$3170,MATCH($C7,'PASSENGER LIST 27Aug_SUM'!$B$1:$B$3170,0),MATCH('15SEP.NATURE.A1'!N$2,'PASSENGER LIST 27Aug_SUM'!$A$1:$M$1,0))} -> 0
A8: 6 | B8: {=INDEX('PASSENGER LIST 27Aug_SUM'!$A$1:$L$3170,MATCH($C8,'PASSENGER LIST 27Aug_SUM'!$B$1:$B$3170,0),MATCH('15SEP.NATURE.A1'!B$2,'PASSENGER LIST 27Aug_SUM'!$A$1:$L$1,0))} -> A1 | C8: SXN2PQV9RZN | D8: {=INDEX('PASSENGER LIST 27Aug_SUM'!$A$1:$K$3170,MATCH($C8,'PASSENGER LIST 27Aug_SUM'!$B$1:$B$3170,0),MATCH('15SEP.NATURE.A1'!D$2,'PASSENGER LIST 27Aug_SUM'!$A$1:$K$1,0))} -> 9LNRMHV32B5 | E8: {=INDEX('PASSENGER LIST 27Aug_SUM'!$A$1:$K$3170,MATCH($C8,'PASSENGER LIST 27Aug_SUM'!$B$1:$B$3170,0),MATCH('15SEP.NATURE.A1'!E$2,'PASSENGER LIST 27Aug_SUM'!$A$1:$K$1,0))} -> Jillayne Alyse Bandoma | F8: {=INDEX('PASSENGER LIST 27Aug_SUM'!$A$1:$K$3170,MATCH($C8,'PASSENGER LIST 27Aug_SUM'!$B$1:$B$3170,0),MATCH('15SEP.NATURE.A1'!F$2,'PASSENGER LIST 27Aug_SUM'!$A$1:$K$1,0))} -> Durol | G8: {=INDEX('PASSENGER LIST 27Aug_SUM'!$A$1:$L$3170,MATCH($C8,'PASSENGER LIST 27Aug_SUM'!$B$1:$B$3170,0),MATCH('15SEP.NATURE.A1'!G$2,'PASSENGER LIST 27Aug_SUM'!$A$1:$L$1,0))} -> Female | H8: {=INDEX('PASSENGER LIST 27Aug_SUM'!$A$1:$L$3170,MATCH($C8,'PASSENGER LIST 27Aug_SUM'!$B$1:$B$3170,0),MATCH('15SEP.NATURE.A1'!H$2,'PASSENGER LIST 27Aug_SUM'!$A$1:$L$1,0))} -> USA | I8: {=INDEX('PASSENGER LIST 27Aug_SUM'!$A$1:$L$3170,MATCH($C8,'PASSENGER LIST 27Aug_SUM'!$B$1:$B$3170,0),MATCH('15SEP.NATURE.A1'!I$2,'PASSENGER LIST 27Aug_SUM'!$A$1:$L$1,0))} -> 33 | J8: {=INDEX('PASSENGER LIST 27Aug_SUM'!$A$1:$L$3170,MATCH($C8,'PASSENGER LIST 27Aug_SUM'!$B$1:$B$3170,0),MATCH('15SEP.NATURE.A1'!J$2,'PASSENGER LIST 27Aug_SUM'!$A$1:$L$1,0))} -> FAIRMONT | K8: {=INDEX('PASSENGER LIST 27Aug_SUM'!$A$1:$L$3170,MATCH($C8,'PASSENGER LIST 27Aug_SUM'!$B$1:$B$3170,0),MATCH('15SEP.NATURE.A1'!K$2,'PASSENGER LIST 27Aug_SUM'!$A$1:$L$1,0))} -> K-NATURE | L8: {=INDEX('PASSENGER LIST 27Aug_SUM'!$A$1:$L$3170,MATCH($C8,'PASSENGER LIST 27Aug_SUM'!$B$1:$B$3170,0),MATCH('15SEP.NATURE.A1'!L$2,'PASSENGER LIST 27Aug_SUM'!$A$1:$L$1,0))} -> No | M8: 45915 | N8: {=INDEX('PASSENGER LIST 27Aug_SUM'!$A$1:$M$3170,MATCH($C8,'PASSENGER LIST 27Aug_SUM'!$B$1:$B$3170,0),MATCH('15SEP.NATURE.A1'!N$2,'PASSENGER LIST 27Aug_SUM'!$A$1:$M$1,0))} -> 0
A9: 7 | B9: {=INDEX('PASSENGER LIST 27Aug_SUM'!$A$1:$L$3170,MATCH($C9,'PASSENGER LIST 27Aug_SUM'!$B$1:$B$3170,0),MATCH('15SEP.NATURE.A1'!B$2,'PASSENGER LIST 27Aug_SUM'!$A$1:$L$1,0))} -> A1 | C9: VNNSCT92CT8 | D9: {=INDEX('PASSENGER LIST 27Aug_SUM'!$A$1:$K$3170,MATCH($C9,'PASSENGER LIST 27Aug_SUM'!$B$1:$B$3170,0),MATCH('15SEP.NATURE.A1'!D$2,'PASSENGER LIST 27Aug_SUM'!$A$1:$K$1,0))} -> VNNSCT92CT8 | E9: {=INDEX('PASSENGER LIST 27Aug_SUM'!$A$1:$K$3170,MATCH($C9,'PASSENGER LIST 27Aug_SUM'!$B$1:$B$3170,0),MATCH('15SEP.NATURE.A1'!E$2,'PASSENGER LIST 27Aug_SUM'!$A$1:$K$1,0))} -> Roderick Valiente | F9: {=INDEX('PASSENGER LIST 27Aug_SUM'!$A$1:$K$3170,MATCH($C9,'PASSENGER LIST 27Aug_SUM'!$B$1:$B$3170,0),MATCH('15SEP.NATURE.A1'!F$2,'PASSENGER LIST 27Aug_SUM'!$A$1:$K$1,0))} -> Durol | G9: {=INDEX('PASSENGER LIST 27Aug_SUM'!$A$1:$L$3170,MATCH($C9,'PASSENGER LIST 27Aug_SUM'!$B$1:$B$3170,0),MATCH('15SEP.NATURE.A1'!G$2,'PASSENGER LIST 27Aug_SUM'!$A$1:$L$1,0))} -> Male | H9: {=INDEX('PASSENGER LIST 27Aug_SUM'!$A$1:$L$3170,MATCH($C9,'PASSENGER LIST 27Aug_SUM'!$B$1:$B$3170,0),MATCH('15SEP.NATURE.A1'!H$2,'PASSENGER LIST 27Aug_SUM'!$A$1:$L$1,0))} -> USA | I9: {=INDEX('PASSENGER LIST 27Aug_SUM'!$A$1:$L$3170,MATCH($C9,'PASSENGER LIST 27Aug_SUM'!$B$1:$B$3170,0),MATCH('15SEP.NATURE.A1'!I$2,'PASSENGER LIST 27Aug_SUM'!$A$1:$L$1,0))} -> 58 | J9: {=INDEX('PASSENGER LIST 27Aug_SUM'!$A$1:$L$3170,MATCH($C9,'PASSENGER LIST 27Aug_SUM'!$B$1:$B$3170,0),MATCH('15SEP.NATURE.A1'!J$2,'PASSENGER LIST 27Aug_SUM'!$A$1:$L$1,0))} -> FAIRMONT | K9: {=INDEX('PASSENGER LIST 27Aug_SUM'!$A$1:$L$3170,MATCH($C9,'PASSENGER LIST 27Aug_SUM'!$B$1:$B$3170,0),MATCH('15SEP.NATURE.A1'!K$2,'PASSENGER LIST 27Aug_SUM'!$A$1:$L$1,0))} -> K-NATURE | L9: {=INDEX('PASSENGER LIST 27Aug_SUM'!$A$1:$L$3170,MATCH($C9,'PASSENGER LIST 27Aug_SUM'!$B$1:$B$3170,0),MATCH('15SEP.NATURE.A1'!L$2,'PASSENGER LIST 27Aug_SUM'!$A$1:$L$1,0))} -> No | M9: 45915 | N9: {=INDEX('PASSENGER LIST 27Aug_SUM'!$A$1:$M$3170,MATCH($C9,'PASSENGER LIST 27Aug_SUM'!$B$1:$B$3170,0),MATCH('15SEP.NATURE.A1'!N$2,'PASSENGER LIST 27Aug_SUM'!$A$1:$M$1,0))} -> 0
A10: 8 | B10: {=INDEX('PASSENGER LIST 27Aug_SUM'!$A$1:$L$3170,MATCH($C10,'PASSENGER LIST 27Aug_SUM'!$B$1:$B$3170,0),MATCH('15SEP.NATURE.A1'!B$2,'PASSENGER LIST 27Aug_SUM'!$A$1:$L$1,0))} -> A1 | C10: CGNCPJ7QCX3 | D10: {=INDEX('PASSENGER LIST 27Aug_SUM'!$A$1:$K$3170,MATCH($C10,'PASSENGER LIST 27Aug_SUM'!$B$1:$B$3170,0),MATCH('15SEP.NATURE.A1'!D$2,'PASSENGER LIST 27Aug_SUM'!$A$1:$K$1,0))} -> VNNSCT92CT8 | E10: {=INDEX('PASSENGER LIST 27Aug_SUM'!$A$1:$K$3170,MATCH($C10,'PASSENGER LIST 27Aug_SUM'!$B$1:$B$3170,0),MATCH('15SEP.NATURE.A1'!E$2,'PASSENGER LIST 27Aug_SUM'!$A$1:$K$1,0))} -> Nancy Florylet Bandoma | F10: {=INDEX('PASSENGER LIST 27Aug_SUM'!$A$1:$K$3170,MATCH($C10,'PASSENGER LIST 27Aug_SUM'!$B$1:$B$3170,0),MATCH('15SEP.NATURE.A1'!F$2,'PASSENGER LIST 27Aug_SUM'!$A$1:$K$1,0))} -> Durol | G10: {=INDEX('PASSENGER LIST 27Aug_SUM'!$A$1:$L$3170,MATCH($C10,'PASSENGER LIST 27Aug_SUM'!$B$1:$B$3170,0),MATCH('15SEP.NATURE.A1'!G$2,'PASSENGER LIST 27Aug_SUM'!$A$1:$L$1,0))} -> Female | H10: {=INDEX('PASSENGER LIST 27Aug_SUM'!$A$1:$L$3170,MATCH($C10,'PASSENGER LIST 27Aug_SUM'!$B$1:$B$3170,0),MATCH('15SEP.NATURE.A1'!H$2,'PASSENGER LIST 27Aug_SUM'!$A$1:$L$1,0))} -> USA | I10: {=INDEX('PASSENGER LIST 27Aug_SUM'!$A$1:$L$3170,MATCH($C10,'PASSENGER LIST 27Aug_SUM'!$B$1:$B$3170,0),MATCH('15SEP.NATURE.A1'!I$2,'PASSENGER LIST 27Aug_SUM'!$A$1:$L$1,0))} -> 53 | J10: {=INDEX('PASSENGER LIST 27Aug_SUM'!$A$1:$L$3170,MATCH($C10,'PASSENGER LIST 27Aug_SUM'!$B$1:$B$3170,0),MATCH('15SEP.NATURE.A1'!J$2,'PASSENGER LIST 27Aug_SUM'!$A$1:$L$1,0))} -> FAIRMONT | K10: {=INDEX('PASSENGER LIST 27Aug_SUM'!$A$1:$L$3170,MATCH($C10,'PASSENGER LIST 27Aug_SUM'!$B$1:$B$3170,0),MATCH('15SEP.NATURE.A1'!K$2,'PASSENGER LIST 27Aug_SUM'!$A$1:$L$1,0))} -> K-NATURE | L10: {=INDEX('PASSENGER LIST 27Aug_SUM'!$A$1:$L$3170,MATCH($C10,'PASSENGER LIST 27Aug_SUM'!$B$1:$B$3170,0),MATCH('15SEP.NATURE.A1'!L$2,'PASSENGER LIST 27Aug_SUM'!$A$1:$L$1,0))} -> No | M10: 45915 | N10: {=INDEX('PASSENGER LIST 27Aug_SUM'!$A$1:$M$3170,MATCH($C10,'PASSENGER LIST 27Aug_SUM'!$B$1:$B$3170,0),MATCH('15SEP.NATURE.A1'!N$2,'PASSENGER LIST 27Aug_SUM'!$A$1:$M$1,0))} -> 0
A11: 9 | B11: {=INDEX('PASSENGER LIST 27Aug_SUM'!$A$1:$L$3170,MATCH($C11,'PASSENGER LIST 27Aug_SUM'!$B$1:$B$3170,0),MATCH('15SEP.NATURE.A1'!B$2,'PASSENGER LIST 27Aug_SUM'!$A$1:$L$1,0))} -> A1 | C11: QSN925R4HCL | D11: {=INDEX('PASSENGER LIST 27Aug_SUM'!$A$1:$K$3170,MATCH($C11,'PASSENGER LIST 27Aug_SUM'!$B$1:$B$3170,0),MATCH('15SEP.NATURE.A1'!D$2,'PASSENGER LIST 27Aug_SUM'!$A$1:$K$1,0))} -> QSN925R4HCL | E11: {=INDEX('PASSENGER LIST 27Aug_SUM'!$A$1:$K$3170,MATCH($C11,'PASSENGER LIST 27Aug_SUM'!$B$1:$B$3170,0),MATCH('15SEP.NATURE.A1'!E$2,'PASSENGER LIST 27Aug_SUM'!$A$1:$K$1,0))} -> Joanne Cabral | F11: {=INDEX('PASSENGER LIST 27Aug_SUM'!$A$1:$K$3170,MATCH($C11,'PASSENGER LIST 27Aug_SUM'!$B$1:$B$3170,0),MATCH('15SEP.NATURE.A1'!F$2,'PASSENGER LIST 27Aug_SUM'!$A$1:$K$1,0))} -> Adorna | G11: {=INDEX('PASSENGER LIST 27Aug_SUM'!$A$1:$L$3170,MATCH($C11,'PASSENGER LIST 27Aug_SUM'!$B$1:$B$3170,0),MATCH('15SEP.NATURE.A1'!G$2,'PASSENGER LIST 27Aug_SUM'!$A$1:$L$1,0))} -> Female | H11: {=INDEX('PASSENGER LIST 27Aug_SUM'!$A$1:$L$3170,MATCH($C11,'PASSENGER LIST 27Aug_SUM'!$B$1:$B$3170,0),MATCH('15SEP.NATURE.A1'!H$2,'PASSENGER LIST 27Aug_SUM'!$A$1:$L$1,0))} -> Canada | I11: {=INDEX('PASSENGER LIST 27Aug_SUM'!$A$1:$L$3170,MATCH($C11,'PASSENGER LIST 27Aug_SUM'!$B$1:$B$3170,0),MATCH('15SEP.NATURE.A1'!I$2,'PASSENGER LIST 27Aug_SUM'!$A$1:$L$1,0))} -> 43 | J11: {=INDEX('PASSENGER LIST 27Aug_SUM'!$A$1:$L$3170,MATCH($C11,'PASSENGER LIST 27Aug_SUM'!$B$1:$B$3170,0),MATCH('15SEP.NATURE.A1'!J$2,'PASSENGER LIST 27Aug_SUM'!$A$1:$L$1,0))} -> FAIRMONT | K11: {=INDEX('PASSENGER LIST 27Aug_SUM'!$A$1:$L$3170,MATCH($C11,'PASSENGER LIST 27Aug_SUM'!$B$1:$B$3170,0),MATCH('15SEP.NATURE.A1'!K$2,'PASSENGER LIST 27Aug_SUM'!$A$1:$L$1,0))} -> K-NATURE | L11: {=INDEX('PASSENGER LIST 27Aug_SUM'!$A$1:$L$3170,MATCH($C11,'PASSENGER LIST 27Aug_SUM'!$B$1:$B$3170,0),MATCH('15SEP.NATURE.A1'!L$2,'PASSENGER LIST 27Aug_SUM'!$A$1:$L$1,0))} -> No | M11: 45915 | N11: {=INDEX('PASSENGER LIST 27Aug_SUM'!$A$1:$M$3170,MATCH($C11,'PASSENGER LIST 27Aug_SUM'!$B$1:$B$3170,0),MATCH('15SEP.NATURE.A1'!N$2,'PASSENGER LIST 27Aug_SUM'!$A$1:$M$1,0))} -> 0
A12: 10 | B12: {=INDEX('PASSENGER LIST 27Aug_SUM'!$A$1:$L$3170,MATCH($C12,'PASSENGER LIST 27Aug_SUM'!$B$1:$B$3170,0),MATCH('15SEP.NATURE.A1'!B$2,'PASSENGER LIST 27Aug_SUM'!$A$1:$L$1,0))} -> A1 | C12: 59NMR83HXML | D12: {=INDEX('PASSENGER LIST 27Aug_SUM'!$A$1:$K$3170,MATCH($C12,'PASSENGER LIST 27Aug_SUM'!$B$1:$B$3170,0),MATCH('15SEP.NATURE.A1'!D$2,'PASSENGER LIST 27Aug_SUM'!$A$1:$K$1,0))} -> QSN925R4HCL | E12: {=INDEX('PASSENGER LIST 27Aug_SUM'!$A$1:$K$3170,MATCH($C12,'PASSENGER LIST 27Aug_SUM'!$B$1:$B$3170,0),MATCH('15SEP.NATURE.A1'!E$2,'PASSENGER LIST 27Aug_SUM'!$A$1:$K$1,0))} -> Armin Joseph | F12: {=INDEX('PASSENGER LIST 27Aug_SUM'!$A$1:$K$3170,MATCH($C12,'PASSENGER LIST 27Aug_SUM'!$B$1:$B$3170,0),MATCH('15SEP.NATURE.A1'!F$2,'PASSENGER LIST 27Aug_SUM'!$A$1:$K$1,0))} -> Adorna | G12: {=INDEX('PASSENGER LIST 27Aug_SUM'!$A$1:$L$3170,MATCH($C12,'PASSENGER LIST 27Aug_SUM'!$B$1:$B$3170,0),MATCH('15SEP.NATURE.A1'!G$2,'PASSENGER LIST 27Aug_SUM'!$A$1:$L$1,0))} -> Male | H12: {=INDEX('PASSENGER LIST 27Aug_SUM'!$A$1:$L$3170,MATCH($C12,'PASSENGER LIST 27Aug_SUM'!$B$1:$B$3170,0),MATCH('15SEP.NATURE.A1'!H$2,'PASSENGER LIST 27Aug_SUM'!$A$1:$L$1,0))} -> Canada | I12: {=INDEX('PASSENGER LIST 27Aug_SUM'!$A$1:$L$3170,MATCH($C12,'PASSENGER LIST 27Aug_SUM'!$B$1:$B$3170,0),MATCH('15SEP.NATURE.A1'!I$2,'PASSENGER LIST 27Aug_SUM'!$A$1:$L$1,0))} -> 47 | J12: {=INDEX('PASSENGER LIST 27Aug_SUM'!$A$1:$L$3170,MATCH($C12,'PASSENGER LIST 27Aug_SUM'!$B$1:$B$3170,0),MATCH('15SEP.NATURE.A1'!J$2,'PASSENGER LIST 27Aug_SUM'!$A$1:$L$1,0))} -> FAIRMONT | K12: {=INDEX('PASSENGER LIST 27Aug_SUM'!$A$1:$L$3170,MATCH($C12,'PASSENGER LIST 27Aug_SUM'!$B$1:$B$3170,0),MATCH('15SEP.NATURE.A1'!K$2,'PASSENGER LIST 27Aug_SUM'!$A$1:$L$1,0))} -> K-NATURE | L12: {=INDEX('PASSENGER LIST 27Aug_SUM'!$A$1:$L$3170,MATCH($C12,'PASSENGER LIST 27Aug_SUM'!$B$1:$B$3170,0),MATCH('15SEP.NATURE.A1'!L$2,'PASSENGER LIST 27Aug_SUM'!$A$1:$L$1,0))} -> No | M12: 45915 | N12: {=INDEX('PASSENGER LIST 27Aug_SUM'!$A$1:$M$3170,MATCH($C12,'PASSENGER LIST 27Aug_SUM'!$B$1:$B$3170,0),MATCH('15SEP.NATURE.A1'!N$2,'PASSENGER LIST 27Aug_SUM'!$A$1:$M$1,0))} -> 0
A13: 11 | B13: {=INDEX('PASSENGER LIST 27Aug_SUM'!$A$1:$L$3170,MATCH($C13,'PASSENGER LIST 27Aug_SUM'!$B$1:$B$3170,0),MATCH('15SEP.NATURE.A1'!B$2,'PASSENGER LIST 27Aug_SUM'!$A$1:$L$1,0))} -> A1 | C13: ZQN6JZM28V7 | D13: {=INDEX('PASSENGER LIST 27Aug_SUM'!$A$1:$K$3170,MATCH($C13,'PASSENGER LIST 27Aug_SUM'!$B$1:$B$3170,0),MATCH('15SEP.NATURE.A1'!D$2,'PASSENGER LIST 27Aug_SUM'!$A$1:$K$1,0))} -> QSN925R4HCL | E13: {=INDEX('PASSENGER LIST 27Aug_SUM'!$A$1:$K$3170,MATCH($C13,'PASSENGER LIST 27Aug_SUM'!$B$1:$B$3170,0),MATCH('15SEP.NATURE.A1'!E$2,'PASSENGER LIST 27Aug_SUM'!$A$1:$K$1,0))} -> Helena Cabral | F13: {=INDEX('PASSENGER LIST 27Aug_SUM'!$A$1:$K$3170,MATCH($C13,'PASSENGER LIST 27Aug_SUM'!$B$1:$B$3170,0),MATCH('15SEP.NATURE.A1'!F$2,'PASSENGER LIST 27Aug_SUM'!$A$1:$K$1,0))} -> Adorna | G13: {=INDEX('PASSENGER LIST 27Aug_SUM'!$A$1:$L$3170,MATCH($C13,'PASSENGER LIST 27Aug_SUM'!$B$1:$B$3170,0),MATCH('15SEP.NATURE.A1'!G$2,'PASSENGER LIST 27Aug_SUM'!$A$1:$L$1,0))} -> Female | H13: {=INDEX('PASSENGER LIST 27Aug_SUM'!$A$1:$L$3170,MATCH($C13,'PASSENGER LIST 27Aug_SUM'!$B$1:$B$3170,0),MATCH('15SEP.NATURE.A1'!H$2,'PASSENGER LIST 27Aug_SUM'!$A$1:$L$1,0))} -> Canada | I13: {=INDEX('PASSENGER LIST 27Aug_SUM'!$A$1:$L$3170,MATCH($C13,'PASSENGER LIST 27Aug_SUM'!$B$1:$B$3170,0),MATCH('15SEP.NATURE.A1'!I$2,'PASSENGER LIST 27Aug_SUM'!$A$1:$L$1,0))} -> 4 | J13: {=INDEX('PASSENGER LIST 27Aug_SUM'!$A$1:$L$3170,MATCH($C13,'PASSENGER LIST 27Aug_SUM'!$B$1:$B$3170,0),MATCH('15SEP.NATURE.A1'!J$2,'PASSENGER LIST 27Aug_SUM'!$A$1:$L$1,0))} -> FAIRMONT | K13: {=INDEX('PASSENGER LIST 27Aug_SUM'!$A$1:$L$3170,MATCH($C13,'PASSENGER LIST 27Aug_SUM'!$B$1:$B$3170,0),MATCH('15SEP.NATURE.A1'!K$2,'PASSENGER LIST 27Aug_SUM'!$A$1:$L$1,0))} -> K-NATURE | L13: {=INDEX('PASSENGER LIST 27Aug_SUM'!$A$1:$L$3170,MATCH($C13,'PASSENGER LIST 27Aug_SUM'!$B$1:$B$3170,0),MATCH('15SEP.NATURE.A1'!L$2,'PASSENGER LIST 27Aug_SUM'!$A$1:$L$1,0))} -> No | M13: 45915 | N13: {=INDEX('PASSENGER LIST 27Aug_SUM'!$A$1:$M$3170,MATCH($C13,'PASSENGER LIST 27Aug_SUM'!$B$1:$B$3170,0),MATCH('15SEP.NATURE.A1'!N$2,'PASSENGER LIST 27Aug_SUM'!$A$1:$M$1,0))} -> 0
A14: 12 | B14: {=INDEX('PASSENGER LIST 27Aug_SUM'!$A$1:$L$3170,MATCH($C14,'PASSENGER LIST 27Aug_SUM'!$B$1:$B$3170,0),MATCH('15SEP.NATURE.A1'!B$2,'PASSENGER LIST 27Aug_SUM'!$A$1:$L$1,0))} -> A1 | C14: CVN8H5ZBTW5 | D14: {=INDEX('PASSENGER LIST 27Aug_SUM'!$A$1:$K$3170,MATCH($C14,'PASSENGER LIST 27Aug_SUM'!$B$1:$B$3170,0),MATCH('15SEP.NATURE.A1'!D$2,'PASSENGER LIST 27Aug_SUM'!$A$1:$K$1,0))} -> CVN8H5ZBTW5 | E14: {=INDEX('PASSENGER LIST 27Aug_SUM'!$A$1:$K$3170,MATCH($C14,'PASSENGER LIST 27Aug_SUM'!$B$1:$B$3170,0),MATCH('15SEP.NATURE.A1'!E$2,'PASSENGER LIST 27Aug_SUM'!$A$1:$K$1,0))} -> Nhu Ai Hoang | F14: {=INDEX('PASSENGER LIST 27Aug_SUM'!$A$1:$K$3170,MATCH($C14,'PASSENGER LIST 27Aug_SUM'!$B$1:$B$3170,0),MATCH('15SEP.NATURE.A1'!F$2,'PASSENGER LIST 27Aug_SUM'!$A$1:$K$1,0))} -> Nguyen | G14: {=INDEX('PASSENGER LIST 27Aug_SUM'!$A$1:$L$3170,MATCH($C14,'PASSENGER LIST 27Aug_SUM'!$B$1:$B$3170,0),MATCH('15SEP.NATURE.A1'!G$2,'PASSENGER LIST 27Aug_SUM'!$A$1:$L$1,0))} -> Female | H14: {=INDEX('PASSENGER LIST 27Aug_SUM'!$A$1:$L$3170,MATCH($C14,'PASSENGER LIST 27Aug_SUM'!$B$1:$B$3170,0),MATCH('15SEP.NATURE.A1'!H$2,'PASSENGER LIST 27Aug_SUM'!$A$1:$L$1,0))} -> USA | I14: {=INDEX('PASSENGER LIST 27Aug_SUM'!$A$1:$L$3170,MATCH($C14,'PASSENGER LIST 27Aug_SUM'!$B$1:$B$3170,0),MATCH('15SEP.NATURE.A1'!I$2,'PASSENGER LIST 27Aug_SUM'!$A$1:$L$1,0))} -> 46 | J14: {=INDEX('PASSENGER LIST 27Aug_SUM'!$A$1:$L$3170,MATCH($C14,'PASSENGER LIST 27Aug_SUM'!$B$1:$B$3170,0),MATCH('15SEP.NATURE.A1'!J$2,'PASSENGER LIST 27Aug_SUM'!$A$1:$L$1,0))} -> JW MARRIOTT | K14: {=INDEX('PASSENGER LIST 27Aug_SUM'!$A$1:$L$3170,MATCH($C14,'PASSENGER LIST 27Aug_SUM'!$B$1:$B$3170,0),MATCH('15SEP.NATURE.A1'!K$2,'PASSENGER LIST 27Aug_SUM'!$A$1:$L$1,0))} -> K-NATURE | L14: {=INDEX('PASSENGER LIST 27Aug_SUM'!$A$1:$L$3170,MATCH($C14,'PASSENGER LIST 27Aug_SUM'!$B$1:$B$3170,0),MATCH('15SEP.NATURE.A1'!L$2,'PASSENGER LIST 27Aug_SUM'!$A$1:$L$1,0))} -> No | M14: 45915 | N14: {=INDEX('PASSENGER LIST 27Aug_SUM'!$A$1:$M$3170,MATCH($C14,'PASSENGER LIST 27Aug_SUM'!$B$1:$B$3170,0),MATCH('15SEP.NATURE.A1'!N$2,'PASSENGER LIST 27Aug_SUM'!$A$1:$M$1,0))} -> 0
... A27: 25 | B27: {=INDEX('PASSENGER LIST 27Aug_SUM'!$A$1:$L$3170,MATCH($C27,'PASSENGER LIST 27Aug_SUM'!$B$1:$B$3170,0),MATCH('15SEP.NATURE.A1'!B$2,'PASSENGER LIST 27Aug_SUM'!$A$1:$L$1,0))} -> A1 | C27: GWN6KSRSQSW | D27: {=INDEX('PASSENGER LIST 27Aug_SUM'!$A$1:$K$3170,MATCH($C27,'PASSENGER LIST 27Aug_SUM'!$B$1:$B$3170,0),MATCH('15SEP.NATURE.A1'!D$2,'PASSENGER LIST 27Aug_SUM'!$A$1:$K$1,0))} -> 7TN5H6M77RY | E27: {=INDEX('PASSENGER LIST 27Aug_SUM'!$A$1:$K$3170,MATCH($C27,'PASSENGER LIST 27Aug_SUM'!$B$1:$B$3170,0),MATCH('15SEP.NATURE.A1'!E$2,'PASSENGER LIST 27Aug_SUM'!$A$1:$K$1,0))} -> Mario | F27: {=INDEX('PASSENGER LIST 27Aug_SUM'!$A$1:$K$3170,MATCH($C27,'PASSENGER LIST 27Aug_SUM'!$B$1:$B$3170,0),MATCH('15SEP.NATURE.A1'!F$2,'PASSENGER LIST 27Aug_SUM'!$A$1:$K$1,0))} -> Gonzalez | G27: {=INDEX('PASSENGER LIST 27Aug_SUM'!$A$1:$L$3170,MATCH($C27,'PASSENGER LIST 27Aug_SUM'!$B$1:$B$3170,0),MATCH('15SEP.NATURE.A1'!G$2,'PASSENGER LIST 27Aug_SUM'!$A$1:$L$1,0))} -> Male | H27: {=INDEX('PASSENGER LIST 27Aug_SUM'!$A$1:$L$3170,MATCH($C27,'PASSENGER LIST 27Aug_SUM'!$B$1:$B$3170,0),MATCH('15SEP.NATURE.A1'!H$2,'PASSENGER LIST 27Aug_SUM'!$A$1:$L$1,0))} -> USA | I27: {=INDEX('PASSENGER LIST 27Aug_SUM'!$A$1:$L$3170,MATCH($C27,'PASSENGER LIST 27Aug_SUM'!$B$1:$B$3170,0),MATCH('15SEP.NATURE.A1'!I$2,'PASSENGER LIST 27Aug_SUM'!$A$1:$L$1,0))} -> 48 | J27: {=INDEX('PASSENGER LIST 27Aug_SUM'!$A$1:$L$3170,MATCH($C27,'PASSENGER LIST 27Aug_SUM'!$B$1:$B$3170,0),MATCH('15SEP.NATURE.A1'!J$2,'PASSENGER LIST 27Aug_SUM'!$A$1:$L$1,0))} -> JW MARRIOTT | K27: {=INDEX('PASSENGER LIST 27Aug_SUM'!$A$1:$L$3170,MATCH($C27,'PASSENGER LIST 27Aug_SUM'!$B$1:$B$3170,0),MATCH('15SEP.NATURE.A1'!K$2,'PASSENGER LIST 27Aug_SUM'!$A$1:$L$1,0))} -> K-NATURE | L27: {=INDEX('PASSENGER LIST 27Aug_SUM'!$A$1:$L$3170,MATCH($C27,'PASSENGER LIST 27Aug_SUM'!$B$1:$B$3170,0),MATCH('15SEP.NATURE.A1'!L$2,'PASSENGER LIST 27Aug_SUM'!$A$1:$L$1,0))} -> No | M27: 45915 | N27: {=INDEX('PASSENGER LIST 27Aug_SUM'!$A$1:$M$3170,MATCH($C27,'PASSENGER LIST 27Aug_SUM'!$B$1:$B$3170,0),MATCH('15SEP.NATURE.A1'!N$2,'PASSENGER LIST 27Aug_SUM'!$A$1:$M$1,0))} -> 0
K30: Railbike
K31: 2 seats | L31: 8
K32: 4 seats | L32: 3

Sheet 16SEP.FOOD.A1.A2
B1: 45916 | C1: K-FOOD | D1: A1 & A2
A2: No. | B2: Sub-Group | C2: Confirmation | D2: Primary registrant | E2: First Name | F2: Last Name | G2: Gender | H2: Passport Country | I2: AGE | J2: HOTEL | K2: Half-day 1 | L2: Vegan | M2: Dietary | N2: TOURING DATE | O2: REMARKS
A3: 1 | B3: {=INDEX('PASSENGER LIST 27Aug_SUM'!$A$1:$L$3170,MATCH($C3,'PASSENGER LIST 27Aug_SUM'!$B$1:$B$3170,0),MATCH('16SEP.FOOD.A1.A2'!B$2,'PASSENGER LIST 27Aug_SUM'!$A$1:$L$1,0))} -> A1 | C3: LPNLNCWGC89 | D3: {=INDEX('PASSENGER LIST 27Aug_SUM'!$A$1:$L$3170,MATCH($C3,'PASSENGER LIST 27Aug_SUM'!$B$1:$B$3170,0),MATCH('16SEP.FOOD.A1.A2'!D$2,'PASSENGER LIST 27Aug_SUM'!$A$1:$L$1,0))} -> LPNLNCWGC89 | E3: {=INDEX('PASSENGER LIST 27Aug_SUM'!$A$1:$L$3170,MATCH($C3,'PASSENGER LIST 27Aug_SUM'!$B$1:$B$3170,0),MATCH('16SEP.FOOD.A1.A2'!E$2,'PASSENGER LIST 27Aug_SUM'!$A$1:$L$1,0))} -> Christina Saraya | F3: {=INDEX('PASSENGER LIST 27Aug_SUM'!$A$1:$L$3170,MATCH($C3,'PASSENGER LIST 27Aug_SUM'!$B$1:$B$3170,0),MATCH('16SEP.FOOD.A1.A2'!F$2,'PASSENGER LIST 27Aug_SUM'!$A$1:$L$1,0))} -> Mc Kenzie | G3: {=INDEX('PASSENGER LIST 27Aug_SUM'!$A$1:$L$3170,MATCH($C3,'PASSENGER LIST 27Aug_SUM'!$B$1:$B$3170,0),MATCH('16SEP.FOOD.A1.A2'!G$2,'PASSENGER LIST 27Aug_SUM'!$A$1:$L$1,0))} -> Female | H3: {=INDEX('PASSENGER LIST 27Aug_SUM'!$A$1:$L$3170,MATCH($C3,'PASSENGER LIST 27Aug_SUM'!$B$1:$B$3170,0),MATCH('16SEP.FOOD.A1.A2'!H$2,'PASSENGER LIST 27Aug_SUM'!$A$1:$L$1,0))} -> USA | I3: {=INDEX('PASSENGER LIST 27Aug_SUM'!$A$1:$L$3170,MATCH($C3,'PASSENGER LIST 27Aug_SUM'!$B$1:$B$3170,0),MATCH('16SEP.FOOD.A1.A2'!I$2,'PASSENGER LIST 27Aug_SUM'!$A$1:$L$1,0))} -> 28 | J3: {=INDEX('PASSENGER LIST 27Aug_SUM'!$A$1:$L$3170,MATCH($C3,'PASSENGER LIST 27Aug_SUM'!$B$1:$B$3170,0),MATCH('16SEP.FOOD.A1.A2'!J$2,'PASSENGER LIST 27Aug_SUM'!$A$1:$L$1,0))} -> FAIRMONT | K3: {=INDEX('PASSENGER LIST 27Aug_SUM'!$A$1:$L$3170,MATCH($C3,'PASSENGER LIST 27Aug_SUM'!$B$1:$B$3170,0),MATCH('16SEP.FOOD.A1.A2'!K$2,'PASSENGER LIST 27Aug_SUM'!$A$1:$L$1,0))} -> K-FOOD | L3: {=INDEX('PASSENGER LIST 27Aug_SUM'!$A$1:$L$3170,MATCH($C3,'PASSENGER LIST 27Aug_SUM'!$B$1:$B$3170,0),MATCH('16SEP.FOOD.A1.A2'!L$2,'PASSENGER LIST 27Aug_SUM'!$A$1:$L$1,0))} -> No | N3: 45916 | O3: {=INDEX('PASSENGER LIST 27Aug_SUM'!$A$1:$M$3170,MATCH($C3,'PASSENGER LIST 27Aug_SUM'!$B$1:$B$3170,0),MATCH('16SEP.FOOD.A1.A2'!O$2,'PASSENGER LIST 27Aug_SUM'!$A$1:$M$1,0))} -> 0
A4: 2 | B4: {=INDEX('PASSENGER LIST 27Aug_SUM'!$A$1:$L$3170,MATCH($C4,'PASSENGER LIST 27Aug_SUM'!$B$1:$B$3170,0),MATCH('16SEP.FOOD.A1.A2'!B$2,'PASSENGER LIST 27Aug_SUM'!$A$1:$L$1,0))} -> A1 | C4: 3GNRBFRRN45 | D4: {=INDEX('PASSENGER LIST 27Aug_SUM'!$A$1:$L$3170,MATCH($C4,'PASSENGER LIST 27Aug_SUM'!$B$1:$B$3170,0),MATCH('16SEP.FOOD.A1.A2'!D$2,'PASSENGER LIST 27Aug_SUM'!$A$1:$L$1,0))} -> LPNLNCWGC89 | E4: {=INDEX('PASSENGER LIST 27Aug_SUM'!$A$1:$L$3170,MATCH($C4,'PASSENGER LIST 27Aug_SUM'!$B$1:$B$3170,0),MATCH('16SEP.FOOD.A1.A2'!E$2,'PASSENGER LIST 27Aug_SUM'!$A$1:$L$1,0))} -> Raynell Alexsis | F4: {=INDEX('PASSENGER LIST 27Aug_SUM'!$A$1:$L$3170,MATCH($C4,'PASSENGER LIST 27Aug_SUM'!$B$1:$B$3170,0),MATCH('16SEP.FOOD.A1.A2'!F$2,'PASSENGER LIST 27Aug_SUM'!$A$1:$L$1,0))} -> Mc Kenzie | G4: {=INDEX('PASSENGER LIST 27Aug_SUM'!$A$1:$L$3170,MATCH($C4,'PASSENGER LIST 27Aug_SUM'!$B$1:$B$3170,0),MATCH('16SEP.FOOD.A1.A2'!G$2,'PASSENGER LIST 27Aug_SUM'!$A$1:$L$1,0))} -> Female | H4: {=INDEX('PASSENGER LIST 27Aug_SUM'!$A$1:$L$3170,MATCH($C4,'PASSENGER LIST 27Aug_SUM'!$B$1:$B$3170,0),MATCH('16SEP.FOOD.A1.A2'!H$2,'PASSENGER LIST 27Aug_SUM'!$A$1:$L$1,0))} -> USA | I4: {=INDEX('PASSENGER LIST 27Aug_SUM'!$A$1:$L$3170,MATCH($C4,'PASSENGER LIST 27Aug_SUM'!$B$1:$B$3170,0),MATCH('16SEP.FOOD.A1.A2'!I$2,'PASSENGER LIST 27Aug_SUM'!$A$1:$L$1,0))} -> 30 | J4: {=INDEX('PASSENGER LIST 27Aug_SUM'!$A$1:$L$3170,MATCH($C4,'PASSENGER LIST 27Aug_SUM'!$B$1:$B$3170,0),MATCH('16SEP.FOOD.A1.A2'!J$2,'PASSENGER LIST 27Aug_SUM'!$A$1:$L$1,0))} -> FAIRMONT | K4: {=INDEX('PASSENGER LIST 27Aug_SUM'!$A$1:$L$3170,MATCH($C4,'PASSENGER LIST 27Aug_SUM'!$B$1:$B$3170,0),MATCH('16SEP.FOOD.A1.A2'!K$2,'PASSENGER LIST 27Aug_SUM'!$A$1:$L$1,0))} -> K-FOOD | L4: {=INDEX('PASSENGER LIST 27Aug_SUM'!$A$1:$L$3170,MATCH($C4,'PASSENGER LIST 27Aug_SUM'!$B$1:$B$3170,0),MATCH('16SEP.FOOD.A1.A2'!L$2,'PASSENGER LIST 27Aug_SUM'!$A$1:$L$1,0))} -> No | N4: 45916 | O4: {=INDEX('PASSENGER LIST 27Aug_SUM'!$A$1:$M$3170,MATCH($C4,'PASSENGER LIST 27Aug_SUM'!$B$1:$B$3170,0),MATCH('16SEP.FOOD.A1.A2'!O$2,'PASSENGER LIST 27Aug_SUM'!$A$1:$M$1,0))} -> 0
A5: 3 | B5: {=INDEX('PASSENGER LIST 27Aug_SUM'!$A$1:$L$3170,MATCH($C5,'PASSENGER LIST 27Aug_SUM'!$B$1:$B$3170,0),MATCH('16SEP.FOOD.A1.A2'!B$2,'PASSENGER LIST 27Aug_SUM'!$A$1:$L$1,0))} -> A1 | C5: 4ZNF2SY6DXR | D5: {=INDEX('PASSENGER LIST 27Aug_SUM'!$A$1:$L$3170,MATCH($C5,'PASSENGER LIST 27Aug_SUM'!$B$1:$B$3170,0),MATCH('16SEP.FOOD.A1.A2'!D$2,'PASSENGER LIST 27Aug_SUM'!$A$1:$L$1,0))} -> 4ZNF2SY6DXR | E5: {=INDEX('PASSENGER LIST 27Aug_SUM'!$A$1:$L$3170,MATCH($C5,'PASSENGER LIST 27Aug_SUM'!$B$1:$B$3170,0),MATCH('16SEP.FOOD.A1.A2'!E$2,'PASSENGER LIST 27Aug_SUM'!$A$1:$L$1,0))} -> Clorine Coral | F5: {=INDEX('PASSENGER LIST 27Aug_SUM'!$A$1:$L$3170,MATCH($C5,'PASSENGER LIST 27Aug_SUM'!$B$1:$B$3170,0),MATCH('16SEP.FOOD.A1.A2'!F$2,'PASSENGER LIST 27Aug_SUM'!$A$1:$L$1,0))} -> Mc Kenzie | G5: {=INDEX('PASSENGER LIST 27Aug_SUM'!$A$1:$L$3170,MATCH($C5,'PASSENGER LIST 27Aug_SUM'!$B$1:$B$3170,0),MATCH('16SEP.FOOD.A1.A2'!G$2,'PASSENGER LIST 27Aug_SUM'!$A$1:$L$1,0))} -> Female | H5: {=INDEX('PASSENGER LIST 27Aug_SUM'!$A$1:$L$3170,MATCH($C5,'PASSENGER LIST 27Aug_SUM'!$B$1:$B$3170,0),MATCH('16SEP.FOOD.A1.A2'!H$2,'PASSENGER LIST 27Aug_SUM'!$A$1:$L$1,0))} -> USA | I5: {=INDEX('PASSENGER LIST 27Aug_SUM'!$A$1:$L$3170,MATCH($C5,'PASSENGER LIST 27Aug_SUM'!$B$1:$B$3170,0),MATCH('16SEP.FOOD.A1.A2'!I$2,'PASSENGER LIST 27Aug_SUM'!$A$1:$L$1,0))} -> 61 | J5: {=INDEX('PASSENGER LIST 27Aug_SUM'!$A$1:$L$3170,MATCH($C5,'PASSENGER LIST 27Aug_SUM'!$B$1:$B$3170,0),MATCH('16SEP.FOOD.A1.A2'!J$2,'PASSENGER LIST 27Aug_SUM'!$A$1:$L$1,0))} -> FAIRMONT | K5: {=INDEX('PASSENGER LIST 27Aug_SUM'!$A$1:$L$3170,MATCH($C5,'PASSENGER LIST 27Aug_SUM'!$B$1:$B$3170,0),MATCH('16SEP.FOOD.A1.A2'!K$2,'PASSENGER LIST 27Aug_SUM'!$A$1:$L$1,0))} -> K-FOOD | L5: {=INDEX('PASSENGER LIST 27Aug_SUM'!$A$1:$L$3170,MATCH($C5,'PASSENGER LIST 27Aug_SUM'!$B$1:$B$3170,0),MATCH('16SEP.FOOD.A1.A2'!L$2,'PASSENGER LIST 27Aug_SUM'!$A$1:$L$1,0))} -> No | N5: 45916 | O5: {=INDEX('PASSENGER LIST 27Aug_SUM'!$A$1:$M$3170,MATCH($C5,'PASSENGER LIST 27Aug_SUM'!$B$1:$B$3170,0),MATCH('16SEP.FOOD.A1.A2'!O$2,'PASSENGER LIST 27Aug_SUM'!$A$1:$M$1,0))} -> 0
A6: 4 | B6: {=INDEX('PASSENGER LIST 27Aug_SUM'!$A$1:$L$3170,MATCH($C6,'PASSENGER LIST 27Aug_SUM'!$B$1:$B$3170,0),MATCH('16SEP.FOOD.A1.A2'!B$2,'PASSENGER LIST 27Aug_SUM'!$A$1:$L$1,0))} -> A1 | C6: SRN5TF975DB | D6: {=INDEX('PASSENGER LIST 27Aug_SUM'!$A$1:$L$3170,MATCH($C6,'PASSENGER LIST 27Aug_SUM'!$B$1:$B$3170,0),MATCH('16SEP.FOOD.A1.A2'!D$2,'PASSENGER LIST 27Aug_SUM'!$A$1:$L$1,0))} -> 4ZNF2SY6DXR | E6: {=INDEX('PASSENGER LIST 27Aug_SUM'!$A$1:$L$3170,MATCH($C6,'PASSENGER LIST 27Aug_SUM'!$B$1:$B$3170,0),MATCH('16SEP.FOOD.A1.A2'!E$2,'PASSENGER LIST 27Aug_SUM'!$A$1:$L$1,0))} -> Aubrey Francis | F6: {=INDEX('PASSENGER LIST 27Aug_SUM'!$A$1:$L$3170,MATCH($C6,'PASSENGER LIST 27Aug_SUM'!$B$1:$B$3170,0),MATCH('16SEP.FOOD.A1.A2'!F$2,'PASSENGER LIST 27Aug_SUM'!$A$1:$L$1,0))} -> Mc Kenzie | G6: {=INDEX('PASSENGER LIST 27Aug_SUM'!$A$1:$L$3170,MATCH($C6,'PASSENGER LIST 27Aug_SUM'!$B$1:$B$3170,0),MATCH('16SEP.FOOD.A1.A2'!G$2,'PASSENGER LIST 27Aug_SUM'!$A$1:$L$1,0))} -> Male | H6: {=INDEX('PASSENGER LIST 27Aug_SUM'!$A$1:$L$3170,MATCH($C6,'PASSENGER LIST 27Aug_SUM'!$B$1:$B$3170,0),MATCH('16SEP.FOOD.A1.A2'!H$2,'PASSENGER LIST 27Aug_SUM'!$A$1:$L$1,0))} -> USA | I6: {=INDEX('PASSENGER LIST 27Aug_SUM'!$A$1:$L$3170,MATCH($C6,'PASSENGER LIST 27Aug_SUM'!$B$1:$B$3170,0),MATCH('16SEP.FOOD.A1.A2'!I$2,'PASSENGER LIST 27Aug_SUM'!$A$1:$L$1,0))} -> 63 | J6: {=INDEX('PASSENGER LIST 27Aug_SUM'!$A$1:$L$3170,MATCH($C6,'PASSENGER LIST 27Aug_SUM'!$B$1:$B$3170,0),MATCH('16SEP.FOOD.A1.A2'!J$2,'PASSENGER LIST 27Aug_SUM'!$A$1:$L$1,0))} -> FAIRMONT | K6: {=INDEX('PASSENGER LIST 27Aug_SUM'!$A$1:$L$3170,MATCH($C6,'PASSENGER LIST 27Aug_SUM'!$B$1:$B$3170,0),MATCH('16SEP.FOOD.A1.A2'!K$2,'PASSENGER LIST 27Aug_SUM'!$A$1:$L$1,0))} -> K-FOOD | L6: {=INDEX('PASSENGER LIST 27Aug_SUM'!$A$1:$L$3170,MATCH($C6,'PASSENGER LIST 27Aug_SUM'!$B$1:$B$3170,0),MATCH('16SEP.FOOD.A1.A2'!L$2,'PASSENGER LIST 27Aug_SUM'!$A$1:$L$1,0))} -> No | N6: 45916 | O6: {=INDEX('PASSENGER LIST 27Aug_SUM'!$A$1:$M$3170,MATCH($C6,'PASSENGER LIST 27Aug_SUM'!$B$1:$B$3170,0),MATCH('16SEP.FOOD.A1.A2'!O$2,'PASSENGER LIST 27Aug_SUM'!$A$1:$M$1,0))} -> 0
