Workbook
Name Header: '[1]List Tracking'!$C$9:$BS$9

Sheet Master booking sum
D2: Journey Beyond Asia (JBA)
F7: MASTER BOOKING SUMMARY
F8: GROUP B
E10: Hotel: | F10: LOTTE SEOUL HOTEL
E11: Attention: | F11: David Koo
E13: Submitted Date: | F13: 45905
E16: Dear Sir/Madam,
E18: Greetings from Journey Beyond Asia (JBA)
E20: We are pleased to send you the total number of confirmed room for main group, including pre- & post-night bookings, as details in the rooming list on the next sheet.
D23: NO. | E23: ROOM TYPE | F23: NUMBER OF ROOM | I23: EXTRA SERVICES | K23: PERIOD OF STAY | N23: NOTES
F24: Single | G24: Double room | H24: Twin room | I24: Extra bed | J24: CHILD (4 - under 12 ys) | K24: CHECK-IN | L24: CHECK-OUT | M24: No of NIGHT | N24: CONTRACT RATE | O24: NEW RATE | P24: NOTES
D25: 1 | E25: ROH | F25: ='Rooming list'!J5 -> 15 | G25: ='Rooming list'!K5 -> 74 | H25: ='Rooming list'!L5 -> 48 | I25: ='Rooming list'!M5 -> 0 | J25: ='Rooming list'!Q5 -> 10 | K25: 45918 | L25: 45923 | M25: =L25-K25 -> 5
D26: 2 | E26: 1 PRE-NIGHT | G26: 1 | K26: 45917 | L26: 45918 | M26: =L26-K26 -> 1
D27: 3 | E27: 1 POST-NIGHT | K27: 45923 | L27: 45924 | M27: 1
D28: 4 | E28: 2 PRE-NIGHT | K28: 45916 | L28: 45918 | M28: =L28-K28 -> 2
E29: 2 POST-NIGHT | K29: 45923 | L29: 45925 | M29: 2
E30: 3 PRE-NIGHT | K30: 45915 | L30: 45918 | M30: =L30-K30 -> 3
E31: 3 POST-NIGHT | K31: 45923 | L31: 45926 | M31: 3
D32: 8 | E32: SUBTOTAL - PRE & POST | F32: =SUM(F26:F31) -> 0 | G32: =SUM(G26:G31) -> 1 | H32: =SUM(H26:H31) -> 0
D33: 5 | E33: CHILD BREAKFAST SURCHARGE | J33: =J25 -> 10
D34: TOTAL (ROOM): | F34: =F25+G25+H25 -> 137 | G34: ROOMS
D35: MAIN GROUP TOTAL ROOM NIGHTS: | F35: =F34*M25 -> 685 | G35: Room nights
D36: TOTAL PRE&POST NIGHTS: | F36: =F32+G32+H32 -> 1 | G36: Room nights
D37: GRAND TOTAL: | F37: =SUM(F35:G36) -> 686 | G37: Room nights
D41: 1. Inclusions
D42: - Room rate includes of buffet breakfast, service charge, all taxes, in-room wifi and will be settled by JBA (Master Bill)
D43: -No incidental charges may be posted to the room. Any such charges (if incurred) will be paid directly by the guest.
D45: 2. VAT invoice information: PLEASE INCLUDE BELOW INFORMATION IN THE FINAL INVOICE
D47: - Name : | F47: JBA COMPANY LIMITED
D48: - Address : | F48: 5th Floor, CJ Building, 6 Le Thanh Ton St., Sai Gon Ward, HCM City., Vietnam.
D49: - VAT code : | F49: 0314965640
D50: - Email : | F50: info@jba-dmc.com

Sheet Rooming list
D2: ROOM LIST FOR LOTTE SEOUL_GROUP B
H4: SEOUL LOTTE | I4: ROOM TOTAL | J4: SINGLE | K4: DOUBLE | L4: TWIN | M4: EXTRA BED | N4: PRE & POST NIGHTS | O4: PAX TOTAL | P4: ADULT | Q4: CHD (4 TO UNDER 12 Y/O)
H5: LOTTE | I5: =SUM(J5:L5) -> 137 | J5: =SUM(Y10:Y289) -> 15 | K5: =SUM(Z10:Z289) -> 74 | L5: =SUM(AA10:AA289) -> 48 | M5: 0 | N5: 1 | O5: =SUM(P5:Q5) -> 269 | P5: =SUM(V10:V289) -> 259 | Q5: =COUNTIFS(M10:M289,">3",M10:M289,"<12") -> 10
D6: Provided by Hotel | U6: Pax Count | X6: Room Count | AC6: International Filght | AF6: International Filght
C8: ROOM # | D8: HOTEL CONFIRM # | E8: GRP ID | F8: ROOM MATE CFM # | G8: PRIMARY CFM # | H8: FIRST NAME | I8: LAST NAME | J8: GENDER | K8: NATIONALITY | L8: DOB | M8: AGE | N8: PASSPORT | P8: ROOM TYPE | Q8: PRE & POST | R8: IN | S8: OUT | T8: RN | U8: TOTAL PAX | V8: ADULT | W8: CHILD | X8: TOTAL ROOM | Y8: SGL | Z8: DBL | AA8: TWIN | AB8: EXTRA BED | AC8: ARRIVAL | AF8: DEPARTURE | AI8: CEO | AJ8: VIP | AK8: SPECIAL REQUEST | AL8: HOTEL | AM8: GROUP | AN8: CATEGORY | AO8: ROOM SERVICE | AP8: MODIFICATION NOTES
N9: Number | O9: Expiry Date | AC9: ARR DATE | AD9: ETA | AE9: FLIGHT # | AF9: DEPT DATE | AG9: ETD | AH9: FLIGHT #
C10: 1 | D10: 15262602 | E10: LO-B01 | F10: 8WNBRPHWK2Q | G10: 8WNBRPHWK2Q | H10: Sonie | I10: Derius | J10: Female | K10: USA | L10: 29910 | M10: 43 | N10: A19847898 | O10: 48687 | P10: DOUBLE | R10: 45918 | S10: 45923 | T10: =S10-R10 -> 5 | U10: 1 | V10: 1 | W10: 0 | X10: 1 | Y10: 0 | Z10: 1 | AA10: 0 | AC10: 45918 | AD10: 0.19097222 | AE10: KE 720 | AF10: 45923 | AG10: 0.79513889 | AH10: AC 62 | AI10: Alec Chan | AL10: LOTTE | AM10: B | AN10: DD
E11: LO-B01 | F11: YQNJDWRVP3C | G11: 8WNBRPHWK2Q | H11: Josue | I11: Mezier | J11: Male | K11: USA | L11: 29631 | M11: 44 | N11: 588677965 | O11: 46949 | P11: DOUBLE | R11: 45918 | S11: 45923 | T11: =S11-R11 -> 5 | U11: 1 | V11: 1 | W11: 0 | X11: 0 | Y11: 0 | Z11: 0 | AA11: 0 | AC11: 45918 | AD11: 0.19097222 | AE11: KE 720 | AF11: 45923 | AG11: 0.79513889 | AH11: AC 62 | AI11: Alec Chan | AL11: LOTTE | AM11: B | AN11: DD
E12: LO-B01 | F12: VPNJZ36VNFD | G12: 8WNBRPHWK2Q | H12: Laureen Josie | I12: Mezier | J12: Female | K12: USA | L12: 41626 | M12: 11 | N12: A32906203 | O12: 47205 | P12: DOUBLE | R12: 45918 | S12: 45923 | T12: =S12-R12 -> 5 | U12: 1 | V12: 0 | W12: 1 | X12: 0 | Y12: 0 | Z12: 0 | AA12: 0 | AC12: 45918 | AD12: 0.19097222 | AE12: KE 720 | AF12: 45923 | AG12: 0.79513889 | AH12: AC 62 | AI12: Alec Chan | AL12: LOTTE | AM12: B | AN12: DD
C13: =IF($X13=1,COUNTIF($C$10:C12,">0")+1,"") -> 2 | D13: 15262603 | E13: LO-B01 | F13: Q6NRTQ4FF5L | G13: Q6NRTQ4FF5L | H13: Corazon Bathan | I13: Tuiza | J13: Female | K13: Canada | L13: 20461 | M13: 69 | N13: AD922864 | O13: 46732 | P13: DOUBLE | R13: 45918 | S13: 45923 | T13: =S13-R13 -> 5 | U13: 1 | V13: 1 | W13: 0 | X13: 1 | Y13: 0 | Z13: 1 | AA13: 0 | AC13: 45918 | AD13: 0.50694444 | AE13: Z2 884 | AH13: NO NEED | AI13: Alec Chan | AL13: LOTTE | AM13: B | AN13: DD
C14: =IF($X14=1,COUNTIF($C$10:C13,">0")+1,"") | E14: LO-B01 | F14: 52N8CDH3QMY | G14: Q6NRTQ4FF5L | H14: Ricardo Rivera | I14: Tuiza | J14: Male | K14: Canada | L14: 19979 | M14: 71 | N14: AR016929 | O14: 47875 | P14: DOUBLE | R14: 45918 | S14: 45923 | T14: =S14-R14 -> 5 | U14: 1 | V14: 1 | W14: 0 | X14: 0 | Y14: 0 | Z14: 0 | AA14: 0 | AC14: 45918 | AD14: 0.50694444 | AE14: Z2 884 | AH14: NO NEED | AI14: Alec Chan | AL14: LOTTE | AM14: B | AN14: DD
C15: =IF($X15=1,COUNTIF($C$10:C14,">0")+1,"") -> 3 | D15: 15262682 | E15: LO-B07 | F15: X5NV882ZWSS | G15: X5NV882ZWSS | H15: Michelle | I15: Williams | J15: Female | K15: USA | L15: 27388 | M15: 50 | N15: 640008393 | O15: 47321 | P15: SINGLE | R15: 45918 | S15: 45923 | T15: =S15-R15 -> 5 | U15: 1 | V15: 1 | W15: 0 | X15: 1 | Y15: 1 | Z15: 0 | AA15: 0 | AC15: 45918 | AD15: 0.74305556 | AE15: KE 82 | AF15: 45923 | AG15: 0.8125 | AH15: KE 85 | AI15: Nan Satt | AL15: LOTTE | AM15: B | AN15: DD
C16: =IF($X16=1,COUNTIF($C$10:C15,">0")+1,"") | E16: LO-B01 | F16: 5GNQFH4QLK8 | G16: C4NLZBY43S5 | H16: Riza | I16: Mariano | J16: Female | K16: Canada | L16: 28099 | M16: 48 | N16: AT604361 | O16: 48494 | P16: DOUBLE | R16: 45918 | S16: 45923 | T16: =S16-R16 -> 5 | U16: 1 | V16: 1 | W16: 0 | X16: 0 | Y16: 0 | Z16: 0 | AA16: 0 | AI16: Alec Chan | AL16: LOTTE | AM16: B | AN16: DD
C17: =IF($X17=1,COUNTIF($C$10:C16,">0")+1,"") -> 4 | D17: 15262605 | E17: LO-B01 | F17: LKNTWN3G59Y | G17: LKNTWN3G59Y | H17: Andrew Leigh | I17: Karas | J17: Male | K17: USA | L17: 27038 | M17: 51 | N17: 549325122 | O17: 46280 | P17: SINGLE | R17: 45918 | S17: 45923 | T17: =S17-R17 -> 5 | U17: 1 | V17: 1 | W17: 0 | X17: 1 | Y17: 1 | Z17: 0 | AA17: 0 | AC17: 45913 | AD17: 0.64583333 | AE17: AA 281 | AF17: 45924 | AG17: 0.72569444 | AH17: AA 280 | AI17: Alec Chan | AL17: LOTTE | AM17: B | AN17: DD
C18: =IF($X18=1,COUNTIF($C$10:C17,">0")+1,"") -> 5 | D18: 15262606 | E18: LO-B02 | F18: D4NCQCBVVZL | G18: D4NCQCBVVZL | H18: Danfeng | I18: Chen | J18: Female | K18: USA | L18: 30611 | M18: 41 | N18: 561139482 | O18: 46439 | P18: DOUBLE | R18: 45918 | S18: 45923 | T18: =S18-R18 -> 5 | U18: 1 | V18: 1 | W18: 0 | X18: 1 | Y18: 0 | Z18: 1 | AA18: 0 | AC18: 45918 | AD18: 0.72916667 | AE18: AC 61 | AF18: 45923 | AG18: 0.79513889 | AH18: AC 62 | AI18: Annie Chen | AJ18: CEO VIP | AL18: LOTTE | AM18: B | AN18: DD
C19: =IF($X19=1,COUNTIF($C$10:C18,">0")+1,"") | E19: LO-B02 | F19: C8NDW74RXVT | G19: D4NCQCBVVZL | H19: Fei | I19: Li | J19: Male | K19: USA | L19: 29124 | M19: 45 | N19: 565537441 | O19: 46542 | P19: DOUBLE | R19: 45918 | S19: 45923 | T19: =S19-R19 -> 5 | U19: 1 | V19: 1 | W19: 0 | X19: 0 | Y19: 0 | Z19: 0 | AA19: 0 | AC19: 45918 | AD19: 0.72916667 | AE19: AC 61 | AF19: 45923 | AG19: 0.79513889 | AH19: AC 62 | AI19: Annie Chen | AL19: LOTTE | AM19: B | AN19: DD
C20: =IF($X20=1,COUNTIF($C$10:C19,">0")+1,"") -> 6 | D20: 15262607 | E20: LO-B02 | F20: V5NGQKB2WFF | G20: V5NGQKB2WFF | H20: Qiaohua | I20: Zou | J20: Female | K20: USA | L20: 33545 | M20: 33 | N20: 651671934 | O20: 47539 | P20: SINGLE | R20: 45918 | S20: 45923 | T20: =S20-R20 -> 5 | U20: 1 | V20: 1 | W20: 0 | X20: 1 | Y20: 1 | Z20: 0 | AA20: 0 | AC20: 45918 | AD20: 0.65277778 | AE20: KE 128 | AF20: 45923 | AG20: 0.34722222 | AH20: KE 127 | AI20: Annie Chen | AL20: LOTTE | AM20: B | AN20: DD
C21: =IF($X21=1,COUNTIF($C$10:C20,">0")+1,"") -> 7 | D21: 15262608 | E21: LO-B12 | F21: 3MN8G6BW3XJ | G21: 3MN8G6BW3XJ | H21: Chito Mendoza | I21: Roxas | J21: Male | K21: USA | L21: 23087 | M21: 62 | N21: 550072142 | O21: 46398 | P21: DOUBLE | R21: 45918 | S21: 45923 | T21: =S21-R21 -> 5 | U21: 1 | V21: 1 | W21: 0 | X21: 1 | Y21: 0 | Z21: 1 | AA21: 0 | AC21: 45918 | AD21: 0.25 | AE21: PR 466 | AF21: 45923 | AG21: 0.85416667 | AH21: PR 469 | AI21: Chito Roxas | AJ21: CEO VIP | AL21: LOTTE | AM21: B | AN21: DD
C22: =IF($X22=1,COUNTIF($C$10:C21,">0")+1,"") | E22: LO-B12 | F22: YTNSLFFGMC5 | G22: 3MN8G6BW3XJ | H22: Sheila Salunga | I22: Roxas | J22: Female | K22: USA | L22: 27667 | M22: 49 | N22: 550072143 | O22: 46398 | P22: DOUBLE | R22: 45918 | S22: 45923 | T22: =S22-R22 -> 5 | U22: 1 | V22: 1 | W22: 0 | X22: 0 | Y22: 0 | Z22: 0 | AA22: 0 | AC22: 45918 | AD22: 0.25 | AE22: PR 466 | AF22: 45923 | AG22: 0.85416667 | AH22: PR 469 | AI22: Chito Roxas | AL22: LOTTE | AM22: B | AN22: DD
C23: =IF($X23=1,COUNTIF($C$10:C22,">0")+1,"") -> 8 | D23: 15262609 | E23: LO-B03 | F23: SXN8W63YJDW | G23: SXN8W63YJDW | H23: Chloe | I23: Xu | J23: Female | K23: USA | L23: 30394 | M23: 42 | N23: 566463012 | O23: 47188 | P23: TWIN | R23: 45918 | S23: 45923 | T23: =S23-R23 -> 5 | U23: 1 | V23: 1 | W23: 0 | X23: 1 | Y23: 0 | Z23: 0 | AA23: 1 | AC23: 45918 | AD23: 0.47569444 | AE23: RF 315 | AF23: 45923 | AG23: 0.89583333 | AH23: YP 131 | AI23: Chloe Xu | AJ23: CEO VIP | AL23: LOTTE | AM23: B | AN23: GT
C24: =IF($X24=1,COUNTIF($C$10:C23,">0")+1,"") | E24: LO-B03 | F24: CLN3ZSSV4Z5 | G24: SXN8W63YJDW | H24: Weiyou | I24: Chen | J24: Male | K24: China | L24: 30270 | M24: 42 | N24: EJ2675473 | O24: 47854 | P24: TWIN | R24: 45918 | S24: 45923 | T24: =S24-R24 -> 5 | U24: 1 | V24: 1 | W24: 0 | X24: 0 | Y24: 0 | Z24: 0 | AA24: 0 | AC24: 45918 | AD24: 0.47569444 | AE24: RF 315 | AF24: 45923 | AG24: 0.89583333 | AH24: YP 131 | AI24: Chloe Xu | AL24: LOTTE | AM24: B | AN24: GT
C25: =IF($X25=1,COUNTIF($C$10:C24,">0")+1,"") | E25: LO-B03 | F25: GDN2BZRCB7K | G25: SXN8W63YJDW | H25: Felix Kai | I25: Chen | J25: Male | K25: USA | L25: 42734 | M25: 8 | N25: A05570520 | O25: 46748 | P25: TWIN | R25: 45918 | S25: 45923 | T25: =S25-R25 -> 5 | U25: 1 | V25: 0 | W25: 1 | X25: 0 | Y25: 0 | Z25: 0 | AA25: 0 | AC25: 45918 | AD25: 0.47569444 | AE25: RF 315 | AF25: 45923 | AG25: 0.89583333 | AH25: YP 131 | AI25: Chloe Xu | AL25: LOTTE | AM25: B | AN25: GT
C26: =IF($X26=1,COUNTIF($C$10:C25,">0")+1,"") -> 9 | D26: 15262610 | E26: LO-B03 | F26: VLNXVYL2DKH | G26: VLNXVYL2DKH | H26: Julia | I26: Huang | J26: Female | K26: USA | L26: 36315 | M26: 26 | N26: A33566887 | O26: 48909 | P26: DOUBLE | R26: 45918 | S26: 45923 | T26: =S26-R26 -> 5 | U26: 1 | V26: 1 | W26: 0 | X26: 1 | Y26: 0 | Z26: 1 | AA26: 0 | AC26: 45918 | AD26: 0.72222222 | AE26: DL 171 | AF26: 45923 | AG26: 0.34027778 | AH26: RS 705 | AI26: Chloe Xu | AL26: LOTTE | AM26: B | AN26: GD
C27: =IF($X27=1,COUNTIF($C$10:C26,">0")+1,"") | E27: LO-B03 | F27: PSNJ9PDGZMJ | G27: VLNXVYL2DKH | H27: Matthew | I27: Williams | J27: Male | K27: USA | L27: 37210 | M27: 23 | N27: A68772515 | O27: 49461 | P27: DOUBLE | R27: 45918 | S27: 45923 | T27: =S27-R27 -> 5 | U27: 1 | V27: 1 | W27: 0 | X27: 0 | Y27: 0 | Z27: 0 | AA27: 0 | AC27: 45918 | AD27: 0.72222222 | AE27: DL 171 | AF27: 45923 | AG27: 0.34027778 | AH27: RS 705 | AI27: Chloe Xu | AL27: LOTTE | AM27: B | AN27: GD
C28: =IF($X28=1,COUNTIF($C$10:C27,">0")+1,"") -> 10 | D28: 15262611 | E28: LO-B03 | F28: RXNSXKSFMFM | G28: VLNXVYL2DKH | H28: Mei Juan | I28: Lin | J28: Female | K28: USA | L28: 26600 | M28: 52 | N28: A04383968 | O28: 48654 | P28: TWIN | R28: 45918 | S28: 45923 | T28: =S28-R28 -> 5 | U28: 1 | V28: 1 | W28: 0 | X28: 1 | Y28: 0 | Z28: 0 | AA28: 1 | AC28: 45918 | AD28: 0.52777778 | AE28: CX 434 | AF28: 45923 | AG28: 0.34722222 | AH28: KE 127 | AI28: Chloe Xu | AL28: LOTTE | AM28: B | AN28: GT
C29: =IF($X29=1,COUNTIF($C$10:C28,">0")+1,"") | E29: LO-B03 | F29: NVNDGFQL98G | G29: VLNXVYL2DKH | H29: Li Jiao | I29: Ni | J29: Female | K29: USA | L29: 27237 | M29: 51 | N29: 533938897 | O29: 45922 | P29: TWIN | R29: 45918 | S29: 45923 | T29: =S29-R29 -> 5 | U29: 1 | V29: 1 | W29: 0 | X29: 0 | Y29: 0 | Z29: 0 | AA29: 0 | AC29: 45918 | AD29: 0.52777778 | AE29: CX 434 | AF29: 45923 | AG29: 0.83680556 | AH29: CX 419 | AI29: Chloe Xu | AL29: LOTTE | AM29: B | AN29: GT
C30: =IF($X30=1,COUNTIF($C$10:C29,">0")+1,"") -> 11 | D30: 15262612 | E30: LO-B03 | F30: ZBNWDQ7DB74 | G30: ZBNWDQ7DB74 | H30: Shirley | I30: Zheng | J30: Female | K30: USA | L30: 35858 | M30: 27 | N30: 563059598 | O30: 46601 | P30: DOUBLE | R30: 45918 | S30: 45923 | T30: =S30-R30 -> 5 | U30: 1 | V30: 1 | W30: 0 | X30: 1 | Y30: 0 | Z30: 1 | AA30: 0 | AC30: 45918 | AD30: 0.70138889 | AE30: OZ 221 | AF30: 45923 | AG30: 0.87847222 | AH30: OZ 224 | AI30: Chloe Xu | AL30: LOTTE | AM30: B | AN30: GD
C31: =IF($X31=1,COUNTIF($C$10:C30,">0")+1,"") | E31: LO-B03 | F31: L8N9LNXTQRQ | G31: ZBNWDQ7DB74 | H31: Jordan | I31: Watkins | J31: Male | K31: USA | L31: 35944 | M31: 27 | N31: A45570408 | O31: 49084 | P31: DOUBLE | R31: 45918 | S31: 45923 | T31: =S31-R31 -> 5 | U31: 1 | V31: 1 | W31: 0 | X31: 0 | Y31: 0 | Z31: 0 | AA31: 0 | AC31: 45918 | AD31: 0.70138889 | AE31: OZ 221 | AF31: 45923 | AG31: 0.87847222 | AH31: OZ 224 | AI31: Chloe Xu | AL31: LOTTE | AM31: B | AN31: GD
C32: =IF($X32=1,COUNTIF($C$10:C31,">0")+1,"") -> 12 | D32: 15262613 | E32: LO-B03 | F32: 42NSVD7LF5L | G32: 42NSVD7LF5L | H32: Wenhui | I32: Liu | J32: Female | K32: USA | L32: 31742 | M32: 38 | N32: A24226857 | O32: 48888 | P32: TWIN | R32: 45918 | S32: 45923 | T32: =S32-R32 -> 5 | U32: 1 | V32: 1 | W32: 0 | X32: 1 | Y32: 0 | Z32: 0 | AA32: 1 | AC32: 45918 | AD32: 0.52777778 | AE32: CX 434 | AF32: 45923 | AG32: 0.34722222 | AH32: KE 127 | AI32: Chloe Xu | AL32: LOTTE | AM32: B | AN32: GT
C33: =IF($X33=1,COUNTIF($C$10:C32,">0")+1,"") | E33: LO-B03 | F33: GWNTV942MT9 | G33: 42NSVD7LF5L | H33: Tina | I33: Huang | J33: Female | P33: TWIN | R33: 45918 | S33: 45923 | T33: =S33-R33 -> 5 | U33: 1 | V33: 1 | W33: 0 | X33: 0 | Y33: 0 | Z33: 0 | AA33: 0 | AC33: 45918 | AD33: 0.52777778 | AE33: CX 434 | AF33: 45923 | AG33: 0.34722222 | AH33: KE 127 | AI33: Chloe Xu | AL33: LOTTE | AM33: B | AN33: GT
C34: =IF($X34=1,COUNTIF($C$10:C33,">0")+1,"") -> 13 | D34: 15262614 | E34: LO-B03 | F34: PBNYX2J99PN | G34: PBNYX2J99PN | H34: Xiaorong | I34: Zhou | J34: Female | K34: China | L34: 33586 | M34: 33 | N34: Ẹ6005397 | O34: 48546 | P34: TWIN | R34: 45918 | S34: 45923 | T34: =S34-R34 -> 5 | U34: 1 | V34: 1 | W34: 0 | X34: 1 | Y34: 0 | Z34: 0 | AA34: 1 | AC34: 45918 | AD34: 0.25694444 | AE34: OZ 223 | AF34: 45923 | AG34: 0.36805556 | AH34: KE 865 | AI34: Chloe Xu | AL34: LOTTE | AM34: B | AN34: GT
C35: =IF($X35=1,COUNTIF($C$10:C34,">0")+1,"") | E35: LO-B03 | F35: ZPNF8CSXJLF | G35: PBNYX2J99PN | H35: Phoebe | I35: Chen | J35: Female | K35: USA | L35: 41026 | M35: 13 | P35: TWIN | R35: 45918 | S35: 45923 | T35: =S35-R35 -> 5 | U35: 1 | V35: 1 | W35: 0 | X35: 0 | Y35: 0 | Z35: 0 | AA35: 0 | AC35: 45918 | AD35: 0.25694444 | AE35: OZ 223 | AF35: 45923 | AG35: 0.36805556 | AH35: KE 865 | AI35: Chloe Xu | AL35: LOTTE | AM35: B | AN35: GT
C36: =IF($X36=1,COUNTIF($C$10:C35,">0")+1,"") -> 14 | D36: 15262615 | E36: LO-B03 | F36: 26N3QGV4RLH | G36: 26N3QGV4RLH | H36: Ming Jian | I36: Zhang | J36: Male | K36: USA | L36: 27072 | M36: 51 | N36: A43934207 | O36: 49202 | P36: TWIN | R36: 45918 | S36: 45923 | T36: =S36-R36 -> 5 | U36: 1 | V36: 1 | W36: 0 | X36: 1 | Y36: 0 | Z36: 0 | AA36: 1 | AC36: 45918 | AD36: 0.70138889 | AE36: KE 38 | AF36: 45923 | AG36: 0.44444444 | AH36: KE 37 | AI36: Chloe Xu | AL36: LOTTE | AM36: B | AN36: GT
C37: =IF($X37=1,COUNTIF($C$10:C36,">0")+1,"") | E37: LO-B03 | F37: JWNHZSWJZ7C | G37: 26N3QGV4RLH | H37: Jing | I37: Li | J37: Female | K37: USA | L37: 30427 | M37: 42 | N37: 671350229 | O37: 48181 | P37: TWIN | R37: 45918 | S37: 45923 | T37: =S37-R37 -> 5 | U37: 1 | V37: 1 | W37: 0 | X37: 0 | Y37: 0 | Z37: 0 | AA37: 0 | AC37: 45918 | AD37: 0.70138889 | AE37: KE 38 | AF37: 45923 | AG37: 0.44444444 | AH37: KE 37 | AI37: Chloe Xu | AL37: LOTTE | AM37: B | AN37: GT
C38: =IF($X38=1,COUNTIF($C$10:C37,">0")+1,"") -> 15 | D38: 15262616 | E38: LO-B03 | F38: QCNCJWCTVB5 | G38: 26N3QGV4RLH | H38: Viola | I38: Zhang | J38: Female | K38: USA | L38: 40872 | M38: 13 | N38: 673329615 | O38: 46354 | P38: TWIN | R38: 45918 | S38: 45923 | T38: =S38-R38 -> 5 | U38: 1 | V38: 1 | W38: 0 | X38: 1 | Y38: 0 | Z38: 0 | AA38: 1 | AC38: 45918 | AD38: 0.70138889 | AE38: KE 38 | AF38: 45923 | AG38: 0.44444444 | AH38: KE 37 | AI38: Chloe Xu | AL38: LOTTE | AM38: B | AN38: GT
C39: =IF($X39=1,COUNTIF($C$10:C38,">0")+1,"") | E39: LO-B03 | F39: HYNXBD2YXND | G39: 26N3QGV4RLH | H39: Hongping | I39: Zhou | J39: Female | K39: China | L39: 23388 | M39: 61 | N39: EJ4279245 | O39: 48407 | P39: TWIN | R39: 45918 | S39: 45923 | T39: =S39-R39 -> 5 | U39: 1 | V39: 1 | W39: 0 | X39: 0 | Y39: 0 | Z39: 0 | AA39: 0 | AC39: 45918 | AD39: 0.70138889 | AE39: KE 38 | AF39: 45923 | AG39: 0.44444444 | AH39: KE 37 | AI39: Chloe Xu | AL39: LOTTE | AM39: B | AN39: GT
C40: =IF($X40=1,COUNTIF($C$10:C39,">0")+1,"") -> 16 | D40: 15262617 | E40: LO-B03 | F40: 2SN77VLXC56 | G40: 2SN77VLXC56 | H40: Miaoyan | I40: Yang | J40: Female | K40: USA | L40: 31213 | M40: 40 | N40: A04719220 | O40: 48524 | P40: TWIN | R40: 45918 | S40: 45923 | T40: =S40-R40 -> 5 | U40: 1 | V40: 1 | W40: 0 | X40: 1 | Y40: 0 | Z40: 0 | AA40: 1 | AC40: 45918 | AD40: 0.22569444 | AE40: KE 178 | AF40: 45923 | AG40: 0.82291667 | AH40: KE 177 | AI40: Chloe Xu | AL40: LOTTE | AM40: B | AN40: GT
C41: =IF($X41=1,COUNTIF($C$10:C40,">0")+1,"") | E41: LO-B03 | F41: KNNV8JXGMLT | G41: 2SN77VLXC56 | H41: Wai Sun | I41: Mow | J41: Female | K41: USA | L41: 25848 | M41: 54 | N41: 660682382 | O41: 47887 | P41: TWIN | R41: 45918 | S41: 45923 | T41: =S41-R41 -> 5 | U41: 1 | V41: 1 | W41: 0 | X41: 0 | Y41: 0 | Z41: 0 | AA41: 0 | AC41: 45918 | AD41: 0.28472222 | AE41: KE 672 | AF41: 45923 | AG41: 0.68055556 | AH41: KE 671 | AI41: Chloe Xu | AL41: LOTTE | AM41: B | AN41: GT
C42: =IF($X42=1,COUNTIF($C$10:C41,">0")+1,"") -> 17 | D42: 15262618 | E42: LO-B03 | F42: DNNN22S3MCL | G42: DNNN22S3MCL | H42: Molly Tingjiun | I42: Lin | J42: Female | K42: USA | L42: 27438 | M42: 50 | N42: 662835915 | O42: 47900 | P42: TWIN | R42: 45918 | S42: 45923 | T42: =S42-R42 -> 5 | U42: 1 | V42: 1 | W42: 0 | X42: 1 | Y42: 0 | Z42: 0 | AA42: 1 | AC42: 45918 | AD42: 0.46875 | AE42: CI 160 | AF42: 45923 | AG42: 0.52430556 | AH42: CI 161 | AI42: Chloe Xu | AL42: LOTTE | AM42: B | AN42: GT
C43: =IF($X43=1,COUNTIF($C$10:C42,">0")+1,"") | E43: LO-B03 | F43: 93NNLPWKZF6 | G43: DNNN22S3MCL | H43: Feng Jiao | I43: Lin | J43: Female | K43: USA | L43: 27531 | M43: 50 | N43: 562758501 | O43: 46531 | P43: TWIN | R43: 45918 | S43: 45923 | T43: =S43-R43 -> 5 | U43: 1 | V43: 1 | W43: 0 | X43: 0 | Y43: 0 | Z43: 0 | AA43: 0 | AC43: 45918 | AD43: 0.52777778 | AE43: CX 434 | AF43: 45923 | AG43: 0.83680556 | AH43: CX 419 | AI43: Chloe Xu | AL43: LOTTE | AM43: B | AN43: GT
C44: =IF($X44=1,COUNTIF($C$10:C43,">0")+1,"") -> 18 | D44: 15262718 | E44: LO-B09 | F44: 9NNW9588CQW | G44: 9NNW9588CQW | H44: Ying C | I44: Lay | J44: Female | K44: USA | L44: 27748 | M44: 49 | N44: 548156715 | O44: 46241 | P44: DOUBLE | R44: 45918 | S44: 45923 | T44: =S44-R44 -> 5 | U44: 1 | V44: 1 | W44: 0 | X44: 1 | Y44: 0 | Z44: 1 | AA44: 0 | AC44: 45918 | AD44: 0.74305556 | AE44: DL 7842 | AF44: 45923 | AG44: 0.8125 | AH44: DL 7843 | AI44: Tiffany Ke | AL44: LOTTE | AM44: B | AN44: GD
C45: =IF($X45=1,COUNTIF($C$10:C44,">0")+1,"") | E45: LO-B09 | F45: XKNCVL7SSL4 | G45: 9NNW9588CQW | H45: Qiang | I45: Chen | J45: Male | K45: China | L45: 27763 | M45: 49 | N45: EJ3355253 | O45: 47819 | P45: DOUBLE | R45: 45918 | S45: 45923 | T45: =S45-R45 -> 5 | U45: 1 | V45: 1 | W45: 0 | X45: 0 | Y45: 0 | Z45: 0 | AA45: 0 | AC45: 45918 | AD45: 0.74305556 | AE45: DL 7842 | AF45: 45923 | AG45: 0.8125 | AH45: DL 7843 | AI45: Tiffany Ke | AL45: LOTTE | AM45: B | AN45: GD
C46: =IF($X46=1,COUNTIF($C$10:C45,">0")+1,"") -> 19 | D46: 15262620 | E46: LO-B13 | F46: K2NNGNQF7GW | G46: K2NNGNQF7GW | H46: Sandra Liang | I46: Anderson | J46: Female | K46: USA | L46: 23163 | M46: 62 | N46: 552678398 | O46: 46216 | P46: DOUBLE | R46: 45918 | S46: 45923 | T46: =S46-R46 -> 5 | U46: 1 | V46: 1 | W46: 0 | X46: 1 | Y46: 0 | Z46: 1 | AA46: 0 | AC46: 45918 | AD46: 0.6875 | AE46: DL 197 | AF46: 45923 | AG46: 0.37847222 | AH46: 7C 6101 | AI46: Chris Pacifico | AL46: LOTTE | AM46: B | AN46: DD
C47: =IF($X47=1,COUNTIF($C$10:C46,">0")+1,"") | E47: LO-B13 | F47: G6NSK78M767 | G47: K2NNGNQF7GW | H47: Scott Roland | I47: Anderson | J47: Male | K47: USA | L47: 20088 | M47: 70 | N47: 641000446 | O47: 47338 | P47: DOUBLE | R47: 45918 | S47: 45923 | T47: =S47-R47 -> 5 | U47: 1 | V47: 1 | W47: 0 | X47: 0 | Y47: 0 | Z47: 0 | AA47: 0 | AC47: 45918 | AD47: 0.6875 | AE47: DL 197 | AF47: 45923 | AG47: 0.37847222 | AH47: 7C 6101 | AI47: Chris Pacifico | AL47: LOTTE | AM47: B | AN47: DD
C48: =IF($X48=1,COUNTIF($C$10:C47,">0")+1,"") -> 20 | D48: 15262621 | E48: LO-B13 | F48: NXNXPT62HPQ | G48: NXNXPT62HPQ | H48: Araceli Adasa Hamoy | I48: Hermosa | J48: Female | K48: USA | L48: 24321 | M48: 59 | N48: 671546129 | O48: 48184 | P48: DOUBLE | R48: 45918 | S48: 45923 | T48: =S48-R48 -> 5 | U48: 1 | V48: 1 | W48: 0 | X48: 1 | Y48: 0 | Z48: 1 | AA48: 0 | AC48: 45918 | AD48: 0.54166667 | AE48: OZ 131 | AF48: 45923 | AG48: 0.375 | AH48: OZ 102 | AI48: Chris Pacifico | AL48: LOTTE | AM48: B | AN48: DD
C49: =IF($X49=1,COUNTIF($C$10:C48,">0")+1,"") | E49: LO-B13 | F49: KNNQVZ77PQ3 | G49: NXNXPT62HPQ | H49: Richard John | I49: Hermosa | J49: Male | K49: USA | L49: 25737 | M49: 55 | N49: A57321047 | O49: 49407 | P49: DOUBLE | R49: 45918 | S49: 45923 | T49: =S49-R49 -> 5 | U49: 1 | V49: 1 | W49: 0 | X49: 0 | Y49: 0 | Z49: 0 | AA49: 0 | AC49: 45918 | AD49: 0.54166667 | AE49: OZ 131 | AF49: 45923 | AG49: 0.375 | AH49: OZ 102 | AI49: Chris Pacifico | AL49: LOTTE | AM49: B | AN49: DD
C50: =IF($X50=1,COUNTIF($C$10:C49,">0")+1,"") -> 21 | D50: 15262622 | E50: LO-B13 | F50: P6NVLRRR7MH | G50: P6NVLRRR7MH | H50: Ricardo Martin | I50: Villaescusa Rosas | J50: Male | K50: USA | L50: 23551 | M50: 61 | N50: 574738063 | O50: 46514 | P50: DOUBLE | R50: 45918 | S50: 45923 | T50: =S50-R50 -> 5 | U50: 1 | V50: 1 | W50: 0 | X50: 1 | Y50: 0 | Z50: 1 | AA50: 0 | AC50: 45918 | AD50: 0.20833333 | AE50: KE 12 | AF50: 45923 | AG50: 0.85069444 | AH50: KE 11 | AI50: Chris Pacifico | AL50: LOTTE | AM50: B | AN50: DD
C51: =IF($X51=1,COUNTIF($C$10:C50,">0")+1,"") | E51: LO-B13 | F51: 24N6833DHJL | G51: P6NVLRRR7MH | H51: Alma Patricia | I51: Pineda Landeros | J51: Female | K51: USA | L51: 23817 | M51: 60 | N51: 560953316 | O51: 46385 | P51: DOUBLE | R51: 45918 | S51: 45923 | T51: =S51-R51 -> 5 | U51: 1 | V51: 1 | W51: 0 | X51: 0 | Y51: 0 | Z51: 0 | AA51: 0 | AC51: 45918 | AD51: 0.20833333 | AE51: KE 12 | AF51: 45923 | AG51: 0.85069444 | AH51: KE 11 | AI51: Chris Pacifico | AL51: LOTTE | AM51: B | AN51: DD
C52: =IF($X52=1,COUNTIF($C$10:C51,">0")+1,"") -> 22 | D52: 15262623 | E52: LO-B13 | F52: Z5NVG9GXMQK | G52: P6NVLRRR7MH | H52: Sabina | I52: Villaescusa Pineda | J52: Female | K52: USA | L52: 33798 | M52: 33 | N52: 560953313 | O52: 46385 | P52: SINGLE | R52: 45918 | S52: 45923 | T52: =S52-R52 -> 5 | U52: 1 | V52: 1 | W52: 0 | X52: 1 | Y52: 1 | Z52: 0 | AA52: 0 | AC52: 45918 | AD52: 0.20833333 | AE52: KE 12 | AF52: 45923 | AG52: 0.85069444 | AH52: KE 11 | AI52: Chris Pacifico | AL52: LOTTE | AM52: B | AN52: DD
C53: =IF($X53=1,COUNTIF($C$10:C52,">0")+1,"") -> 23 | D53: 15262624 | E53: LO-B13 | F53: STN6LZZ67WV | G53: STN6LZZ67WV | H53: Floramor | I53: Lacerna | J53: Female | K53: USA | L53: 21959 | M53: 65 | N53: 547637584 | O53: 46255 | P53: DOUBLE | R53: 45918 | S53: 45923 | T53: =S53-R53 -> 5 | U53: 1 | V53: 1 | W53: 0 | X53: 1 | Y53: 0 | Z53: 1 | AA53: 0 | AC53: 45918 | AD53: 0.54166667 | AE53: OZ 131 | AF53: 45923 | AG53: 0.375 | AH53: OZ 102 | AI53: Chris Pacifico | AL53: LOTTE | AM53: B | AN53: DD
C54: =IF($X54=1,COUNTIF($C$10:C53,">0")+1,"") | E54: LO-B13 | F54: FNNFJJP93KM | G54: STN6LZZ67WV | H54: Richard | I54: Burila | J54: Male | K54: USA | L54: 19788 | M54: 71 | N54: 547637585 | O54: 46255 | P54: DOUBLE | R54: 45918 | S54: 45923 | T54: =S54-R54 -> 5 | U54: 1 | V54: 1 | W54: 0 | X54: 0 | Y54: 0 | Z54: 0 | AA54: 0 | AC54: 45918 | AD54: 0.54166667 | AE54: OZ 131 | AF54: 45923 | AG54: 0.375 | AH54: OZ 102 | AI54: Chris Pacifico | AL54: LOTTE | AM54: B | AN54: DD
C55: =IF($X55=1,COUNTIF($C$10:C54,">0")+1,"") -> 24 | D55: 15262625 | E55: LO-B04 | F55: QMNXF4PXNZP | G55: QMNXF4PXNZP | H55: Mario Ernesto | I55: Moreira | J55: Male | K55: USA | L55: 21940 | M55: 65 | N55: 528194961 | O55: 45803 | P55: TWIN | R55: 45918 | S55: 45923 | T55: =S55-R55 -> 5 | U55: 1 | V55: 1 | W55: 0 | X55: 1 | Y55: 0 | Z55: 0 | AA55: 1 | AC55: 45918 | AD55: 0.62152778 | AE55: OZ 201 | AF55: 45923 | AG55: 0.88194444 | AH55: OZ 178 | AI55: Grace Zhu | AL55: LOTTE | AM55: B | AN55: DT
C56: =IF($X56=1,COUNTIF($C$10:C55,">0")+1,"") | E56: LO-B04 | F56: 37NY38KGTW9 | G56: QMNXF4PXNZP | H56: Mylene Yvette | I56: Moreira | J56: Female | K56: USA | L56: 35581 | M56: 28 | N56: A13550736 | O56: 48667 | P56: TWIN | R56: 45918 | S56: 45923 | T56: =S56-R56 -> 5 | U56: 1 | V56: 1 | W56: 0 | X56: 0 | Y56: 0 | Z56: 0 | AA56: 0 | AC56: 45918 | AD56: 0.62152778 | AE56: OZ 201 | AF56: 45923 | AG56: 0.88194444 | AH56: OZ 178 | AI56: Grace Zhu | AL56: LOTTE | AM56: B | AN56: DT
C57: =IF($X57=1,COUNTIF($C$10:C56,">0")+1,"") -> 25 | D57: 15262626 | E57: LO-B04 | F57: Q9NYZ5F8NX5 | G57: QMNXF4PXNZP | H57: Aldir U | I57: Moreira | J57: Male | K57: USA | L57: 38528 | M57: 20 | N57: A16373527 | O57: 48678 | P57: TWIN | R57: 45918 | S57: 45923 | T57: =S57-R57 -> 5 | U57: 1 | V57: 1 | W57: 0 | X57: 1 | Y57: 0 | Z57: 0 | AA57: 1 | AC57: 45918 | AD57: 0.62152778 | AE57: OZ 201 | AF57: 45923 | AG57: 0.88194444 | AH57: OZ 178 | AI57: Grace Zhu | AL57: LOTTE | AM57: B | AN57: DT
C58: =IF($X58=1,COUNTIF($C$10:C57,">0")+1,"") | E58: LO-B04 | F58: WDNTL6NHP74 | G58: QMNXF4PXNZP | H58: Jair Ramses | I58: Moreira | J58: Male | K58: USA | L58: 37194 | M58: 23 | N58: 593159826 | O58: 46938 | P58: TWIN | R58: 45918 | S58: 45923 | T58: =S58-R58 -> 5 | U58: 1 | V58: 1 | W58: 0 | X58: 0 | Y58: 0 | Z58: 0 | AA58: 0 | AC58: 45918 | AD58: 0.62152778 | AE58: OZ 201 | AF58: 45923 | AG58: 0.88194444 | AH58: OZ 178 | AI58: Grace Zhu | AL58: LOTTE | AM58: B | AN58: DT
C59: =IF($X59=1,COUNTIF($C$10:C58,">0")+1,"") -> 26 | D59: 15262627 | E59: LO-B04 | F59: TKN9FZ28PYC | G59: QMNXF4PXNZP | H59: Elvira | I59: Cano | J59: Female | K59: USA | L59: 24523 | M59: 58 | N59: A48408136 | O59: 49126 | P59: TWIN | R59: 45918 | S59: 45923 | T59: =S59-R59 -> 5 | U59: 1 | V59: 1 | W59: 0 | X59: 1 | Y59: 0 | Z59: 0 | AA59: 1 | AC59: 45918 | AD59: 0.62152778 | AE59: OZ 201 | AF59: 45923 | AG59: 0.88194444 | AH59: OZ 178 | AI59: Grace Zhu | AL59: LOTTE | AM59: B | AN59: DT
C60: =IF($X60=1,COUNTIF($C$10:C59,">0")+1,"") | E60: LO-B04 | F60: NVNFJCHWYTC | G60: QMNXF4PXNZP | H60: Aylene Linnette | I60: Moreira | J60: Female | K60: USA | L60: 35986 | M60: 27 | N60: 593159827 | O60: 46938 | P60: TWIN | R60: 45918 | S60: 45923 | T60: =S60-R60 -> 5 | U60: 1 | V60: 1 | W60: 0 | X60: 0 | Y60: 0 | Z60: 0 | AA60: 0 | AC60: 45918 | AD60: 0.62152778 | AE60: OZ 201 | AF60: 45923 | AG60: 0.88194444 | AH60: OZ 178 | AI60: Grace Zhu | AL60: LOTTE | AM60: B | AN60: DT
C61: =IF($X61=1,COUNTIF($C$10:C60,">0")+1,"") -> 27 | D61: 15262628 | E61: LO-B05 | F61: C7NNF5P48N4 | G61: C7NNF5P48N4 | H61: Jian | I61: Zhang | J61: Male | K61: USA | L61: 27923 | M61: 49 | N61: A00515777 | O61: 48110 | P61: TWIN | R61: 45918 | S61: 45923 | T61: =S61-R61 -> 5 | U61: 1 | V61: 1 | W61: 0 | X61: 1 | Y61: 0 | Z61: 0 | AA61: 1 | AC61: 45918 | AD61: 0.52777778 | AE61: CX 434 | AF61: 45923 | AG61: 0.34722222 | AH61: KE 127 | AI61: James Zhang | AJ61: CEO VIP | AL61: LOTTE | AM61: B | AN61: DT
C62: =IF($X62=1,COUNTIF($C$10:C61,">0")+1,"") | E62: LO-B05 | F62: 4BNL4RTWK2Z | G62: C7NNF5P48N4 | H62: Jun Cheng | I62: Zhao | J62: Male | K62: USA | L62: 32760 | M62: 36 | N62: 565185089 | O62: 46427 | P62: TWIN | R62: 45918 | S62: 45923 | T62: =S62-R62 -> 5 | U62: 1 | V62: 1 | W62: 0 | X62: 0 | Y62: 0 | Z62: 0 | AA62: 0 | AC62: 45918 | AD62: 0.63541667 | AE62: UO 630 | AF62: 45923 | AG62: 0.9375 | AH62: UO 627 | AI62: James Zhang | AL62: LOTTE | AM62: B | AN62: DT
C63: =IF($X63=1,COUNTIF($C$10:C62,">0")+1,"") -> 28 | D63: 15262629 | E63: LO-B05 | F63: VRNBFFZG7D9 | G63: VRNBFFZG7D9 | H63: Xiuna | I63: Chen | J63: Female | K63: USA | L63: 28671 | M63: 47 | N63: A42027609 | O63: 49017 | P63: TWIN | R63: 45918 | S63: 45923 | T63: =S63-R63 -> 5 | U63: 1 | V63: 1 | W63: 0 | X63: 1 | Y63: 0 | Z63: 0 | AA63: 1 | AC63: 45918 | AD63: 0.20486111 | AE63: YP 132 | AF63: 45923 | AG63: 0.34722222 | AH63: KE 127 | AI63: James Zhang | AL63: LOTTE | AM63: B | AN63: DT
C64: =IF($X64=1,COUNTIF($C$10:C63,">0")+1,"") | E64: LO-B05 | F64: 87NZ5SBSDWG | G64: VRNBFFZG7D9 | H64: Fang | I64: Li | J64: Female | K64: USA | L64: 28263 | M64: 48 | N64: A00515776 | O64: 48110 | P64: TWIN | R64: 45918 | S64: 45923 | T64: =S64-R64 -> 5 | U64: 1 | V64: 1 | W64: 0 | X64: 0 | Y64: 0 | Z64: 0 | AA64: 0 | AC64: 45918 | AD64: 0.52777778 | AE64: CX 434 | AF64: 45923 | AG64: 0.34722222 | AH64: KE 127 | AI64: James Zhang | AL64: LOTTE | AM64: B | AN64: DT
C65: =IF($X65=1,COUNTIF($C$10:C64,">0")+1,"") -> 29 | D65: 15262631 | E65: LO-B06 | F65: LBNZ5CWRFVY | G65: LBNZ5CWRFVY | H65: Chengchen | I65: Li | J65: Female | K65: USA | L65: 27733 | M65: 49 | N65: A26636294 | O65: 48846 | P65: DOUBLE | R65: 45918 | S65: 45923 | T65: =S65-R65 -> 5 | U65: 1 | V65: 1 | W65: 0 | X65: 1 | Y65: 0 | Z65: 1 | AA65: 0 | AC65: 45918 | AD65: 0.65277778 | AE65: KE 128 | AF65: 45923 | AG65: 0.58680556 | AH65: OZ 114 | AI65: Jeff Tsao | AK65: Upgrade - Junior Suite 2/ aka: Michelle Li | AL65: LOTTE | AM65: B | AN65: JD
C66: =IF($X66=1,COUNTIF($C$10:C65,">0")+1,"") | E66: LO-B06 | F66: ZMNXQQNDZBB | G66: LBNZ5CWRFVY | H66: Laihua | I66: Lin | J66: Male | K66: USA | L66: 27647 | M66: 50 | N66: 666425608 | O66: 48064 | P66: DOUBLE | R66: 45918 | S66: 45923 | T66: =S66-R66 -> 5 | U66: 1 | V66: 1 | W66: 0 | X66: 0 | Y66: 0 | Z66: 0 | AA66: 0 | AC66: 45918 | AD66: 0.65277778 | AE66: KE 128 | AF66: 45923 | AG66: 0.58680556 | AH66: OZ 114 | AI66: Jeff Tsao | AL66: LOTTE | AM66: B | AN66: JD
C67: =IF($X67=1,COUNTIF($C$10:C66,">0")+1,"") -> 30 | D67: 15262632 | E67: LO-B06 | F67: XLN73T22GDL | G67: XLN73T22GDL | H67: Myunghee | I67: Byun | J67: Female | K67: Republic of Korea | L67: 29360 | M67: 45 | N67: M18021149 | O67: 46986 | P67: SINGLE | R67: 45918 | S67: 45923 | T67: =S67-R67 -> 5 | U67: 1 | V67: 1 | W67: 0 | X67: 1 | Y67: 1 | Z67: 0 | AA67: 0 | AC67: 45914 | AD67: 0.20833333 | AE67: KE 12 | AF67: 45926 | AG67: 0.85069444 | AH67: KE 11 | AI67: Jeff Tsao | AL67: LOTTE | AM67: B | AN67: DD
C68: =IF($X68=1,COUNTIF($C$10:C67,">0")+1,"") -> 31 | D68: 15262634 | E68: LO-B06 | F68: R4NVTKZ89TB | G68: R4NVTKZ89TB | H68: Julia Lin | I68: Ma | J68: Female | K68: USA | L68: 24192 | M68: 59 | N68: A62490838 | O68: 49391 | P68: DOUBLE | R68: 45918 | S68: 45923 | T68: =S68-R68 -> 5 | U68: 1 | V68: 1 | W68: 0 | X68: 1 | Y68: 0 | Z68: 1 | AA68: 0 | AC68: 45918 | AD68: 0.46875 | AE68: CI 160 | AF68: 45923 | AG68: 0.45833333 | AH68: 7C 6001 | AI68: Jeff Tsao | AL68: LOTTE | AM68: B | AN68: DD
C69: =IF($X69=1,COUNTIF($C$10:C68,">0")+1,"") | E69: LO-B06 | F69: SJNJ4T7RKJJ | G69: R4NVTKZ89TB | H69: Yingchun | I69: Ma | J69: Male | K69: China | L69: 24835 | M69: 57 | N69: EP3785662 | O69: 49416 | P69: DOUBLE | R69: 45918 | S69: 45923 | T69: =S69-R69 -> 5 | U69: 1 | V69: 1 | W69: 0 | X69: 0 | Y69: 0 | Z69: 0 | AA69: 0 | AC69: 45918 | AD69: 0.46875 | AE69: CI 160 | AF69: 45923 | AG69: 0.45833333 | AH69: 7C 6001 | AI69: Jeff Tsao | AL69: LOTTE | AM69: B | AN69: DD
C70: =IF($X70=1,COUNTIF($C$10:C69,">0")+1,"") -> 32 | D70: 15262635 | E70: LO-B06 | F70: XPNWZ99PKTX | G70: XPNWZ99PKTX | H70: Jun | I70: Wang | J70: Female | K70: China | L70: 29151 | M70: 45 | N70: E34179843 | O70: 45289 | P70: TWIN | R70: 45918 | S70: 45923 | T70: =S70-R70 -> 5 | U70: 1 | V70: 1 | W70: 0 | X70: 1 | Y70: 0 | Z70: 0 | AA70: 1 | AC70: 45918 | AD70: 0.65625 | AE70: YP 102 | AF70: 45923 | AG70: 0.53125 | AH70: YP 101 | AI70: Jeff Tsao | AL70: LOTTE | AM70: B | AN70: DT
C71: =IF($X71=1,COUNTIF($C$10:C70,">0")+1,"") | E71: LO-B06 | F71: W3NX6PKTLK3 | G71: XPNWZ99PKTX | H71: Xiulian | I71: Yang | J71: Female | K71: China | L71: 31471 | M71: 39 | N71: A36669529 | O71: 49097 | P71: TWIN | R71: 45918 | S71: 45923 | T71: =S71-R71 -> 5 | U71: 1 | V71: 1 | W71: 0 | X71: 0 | Y71: 0 | Z71: 0 | AA71: 0 | AI71: Jeff Tsao | AL71: LOTTE | AM71: B | AN71: DT
C72: =IF($X72=1,COUNTIF($C$10:C71,">0")+1,"") -> 33 | D72: 15262636 | E72: LO-B06 | F72: 3QNZM92MGJB | G72: 3QNZM92MGJB | H72: Jun | I72: Yuan | J72: Male | K72: USA | L72: 33274 | M72: 34 | N72: 564223873 | O72: 46445 | P72: DOUBLE | R72: 45918 | S72: 45923 | T72: =S72-R72 -> 5 | U72: 1 | V72: 1 | W72: 0 | X72: 1 | Y72: 0 | Z72: 1 | AA72: 0 | AC72: 45918 | AD72: 0.57986111 | AE72: CZ 337 | AF72: 45923 | AG72: 0.44444444 | AH72: 7C 1373 | AI72: Jeff Tsao | AL72: LOTTE | AM72: B | AN72: DD
C73: =IF($X73=1,COUNTIF($C$10:C72,">0")+1,"") | E73: LO-B06 | F73: M7NSTFX6N4H | G73: 3QNZM92MGJB | H73: Jiahui | I73: Hong | J73: Female | K73: China | L73: 33630 | M73: 33 | N73: EJ5347430 | O73: 48180 | P73: DOUBLE | R73: 45918 | S73: 45923 | T73: =S73-R73 -> 5 | U73: 1 | V73: 1 | W73: 0 | X73: 0 | Y73: 0 | Z73: 0 | AA73: 0 | AC73: 45918 | AD73: 0.57986111 | AE73: CZ 337 | AF73: 45923 | AG73: 0.44444444 | AH73: 7C 1373 | AI73: Jeff Tsao | AL73: LOTTE | AM73: B | AN73: DD
C74: =IF($X74=1,COUNTIF($C$10:C73,">0")+1,"") -> 34 | D74: 15262637 | E74: LO-B06 | F74: RZN4YYS39S9 | G74: RZN4YYS39S9 | H74: Jennifer Marilyn | I74: Yi | J74: Female | K74: USA | L74: 30295 | M74: 42 | N74: 655405310 | O74: 48036 | P74: TWIN | R74: 45918 | S74: 45923 | T74: =S74-R74 -> 5 | U74: 1 | V74: 1 | W74: 0 | X74: 1 | Y74: 0 | Z74: 0 | AA74: 1 | AC74: 45918 | AD74: 0.65625 | AE74: YP 102 | AF74: 45929 | AG74: 0.53125 | AH74: YP 101 | AI74: Jeff Tsao | AL74: LOTTE | AM74: B | AN74: DT
C75: =IF($X75=1,COUNTIF($C$10:C74,">0")+1,"") | E75: LO-B06 | F75: QLN8TKYKN7F | G75: RZN4YYS39S9 | H75: Esther Marie | I75: Kim | J75: Female | K75: USA | L75: 29887 | M75: 43 | N75: 656396832 | O75: 47505 | P75: TWIN | R75: 45918 | S75: 45923 | T75: =S75-R75 -> 5 | U75: 1 | V75: 1 | W75: 0 | X75: 0 | Y75: 0 | Z75: 0 | AA75: 0 | AC75: 45918 | AD75: 0.65625 | AE75: YP 102 | AF75: 45929 | AG75: 0.53125 | AH75: YP 101 | AI75: Jeff Tsao | AL75: LOTTE | AM75: B | AN75: DT
C76: =IF($X76=1,COUNTIF($C$10:C75,">0")+1,"") -> 35 | D76: 15262638 | E76: LO-B06 | F76: 29N45Q2DFG4 | G76: 29N45Q2DFG4 | H76: Lu | I76: Lu | J76: Female | K76: USA | L76: 31959 | M76: 38 | N76: 576176670 | O76: 46775 | P76: DOUBLE | R76: 45918 | S76: 45923 | T76: =S76-R76 -> 5 | U76: 1 | V76: 1 | W76: 0 | X76: 1 | Y76: 0 | Z76: 1 | AA76: 0 | AC76: 45918 | AD76: 0.60763889 | AE76: BX 171 | AF76: 45923 | AG76: 0.86111111 | AH76: OZ 204 | AI76: Jeff Tsao | AL76: LOTTE | AM76: B | AN76: DD
C77: =IF($X77=1,COUNTIF($C$10:C76,">0")+1,"") | E77: LO-B06 | F77: W8NNTXCX49T | G77: 29N45Q2DFG4 | H77: Masayuki | I77: Nakayama | J77: Male | K77: Japan | L77: 31812 | M77: 38 | N77: TZ1347018 | O77: 47192 | P77: DOUBLE | R77: 45918 | S77: 45923 | T77: =S77-R77 -> 5 | U77: 1 | V77: 1 | W77: 0 | X77: 0 | Y77: 0 | Z77: 0 | AA77: 0 | AC77: 45918 | AD77: 0.60763889 | AE77: BX 171 | AF77: 45923 | AG77: 0.86111111 | AH77: OZ 204 | AI77: Jeff Tsao | AL77: LOTTE | AM77: B | AN77: DD
C78: =IF($X78=1,COUNTIF($C$10:C77,">0")+1,"") -> 36 | D78: 15262639 | E78: LO-B06 | F78: BWNNFMNHP6H | G78: 29N45Q2DFG4 | H78: Hong | I78: Chang | J78: Female | K78: USA | L78: 21930 | M78: 65 | N78: 670830324 | O78: 48150 | P78: SINGLE | R78: 45918 | S78: 45923 | T78: =S78-R78 -> 5 | U78: 1 | V78: 1 | W78: 0 | X78: 1 | Y78: 1 | Z78: 0 | AA78: 0 | AC78: 45918 | AD78: 0.60763889 | AE78: BX 171 | AF78: 45923 | AG78: 0.69791667 | AH78: CZ 3062 | AI78: Jeff Tsao | AL78: LOTTE | AM78: B | AN78: DD
C79: =IF($X79=1,COUNTIF($C$10:C78,">0")+1,"") -> 37 | D79: 15262640 | E79: LO-B06 | F79: 7KN9BJDQ9WS | G79: 7KN9BJDQ9WS | H79: Min | I79: Chen | J79: Female | K79: China | L79: 33290 | M79: 34 | N79: EJ5275519 | O79: 48159 | P79: TWIN | R79: 45918 | S79: 45923 | T79: =S79-R79 -> 5 | U79: 1 | V79: 1 | W79: 0 | X79: 1 | Y79: 0 | Z79: 0 | AA79: 1 | AC79: 45918 | AD79: 0.55208333 | AE79: KE 832 | AF79: 45923 | AG79: 0.32986111 | AH79: OZ 112 | AI79: Jeff Tsao | AL79: LOTTE | AM79: B | AN79: DT
C80: =IF($X80=1,COUNTIF($C$10:C79,">0")+1,"") | E80: LO-B06 | F80: P6NLTHNYDNK | G80: 7KN9BJDQ9WS | H80: Yian | I80: Xu | J80: Female | K80: USA | L80: 32689 | M80: 36 | N80: 642259487 | O80: 47364 | P80: TWIN | R80: 45918 | S80: 45923 | T80: =S80-R80 -> 5 | U80: 1 | V80: 1 | W80: 0 | X80: 0 | Y80: 0 | Z80: 0 | AA80: 0 | AC80: 45918 | AD80: 0.55208333 | AE80: KE 832 | AF80: 45923 | AG80: 0.32986111 | AH80: OZ 112 | AI80: Jeff Tsao | AL80: LOTTE | AM80: B | AN80: DT
C81: =IF($X81=1,COUNTIF($C$10:C80,">0")+1,"") -> 38 | D81: 15262641 | E81: LO-B06 | F81: 72NXZBKPF7B | G81: 72NXZBKPF7B | H81: Qindan | I81: Zheng | J81: Female | K81: China | L81: 29975 | M81: 43 | N81: EA3441569 | O81: 46606 | P81: DOUBLE | R81: 45918 | S81: 45923 | T81: =S81-R81 -> 5 | U81: 1 | V81: 1 | W81: 0 | X81: 1 | Y81: 0 | Z81: 1 | AA81: 0 | AC81: 45918 | AD81: 0.65277778 | AE81: KE 128 | AF81: 45923 | AG81: 0.85763889 | AH81: MF 878 | AI81: Jeff Tsao | AL81: LOTTE | AM81: B | AN81: DD
C82: =IF($X82=1,COUNTIF($C$10:C81,">0")+1,"") | E82: LO-B06 | F82: V8NDXMXVMQF | G82: 72NXZBKPF7B | H82: Gaojin | I82: Hu | J82: Male | K82: USA | L82: 28842 | M82: 46 | N82: A46631822 | O82: 49177 | P82: DOUBLE | R82: 45918 | S82: 45923 | T82: =S82-R82 -> 5 | U82: 1 | V82: 1 | W82: 0 | X82: 0 | Y82: 0 | Z82: 0 | AA82: 0 | AC82: 45918 | AD82: 0.65277778 | AE82: KE 128 | AF82: 45923 | AG82: 0.85763889 | AH82: MF 878 | AI82: Jeff Tsao | AL82: LOTTE | AM82: B | AN82: DD
C83: =IF($X83=1,COUNTIF($C$10:C82,">0")+1,"") | E83: LO-B06 | F83: 9WNZW2H9VQQ | G83: 72NXZBKPF7B | H83: Darren Z | I83: Hu | J83: Male | K83: USA | L83: 42834 | M83: 8 | N83: A29361657 | O83: 47014 | P83: DOUBLE | R83: 45918 | S83: 45923 | T83: =S83-R83 -> 5 | U83: 1 | V83: 0 | W83: 1 | X83: 0 | Y83: 0 | Z83: 0 | AA83: 0 | AC83: 45918 | AD83: 0.65277778 | AE83: KE 128 | AF83: 45923 | AG83: 0.85763889 | AH83: MF 878 | AI83: Jeff Tsao | AL83: LOTTE | AM83: B | AN83: DD
C84: =IF($X84=1,COUNTIF($C$10:C83,">0")+1,"") -> 39 | D84: 15262642 | E84: LO-B06 | F84: K8NHMQYBY7G | G84: 72NXZBKPF7B | H84: Weile | I84: Zheng | J84: Male | K84: China | L84: 19764 | M84: 71 | N84: EN6644950 | O84: 49245 | P84: TWIN | R84: 45918 | S84: 45923 | T84: =S84-R84 -> 5 | U84: 1 | V84: 1 | W84: 0 | X84: 1 | Y84: 0 | Z84: 0 | AA84: 1 | AC84: 45918 | AD84: 0.65277778 | AE84: KE 128 | AF84: 45923 | AG84: 0.85763889 | AH84: MF 878 | AI84: Jeff Tsao | AL84: LOTTE | AM84: B | AN84: DT
C85: =IF($X85=1,COUNTIF($C$10:C84,">0")+1,"") | E85: LO-B06 | F85: 7PNV9K44TJ6 | G85: 72NXZBKPF7B | H85: Meixiu | I85: Chen | J85: Female | K85: China | L85: 20777 | M85: 68 | N85: EM0894100 | O85: 49010 | P85: TWIN | R85: 45918 | S85: 45923 | T85: =S85-R85 -> 5 | U85: 1 | V85: 1 | W85: 0 | X85: 0 | Y85: 0 | Z85: 0 | AA85: 0 | AC85: 45918 | AD85: 0.65277778 | AE85: KE 128 | AF85: 45923 | AG85: 0.85763889 | AH85: MF 878 | AI85: Jeff Tsao | AL85: LOTTE | AM85: B | AN85: DT
C86: =IF($X86=1,COUNTIF($C$10:C85,">0")+1,"") -> 40 | D86: 15262643 | E86: LO-B06 | F86: CCNGC5N8BCH | G86: CCNGC5N8BCH | H86: Tinghong | I86: Chen | J86: Female | K86: China | L86: 33178 | M86: 34 | N86: E93580667 | O86: 46432 | P86: TWIN | R86: 45918 | S86: 45923 | T86: =S86-R86 -> 5 | U86: 1 | V86: 1 | W86: 0 | X86: 1 | Y86: 0 | Z86: 0 | AA86: 1 | AC86: 45918 | AD86: 0.55208333 | AE86: KE 832 | AF86: 45923 | AG86: 0.32986111 | AH86: OZ 112 | AI86: Jeff Tsao | AL86: LOTTE | AM86: B | AN86: DT
C87: =IF($X87=1,COUNTIF($C$10:C86,">0")+1,"") | E87: LO-B06 | F87: Y5N3M582D4M | G87: CCNGC5N8BCH | H87: Kelly Kaihong | I87: Jiang | J87: Female | K87: USA | L87: 24186 | M87: 59 | N87: 567153935 | O87: 47455 | P87: TWIN | R87: 45918 | S87: 45923 | T87: =S87-R87 -> 5 | U87: 1 | V87: 1 | W87: 0 | X87: 0 | Y87: 0 | Z87: 0 | AA87: 0 | AC87: 45918 | AD87: 0.59722222 | AE87: KE 894 | AF87: 45923 | AG87: 0.32986111 | AH87: OZ 112 | AI87: Jeff Tsao | AL87: LOTTE | AM87: B | AN87: DT
C88: =IF($X88=1,COUNTIF($C$10:C87,">0")+1,"") -> 41 | D88: 15262644 | E88: LO-B06 | F88: ZMN42N63PNQ | G88: ZMN42N63PNQ | H88: Xiaoping | I88: Tu | J88: Female | K88: China | L88: 25689 | M88: 55 | N88: EH7922497 | O88: 47547 | P88: DOUBLE | R88: 45918 | S88: 45923 | T88: =S88-R88 -> 5 | U88: 1 | V88: 1 | W88: 0 | X88: 1 | Y88: 0 | Z88: 1 | AA88: 0 | AC88: 45918 | AD88: 0.64236111 | AE88: CZ 3061 | AF88: 45923 | AG88: 0.375 | AH88: KE 2117 | AI88: Jeff Tsao | AL88: LOTTE | AM88: B | AN88: DD
C89: =IF($X89=1,COUNTIF($C$10:C88,">0")+1,"") | E89: LO-B06 | F89: BGNP9MMWT96 | G89: ZMN42N63PNQ | H89: Jack Nanjie | I89: Wen | J89: Male | K89: USA | L89: 24858 | M89: 57 | N89: 672939325 | O89: 48227 | P89: DOUBLE | R89: 45918 | S89: 45923 | T89: =S89-R89 -> 5 | U89: 1 | V89: 1 | W89: 0 | X89: 0 | Y89: 0 | Z89: 0 | AA89: 0 | AC89: 45918 | AD89: 0.64236111 | AE89: CZ 3061 | AF89: 45923 | AG89: 0.375 | AH89: KE 2117 | AI89: Jeff Tsao | AL89: LOTTE | AM89: B | AN89: DD
C90: =IF($X90=1,COUNTIF($C$10:C89,">0")+1,"") -> 42 | D90: 15262645 | E90: LO-B14 | F90: 75NKHN3BRZW | G90: 75NKHN3BRZW | H90: Baljinder | I90: Singh | J90: Male | K90: USA | L90: 33217 | M90: 34 | N90: 591735986 | O90: 47085 | P90: DOUBLE | R90: 45918 | S90: 45923 | T90: =S90-R90 -> 5 | U90: 1 | V90: 1 | W90: 0 | X90: 1 | Y90: 0 | Z90: 1 | AA90: 0 | AC90: 45918 | AD90: 0.18055556 | AE90: UA 805 | AF90: 45923 | AG90: 0.70138889 | AH90: UA 892 | AI90: Kevin Lee | AL90: LOTTE | AM90: B | AN90: DD
C91: =IF($X91=1,COUNTIF($C$10:C90,">0")+1,"") | E91: LO-B14 | F91: 9QNMBZV84JM | G91: 75NKHN3BRZW | H91: Navreet | I91: Kaur | J91: Female | K91: USA | L91: 31693 | M91: 38 | N91: A04331242 | O91: 48616 | P91: DOUBLE | R91: 45918 | S91: 45923 | T91: =S91-R91 -> 5 | U91: 1 | V91: 1 | W91: 0 | X91: 0 | Y91: 0 | Z91: 0 | AA91: 0 | AC91: 45918 | AD91: 0.18055556 | AE91: UA 805 | AF91: 45923 | AG91: 0.70138889 | AH91: UA 892 | AI91: Kevin Lee | AL91: LOTTE | AM91: B | AN91: DD
C92: =IF($X92=1,COUNTIF($C$10:C91,">0")+1,"") | E92: LO-B14 | F92: S2NCDPPBXP8 | G92: 75NKHN3BRZW | H92: Japnaam Singh | I92: Kular | J92: Male | K92: USA | L92: 42226 | M92: 10 | N92: A80255311 | O92: 47594 | P92: DOUBLE | R92: 45918 | S92: 45923 | T92: =S92-R92 -> 5 | U92: 1 | V92: 0 | W92: 1 | X92: 0 | Y92: 0 | Z92: 0 | AA92: 0 | AC92: 45918 | AD92: 0.18055556 | AE92: UA 805 | AF92: 45923 | AG92: 0.70138889 | AH92: UA 892 | AI92: Kevin Lee | AL92: LOTTE | AM92: B | AN92: DD
C93: =IF($X93=1,COUNTIF($C$10:C92,">0")+1,"") | E93: LO-B14 | F93: YYN6RBNPMSB | G93: 75NKHN3BRZW | H93: Anahat | I93: Kaur | J93: Female | K93: USA | L93: 45613 | M93: 0 | N93: A61662837 | O93: 47594 | P93: DOUBLE | R93: 45918 | S93: 45923 | T93: =S93-R93 -> 5 | U93: 0 | V93: 0 | W93: 0 | X93: 0 | Y93: 0 | Z93: 0 | AA93: 0 | AC93: 45918 | AD93: 0.18055556 | AE93: UA 805 | AF93: 45923 | AG93: 0.70138889 | AH93: UA 892 | AI93: Kevin Lee | AL93: LOTTE | AM93: B | AN93: DD
C94: =IF($X94=1,COUNTIF($C$10:C93,">0")+1,"") -> 43 | D94: 15262646 | E94: LO-B14 | F94: ZYN24D5SPC9 | G94: ZYN24D5SPC9 | H94: Daljit Kaur | I94: Kaur | J94: Male | K94: USA | L94: 26742 | M94: 52 | N94: 557079483 | O94: 46410 | P94: DOUBLE | R94: 45918 | S94: 45923 | T94: =S94-R94 -> 5 | U94: 1 | V94: 1 | W94: 0 | X94: 1 | Y94: 0 | Z94: 1 | AA94: 0 | AC94: 45918 | AD94: 0.18055556 | AE94: UA 805 | AF94: 45923 | AG94: 0.70138889 | AH94: UA 892 | AI94: Kevin Lee | AL94: LOTTE | AM94: B | AN94: DD
C95: =IF($X95=1,COUNTIF($C$10:C94,">0")+1,"") | E95: LO-B14 | F95: BWNC2JGXSF5 | G95: ZYN24D5SPC9 | H95: Harsahib | I95: Deol | J95: Male | K95: USA | L95: 39808 | M95: 16 | N95: A52242871 | O95: 47363 | P95: DOUBLE | R95: 45918 | S95: 45923 | T95: =S95-R95 -> 5 | U95: 1 | V95: 1 | W95: 0 | X95: 0 | Y95: 0 | Z95: 0 | AA95: 0 | AC95: 45918 | AD95: 0.18055556 | AE95: UA 805 | AF95: 45923 | AG95: 0.70138889 | AH95: UA 892 | AI95: Kevin Lee | AL95: LOTTE | AM95: B | AN95: DD
C96: =IF($X96=1,COUNTIF($C$10:C95,">0")+1,"") -> 44 | D96: 15262647 | E96: LO-B14 | F96: ZJNMFR3T5CZ | G96: ZJNMFR3T5CZ | H96: Rajinder | I96: Mohaar | J96: Female | K96: USA | L96: 28158 | M96: 48 | N96: 576735304 | O96: 46828 | P96: DOUBLE | R96: 45918 | S96: 45923 | T96: =S96-R96 -> 5 | U96: 1 | V96: 1 | W96: 0 | X96: 1 | Y96: 0 | Z96: 1 | AA96: 0 | AC96: 45918 | AD96: 0.18055556 | AE96: UA 805 | AF96: 45923 | AG96: 0.70138889 | AH96: UA 892 | AI96: Kevin Lee | AL96: LOTTE | AM96: B | AN96: DD
C97: =IF($X97=1,COUNTIF($C$10:C96,">0")+1,"") | E97: LO-B14 | F97: HYN2Q2RRXS4 | G97: ZJNMFR3T5CZ | H97: Hergunn S | I97: Kang | J97: Male | K97: USA | L97: 40716 | M97: 14 | N97: 671673593 | O97: 46365 | P97: DOUBLE | R97: 45918 | S97: 45923 | T97: =S97-R97 -> 5 | U97: 1 | V97: 1 | W97: 0 | X97: 0 | Y97: 0 | Z97: 0 | AA97: 0 | AC97: 45918 | AD97: 0.18055556 | AE97: UA 805 | AF97: 45923 | AG97: 0.70138889 | AH97: UA 892 | AI97: Kevin Lee | AL97: LOTTE | AM97: B | AN97: DD
C98: =IF($X98=1,COUNTIF($C$10:C97,">0")+1,"") | E98: LO-B14 | F98: 58NZXYB97PH | G98: ZJNMFR3T5CZ | H98: Randeep Singh | I98: Kang | J98: Male | K98: USA | L98: 41790 | M98: 11 | N98: 671673594 | O98: 46365 | P98: DOUBLE | R98: 45918 | S98: 45923 | T98: =S98-R98 -> 5 | U98: 1 | V98: 0 | W98: 1 | X98: 0 | Y98: 0 | Z98: 0 | AA98: 0 | AC98: 45918 | AD98: 0.18055556 | AE98: UA 805 | AF98: 45923 | AG98: 0.70138889 | AH98: UA 892 | AI98: Kevin Lee | AK98: Dietary: allergic to wheat , all tree nuts and egg | AL98: LOTTE | AM98: B | AN98: DD
C99: =IF($X99=1,COUNTIF($C$10:C98,">0")+1,"") -> 45 | D99: 15262648 | E99: LO-B14 | F99: T6N8M7D63LY | G99: T6N8M7D63LY | H99: Kulwinder | I99: Kaloty | J99: Female | K99: USA | L99: 28673 | M99: 47 | N99: A68728168 | O99: 49459 | P99: DOUBLE | R99: 45918 | S99: 45923 | T99: =S99-R99 -> 5 | U99: 1 | V99: 1 | W99: 0 | X99: 1 | Y99: 0 | Z99: 1 | AA99: 0 | AC99: 45918 | AD99: 0.18055556 | AE99: UA 805 | AF99: 45923 | AG99: 0.70138889 | AH99: UA 892 | AI99: Kevin Lee | AL99: LOTTE | AM99: B | AN99: DD
C100: =IF($X100=1,COUNTIF($C$10:C99,">0")+1,"") | E100: LO-B14 | F100: VJN498YF3DB | G100: T6N8M7D63LY | H100: Gurneet Kaur | I100: Kang | J100: Female | K100: USA | L100: 40067 | M100: 16 | N100: 671673592 | O100: 46365 | P100: DOUBLE | R100: 45918 | S100: 45923 | T100: =S100-R100 -> 5 | U100: 1 | V100: 1 | W100: 0 | X100: 0 | Y100: 0 | Z100: 0 | AA100: 0 | AC100: 45918 | AD100: 0.18055556 | AE100: UA 805 | AF100: 45923 | AG100: 0.70138889 | AH100: UA 892 | AI100: Kevin Lee | AL100: LOTTE | AM100: B | AN100: DD
C101: =IF($X101=1,COUNTIF($C$10:C100,">0")+1,"") -> 46 | D101: 15262653 | E101: LO-B14 | F101: VTNP3LTCQN2 | G101: VTNP3LTCQN2 | H101: Karamjeet | I101: Kaur | J101: Female | K101: USA | L101: 28250 | M101: 48 | N101: 646009704 | O101: 47301 | P101: DOUBLE | R101: 45918 | S101: 45923 | T101: =S101-R101 -> 5 | U101: 1 | V101: 1 | W101: 0 | X101: 1 | Y101: 0 | Z101: 1 | AA101: 0 | AC101: 45918 | AD101: 0.58680556 | AE101: CX 410 | AF101: 45923 | AG101: 0.56944444 | AH101: CX 439 | AI101: Kevin Lee | AL101: LOTTE | AM101: B | AN101: DD
C102: =IF($X102=1,COUNTIF($C$10:C101,">0")+1,"") | E102: LO-B14 | F102: WJNZ6XNYPB9 | G102: VTNP3LTCQN2 | H102: Tarlochan | I102: Singh | J102: Male | K102: USA | L102: 26438 | M102: 53 | N102: 6460043757 | O102: 47301 | P102: DOUBLE | R102: 45918 | S102: 45923 | T102: =S102-R102 -> 5 | U102: 1 | V102: 1 | W102: 0 | X102: 0 | Y102: 0 | Z102: 0 | AA102: 0 | AC102: 45918 | AD102: 0.58680556 | AE102: CX 410 | AF102: 45923 | AG102: 0.56944444 | AH102: CX 439 | AI102: Kevin Lee | AL102: LOTTE | AM102: B | AN102: DD
C103: =IF($X103=1,COUNTIF($C$10:C102,">0")+1,"") -> 47 | D103: 15262654 | E103: LO-B14 | F103: 2BNKB9BJJJF | G103: 2BNKB9BJJJF | H103: Taranjot | I103: Bhari | J103: Female | K103: USA | L103: 38291 | M103: 20 | N103: 679562651 | O103: 48421 | P103: TWIN | R103: 45918 | S103: 45923 | T103: =S103-R103 -> 5 | U103: 1 | V103: 1 | W103: 0 | X103: 1 | Y103: 0 | Z103: 0 | AA103: 1 | AC103: 45918 | AD103: 0.58680556 | AE103: CX 410 | AF103: 45923 | AG103: 0.56944444 | AH103: CX 439 | AI103: Kevin Lee | AL103: LOTTE | AM103: B | AN103: DT
...
