Workbook
Name _Order1: 255
Name _Sort: #REF!
Name JBA_CODE: [1]Allocation!$AC$2:$AC$3234
Name status_gray: #REF!
Name vertex42_copyright: "© 2015 Vertex42 LLC"
Name vertex42_id: "purchase-order-tracker.xlsx"
Name vertex42_title: "Purchase Order Tracker"

Sheet manifest_11Sep
A1: Group | B1: Confirmation | C1: Primary registrant | D1: Gender | E1: First Name | F1: Last Name | G1: Age | H1: CEO | I1: A.Airline | J1: A.Flt | K1: A.Date | L1: A.Time | M1: A.Airport | N1: D. Airline | O1: D. Flt | P1: D. Date | Q1: D. Time | R1: D. Airport | S1: Hotel | T1: REMARKS | W1: HOTEL CONFRIMATION NUMBER
A2: A | B2: CSNMQ7XNY2S | C2: CSNMQ7XNY2S | D2: Male | E2: Adeolu | F2: Durotoye | G2: 55 | H2: Adeolu Durotoye | I2: WestJet | J2: WS 86 | K2: 13-thg 9-25 | L2: 0.78125 | M2: ICN-T1 | N2: WestJet | O2: WS 87 | P2: 18-thg 9-25 | Q2: 0.86458333 | R2: ICN-T1 | S2: LOTTE | T2: Upgrade - Junior Suite | W2: 15262305 | X2: SINGLE
A3: A | B3: BQN5YMBRTZ9 | C3: BQN5YMBRTZ9 | D3: Male | E3: Olanrewaju | F3: Ogunkoya | G3: 55 | H3: Adeolu Durotoye | I3: Delta | J3: DL 189 | K3: 13-thg 9-25 | L3: 0.59027778 | M3: ICN-T2 | N3: Delta | O3: DL 188 | P3: 18-thg 9-25 | Q3: 0.68402778 | R3: ICN-T2 | S3: LOTTE | W3: 15262306 | X3: DOUBLE
A4: A | B4: 8SNRDRCQPHQ | C4: BQN5YMBRTZ9 | D4: Female | E4: Bridget | F4: Taylor | G4: 55 | H4: Adeolu Durotoye | I4: Delta | J4: DL 189 | K4: 13-thg 9-25 | L4: 0.59027778 | M4: ICN-T2 | N4: Delta | O4: DL 188 | P4: 18-thg 9-25 | Q4: 0.68402778 | R4: ICN-T2 | S4: LOTTE | W4: 15262306 | X4: DOUBLE
A5: A | B5: FLN6XZFQTLH | C5: FLN6XZFQTLH | D5: Female | E5: Abolade | F5: Akinropo | G5: 53 | H5: Adeolu Durotoye | I5: Delta | J5: DL 171 | K5: 13-thg 9-25 | L5: 0.72222222 | M5: ICN-T2 | N5: Delta | O5: DL 172 | P5: 18-thg 9-25 | Q5: 0.81944444 | R5: ICN-T2 | S5: LOTTE | W5: 15262307 | X5: DOUBLE
A6: A | B6: VRNPD384X6N | C6: FLN6XZFQTLH | D6: Female | E6: Shola Jumoke | F6: Olori | G6: 65 | H6: Adeolu Durotoye | I6: Delta | J6: DL 171 | K6: 13-thg 9-25 | L6: 0.72222222 | M6: ICN-T2 | N6: Delta | O6: DL 172 | P6: 18-thg 9-25 | Q6: 0.81944444 | R6: ICN-T2 | S6: LOTTE | W6: 15262307 | X6: DOUBLE
A7: A | B7: 4BNHL9C6RWT | C7: 4BNHL9C6RWT | D7: Male | E7: Onuwabhagbe Ayemere | F7: Ogudo | G7: 46 | H7: Adeolu Durotoye | I7: WestJet | J7: WS 86 | K7: 13-thg 9-25 | L7: 0.78125 | M7: ICN-T1 | N7: Air Canada | O7: AC 64 | P7: 18-thg 9-25 | Q7: 0.73958333 | R7: ICN-T1 | S7: LOTTE | W7: 15262308 | X7: TWIN
A8: A | B8: VCNYDFDGQ8C | C8: 4BNHL9C6RWT | D8: Male | E8: Jeffrey Jafaru | F8: Usman | G8: 44 | H8: Adeolu Durotoye | I8: Air Canada | J8: AC 61 | K8: 12-thg 9-25 | L8: 0.72916667 | M8: ICN-T1 | N8: Korean Air | O8: KE 719 | P8: 18-thg 9-25 | Q8: 0.85416667 | R8: ICN-T2 | S8: LOTTE | W8: 15262308 | X8: TWIN
A9: A | B9: 3FNT9CQ6CWC | C9: 3FNT9CQ6CWC | D9: Male | E9: Paul | F9: Adeyeye | G9: 39 | H9: Adeolu Durotoye | I9: WestJet | J9: WS 86 | K9: 13-thg 9-25 | L9: 0.78125 | M9: ICN-T1 | N9: Air Canada | O9: AC 64 | P9: 18-thg 9-25 | Q9: 0.73958333 | R9: ICN-T1 | S9: LOTTE | W9: 15262309 | X9: DOUBLE
A10: A | B10: D5NZNQTZ4S6 | C10: 3FNT9CQ6CWC | D10: Male | E10: Idowu Adekola | F10: Nafiu | G10: 46 | H10: Adeolu Durotoye | I10: WestJet | J10: WS 86 | K10: 12-thg 9-25 | L10: 0.78125 | M10: ICN-T1 | N10: Air Canada | O10: AC 64 | P10: 18-thg 9-25 | Q10: 0.73958333 | R10: ICN-T1 | S10: LOTTE | W10: 15262309 | X10: DOUBLE
A11: A | B11: 64NQP9SW72V | C11: 64NQP9SW72V | D11: Female | E11: Folashade | F11: Awosanmi | G11: 59 | H11: Adeolu Durotoye | I11: Air Canada | J11: AC 61 | K11: 13-thg 9-25 | L11: 0.72916667 | M11: ICN-T1 | N11: Air Canada | O11: AC 62 | P11: 18-thg 9-25 | Q11: 0.79513889 | R11: ICN-T1 | S11: LOTTE | W11: 15262310 | X11: DOUBLE
A12: A | B12: 98NGTVNHG2X | C12: 64NQP9SW72V | D12: Female | E12: Sheri | F12: Agunbiade | G12: 54 | H12: Adeolu Durotoye | I12: Air Canada | J12: AC 63 | K12: 13-thg 9-25 | L12: 0.67013889 | M12: ICN-T1 | N12: Air Canada | O12: AC 64 | P12: 18-thg 9-25 | Q12: 0.73958333 | R12: ICN-T1 | S12: LOTTE | W12: 15262310 | X12: DOUBLE
A13: A | B13: FDNK6HN7Z9W | C13: FDNK6HN7Z9W | D13: Male | E13: Reynolds | F13: Edokpayi | G13: 35 | H13: Adeolu Durotoye | I13: Korean Air | J13: KE 660 | K13: 12-thg 9-25 | L13: 0.72222222 | M13: ICN-T2 | N13: Korean Air | O13: KE 71 | P13: 18-thg 9-25 | Q13: 0.78125 | R13: ICN-T2 | S13: LOTTE | W13: 15262311 | X13: DOUBLE
A14: A | B14: MGNWBNQ27JY | C14: FDNK6HN7Z9W | D14: Female | E14: Osasogie Deborah | F14: Edokpayi | G14: 31 | H14: Adeolu Durotoye | I14: Korean Air | J14: KE 660 | K14: 12-thg 9-25 | L14: 0.72222222 | M14: ICN-T2 | N14: Korean Air | O14: KE 71 | P14: 18-thg 9-25 | Q14: 0.78125 | R14: ICN-T2 | S14: LOTTE | W14: 15262311 | X14: DOUBLE
... A33: A | B33: P8NSJDPN4XX | C33: NPNGSRN48GW | D33: Female | E33: Kofo Monsurah | F33: Keshinro | G33: 42 | H33: Adeolu Durotoye | I33: American Airlines | J33: AA 281 | K33: 13-thg 9-25 | L33: 0.64583333 | M33: ICN-T1 | N33: American Airlines | O33: AA 280 | P33: 18-thg 9-25 | Q33: 0.72569444 | R33: ICN-T1 | S33: LOTTE | W33: 15262320 | X33: TWIN
A34: A | B34: NZN2Z5XYY4M | C34: NZN2Z5XYY4M | D34: Male | E34: Himawan | F34: Brasali | G34: 60 | H34: Alicia Nguyen 1 | I34: Cathay Pacific | J34: CX 410 | K34: 13-thg 9-25 | L34: 0.58680556 | M34: ICN-T1 | N34: Cathay Pacific | O34: CX 411 | P34: 18-thg 9-25 | Q34: 0.63194444 | R34: ICN-T1 | S34: FAIRMONT | T34: Busan -> Incheon Airport train station, @ 18:00 | W34: 462710469 | X34: DOUBLE
A35: A | B35: W9NWGQ5DD7L | C35: NZN2Z5XYY4M | D35: Female | E35: Liliana Chandra | F35: Brasali | G35: 61 | H35: Alicia Nguyen 1 | I35: Cathay Pacific | J35: CX 410 | K35: 13-thg 9-25 | L35: 0.58680556 | M35: ICN-T1 | N35: Cathay Pacific | O35: CX 411 | P35: 18-thg 9-25 | Q35: 0.63194444 | R35: ICN-T1 | S35: FAIRMONT | T35: Busan -> Incheon Airport train station, @ 18:00 | W35: 462710469 | X35: DOUBLE
A36: A | B36: PYN6VPQG6T9 | C36: PYN6VPQG6T9 | D36: Female | E36: Shoufie Rusli | F36: Nakamura | G36: 64 | H36: Alicia Nguyen 1 | I36: United Airlines | J36: UA 893 | K36: 13-thg 9-25 | L36: 0.625 | M36: ICN-T1 | N36: Korean Air | O36: KE 627 | P36: 18-thg 9-25 | Q36: 0.63194444 | R36: ICN-T2 | S36: FAIRMONT | T36: Busan -> Incheon Airport train station, @ 18:00 | W36: 462710470 | X36: DOUBLE
A37: A | B37: 6NN3YPYWJMF | C37: PYN6VPQG6T9 | D37: Female | E37: Kennedydouglas | F37: Jean | G37: 70 | H37: Alicia Nguyen 1 | I37: Cathay Pacific | J37: CX 410 | K37: 13-thg 9-25 | L37: 0.58680556 | M37: ICN-T1 | N37: Cathay Pacific | O37: CX 411 | P37: 18-thg 9-25 | Q37: 0.63194444 | R37: ICN-T1 | S37: FAIRMONT | T37: Busan -> Incheon Airport train station, @ 18:00 | W37: 462710470 | X37: DOUBLE
A38: A | B38: BCNVYRX63CS | C38: BCNVYRX63CS | D38: Male | E38: Anhvu Tran | F38: Nguyen | G38: 34 | H38: Alicia Nguyen 1 | I38: Delta | J38: DL 173 | K38: 13-thg 9-25 | L38: 0.63888889 | M38: ICN-T2 | N38: Tigerair Taiwan | O38: IT 603 on 19 Sep | P38: 18-thg 9-25 | Q38: 0.94097222 | R38: ICN-T1 | S38: FAIRMONT | T38: depart on 19Sep, see-off on 18Sep @ 17:50, ICN-T1 | W38: 462710471 | X38: DOUBLE
A39: A | B39: B3NJRY93FX2 | C39: BCNVYRX63CS | D39: Female | E39: Ya Chen | F39: Chen | G39: 36 | H39: Alicia Nguyen 1 | I39: Delta | J39: DL 173 | K39: 13-thg 9-25 | L39: 0.63888889 | M39: ICN-T2 | N39: Tigerair Taiwan | O39: IT 603 on 19 Sep | P39: 18-thg 9-25 | Q39: 0.94097222 | R39: ICN-T1 | S39: FAIRMONT | T39: depart on 19Sep, see-off on 18Sep @ 17:50, ICN-T1 | W39: 462710471 | X39: DOUBLE
A40: A | B40: JQNQMVF25YP | C40: JQNQMVF25YP | D40: Male | E40: Brian Mercado | F40: Berdiago | G40: 34 | H40: Alicia Nguyen 1 | I40: United Airlines | J40: UA 805 | K40: 13-thg 9-25 | L40: 0.18055556 | M40: ICN-T1 | N40: United Airlines | O40: UA 892 | P40: 18-thg 9-25 | Q40: 0.70138889 | R40: ICN-T1 | S40: FAIRMONT | W40: 462710472 | X40: TWIN
A41: A | B41: CXNRJSK5PKF | C41: JQNQMVF25YP | D41: Male | E41: Alexis | F41: Camacho Sibrian | G41: 23 | H41: Alicia Nguyen 1 | I41: Asiana Airlines | J41: OZ 101 | K41: 13-thg 9-25 | L41: 0.65972222 | M41: ICN-T1 | N41: Asiana Airlines | O41: OZ 212 | P41: 18-thg 9-25 | Q41: 0.87152778 | R41: ICN-T1 | S41: FAIRMONT | W41: 462710472 | X41: TWIN
A42: A | B42: 95NN33GQCFZ | C42: 95NN33GQCFZ | D42: Male | E42: Daniel Gregory | F42: Chabino | G42: 54 | H42: Alicia Nguyen 1 | I42: Korean Air | J42: KE 5034 | K42: 13-thg 9-25 | L42: 0.72222222 | M42: ICN-T2 | N42: Philippine Airlines | O42: PR 485 | P42: 18-thg 9-25 | Q42: 0.28819444 | R42: ICN-T1 | S42: FAIRMONT | W42: 462710474 | X42: DOUBLE
A43: A | B43: D5NXLDNW5BB | C43: 95NN33GQCFZ | D43: Female | E43: Nheza Mirasol | F43: Samia | H43: Alicia Nguyen 1 | S43: FAIRMONT | W43: 462710474 | X43: DOUBLE
A44: A | B44: X7NFCHMYRSC | C44: X7NFCHMYRSC | D44: Male | E44: Gerald Cabatbat | F44: Pugal | G44: 40 | H44: Alicia Nguyen 1 | I44: Delta | J44: DL 197 | K44: 13-thg 9-25 | L44: 0.6875 | M44: ICN-T2 | N44: Delta | O44: DL 196 | P44: 18-thg 9-25 | Q44: 0.80555556 | R44: ICN-T2 | S44: FAIRMONT | W44: 462710475 | X44: DOUBLE
A45: A | B45: XMNGSK9RJW2 | C45: X7NFCHMYRSC | D45: Female | E45: Jennifermae Castillo | F45: Regacho | G45: 42 | H45: Alicia Nguyen 1 | I45: Korean Air | J45: KE 186 | K45: 13-thg 9-25 | L45: 0.70138889 | M45: ICN-T2 | N45: Delta | O45: DL 196 | P45: 18-thg 9-25 | Q45: 0.80555556 | R45: ICN-T2 | S45: FAIRMONT | W45: 462710475 | X45: DOUBLE
A46: A | B46: J3N99ML8RH3 | C46: J3N99ML8RH3 | D46: Male | E46: John Franco | F46: Quines | G46: 33 | H46: Alicia Nguyen 1 | I46: Asiana Airlines | J46: OZ 107 | K46: 13-thg 9-25 | L46: 0.47916667 | M46: ICN-T1 | N46: Asiana Airlines | O46: OZ 212 | P46: 18-thg 9-25 | Q46: 0.87152778 | R46: ICN-T1 | S46: FAIRMONT | W46: 462710476 | X46: DOUBLE
A47: A | B47: Z8NGNLRZ7TD | C47: J3N99ML8RH3 | D47: Male | E47: Kenneth | F47: Jung | G47: 24 | H47: Alicia Nguyen 1 | I47: Asiana Airlines | J47: OZ 107 | K47: 13-thg 9-25 | L47: 0.47916667 | M47: ICN-T1 | N47: Asiana Airlines | O47: OZ 212 | P47: 18-thg 9-25 | Q47: 0.87152778 | R47: ICN-T1 | S47: FAIRMONT | W47: 462710476 | X47: DOUBLE
A48: A | B48: QFN6T4JS4CP | C48: QFN6T4JS4CP | D48: Male | E48: Justin Kelly | F48: Mambaje | G48: 41 | H48: Alicia Nguyen 1 | I48: Asiana Airlines | J48: OZ 107 | K48: 13-thg 9-25 | L48: 0.47916667 | M48: ICN-T1 | N48: Asiana Airlines | O48: OZ 212 | P48: 18-thg 9-25 | Q48: 0.87152778 | R48: ICN-T1 | S48: FAIRMONT | T48: Upgrade - Signature Suite | W48: 462710727 | X48: DOUBLE
A49: A | B49: NJNXZSSPR99 | C49: QFN6T4JS4CP | D49: Female | E49: Maria Cecilia Lacap | F49: Mambaje | G49: 38 | H49: Alicia Nguyen 1 | I49: Asiana Airlines | J49: OZ 107 | K49: 13-thg 9-25 | L49: 0.47916667 | M49: ICN-T1 | N49: Asiana Airlines | O49: OZ 212 | P49: 18-thg 9-25 | Q49: 0.87152778 | R49: ICN-T1 | S49: FAIRMONT | W49: 462710727 | X49: DOUBLE
A50: A | B50: 7BNJ8DW86GS | C50: QFN6T4JS4CP | D50: Female | E50: Lily-Ann Lacap | F50: Mambaje | G50: 11 | H50: Alicia Nguyen 1 | I50: Asiana Airlines | J50: OZ 107 | K50: 13-thg 9-25 | L50: 0.47916667 | M50: ICN-T1 | N50: Asiana Airlines | O50: OZ 212 | P50: 18-thg 9-25 | Q50: 0.87152778 | R50: ICN-T1 | S50: FAIRMONT | W50: 462710727 | X50: DOUBLE
A51: A | B51: GHNKTHQG7VK | C51: QFN6T4JS4CP | D51: Female | E51: Amalia Lacap | F51: Mambaje | G51: 13 | H51: Alicia Nguyen 1 | I51: Asiana Airlines | J51: OZ 107 | K51: 13-thg 9-25 | L51: 0.47916667 | M51: ICN-T1 | N51: Asiana Airlines | O51: OZ 212 | P51: 18-thg 9-25 | Q51: 0.87152778 | R51: ICN-T1 | S51: FAIRMONT | W51: 462710728 | X51: DOUBLE
A52: A | B52: N7NJZY3WR94 | C52: QFN6T4JS4CP | D52: Female | E52: Ruth | F52: Gagarin | G52: 62 | H52: Alicia Nguyen 1 | I52: Asiana Airlines | J52: OZ 107 | K52: 13-thg 9-25 | L52: 0.47916667 | M52: ICN-T1 | N52: Asiana Airlines | O52: OZ 212 | P52: 18-thg 9-25 | Q52: 0.87152778 | R52: ICN-T1 | S52: FAIRMONT | W52: 462710728 | X52: DOUBLE
A53: A | B53: M4NTGBJQJY4 | C53: M4NTGBJQJY4 | D53: Male | E53: Lee Michael Castillo | F53: Montes | G53: 48 | H53: Alicia Nguyen 1 | I53: Asiana Airlines | J53: OZ 107 | K53: 13-thg 9-25 | L53: 0.47916667 | M53: ICN-T1 | N53: Asiana Airlines | O53: OZ 212 | P53: 18-thg 9-25 | Q53: 0.87152778 | R53: ICN-T1 | S53: FAIRMONT | W53: 462710729 | X53: DOUBLE
A54: A | B54: 4VNVY9GPZPW | C54: M4NTGBJQJY4 | D54: Female | E54: Trina Pacita | F54: Montes | G54: 45 | H54: Alicia Nguyen 1 | I54: Asiana Airlines | J54: OZ 107 | K54: 13-thg 9-25 | L54: 0.47916667 | M54: ICN-T1 | N54: Asiana Airlines | O54: OZ 212 | P54: 18-thg 9-25 | Q54: 0.87152778 | R54: ICN-T1 | S54: FAIRMONT | W54: 462710729 | X54: DOUBLE
A55: A | B55: JVNDQKFWDV5 | C55: M4NTGBJQJY4 | D55: Female | E55: Trinity Aleeya | F55: Montes | G55: 19 | H55: Alicia Nguyen 1 | I55: Asiana Airlines | J55: OZ 107 | K55: 13-thg 9-25 | L55: 0.47916667 | M55: ICN-T1 | N55: Asiana Airlines | O55: OZ 212 | P55: 18-thg 9-25 | Q55: 0.87152778 | R55: ICN-T1 | S55: FAIRMONT | W55: 462710730 | X55: TWIN
A56: A | B56: 45N3BSS6BDX | C56: M4NTGBJQJY4 | D56: Female | E56: Stephanie Montes | F56: Dumandan | G56: 46 | H56: Alicia Nguyen 1 | I56: Korean Air | J56: KE 24 | K56: 13-thg 9-25 | L56: 0.72222222 | M56: ICN-T2 | N56: Korean Air | O56: KE 23 | P56: 18-thg 9-25 | Q56: 0.66666667 | R56: ICN-T2 | S56: FAIRMONT | W56: 462710730 | X56: TWIN
A57: A | B57: SFNCLTQZ2HS | C57: M4NTGBJQJY4 | D57: Female | E57: Teresa Pacita | F57: Walsh | G57: 71 | H57: Alicia Nguyen 1 | I57: Asiana Airlines | J57: OZ 107 | K57: 13-thg 9-25 | L57: 0.47916667 | M57: ICN-T1 | N57: Asiana Airlines | O57: OZ 212 | P57: 18-thg 9-25 | Q57: 0.87152778 | R57: ICN-T1 | S57: FAIRMONT | W57: 462710731 | X57: TWIN
A58: A | B58: S6NKVSF3B3K | C58: M4NTGBJQJY4 | D58: Male | E58: Mason Lee | F58: Montes | G58: 13 | H58: Alicia Nguyen 1 | I58: Asiana Airlines | J58: OZ 107 | K58: 13-thg 9-25 | L58: 0.47916667 | M58: ICN-T1 | N58: Asiana Airlines | O58: OZ 212 | P58: 18-thg 9-25 | Q58: 0.87152778 | R58: ICN-T1 | S58: FAIRMONT | W58: 462710731 | X58: TWIN
A59: A | B59: QDN58XDZLCH | C59: QDN58XDZLCH | D59: Female | E59: Lourdes | F59: Concepcion | G59: 62 | H59: Alicia Nguyen 1 | I59: Asiana Airlines | J59: OZ 107 | K59: 13-thg 9-25 | L59: 0.47916667 | M59: ICN-T1 | N59: Asiana Airlines | O59: OZ 212 | P59: 18-thg 9-25 | Q59: 0.87152778 | R59: ICN-T1 | S59: FAIRMONT | W59: 462672854 | X59: DOUBLE
A60: A | B60: SZN23NXWNGG | C60: QDN58XDZLCH | D60: Female | E60: Ronna Mae Dilag | F60: Jacutin | G60: 30 | H60: Alicia Nguyen 1 | I60: Philippines AirAsia | J60: Z2 884 | K60: 13-thg 9-25 | L60: 0.50694444 | M60: ICN-T1 | N60: Philippine Airlines | O60: PR 469 | P60: 18-thg 9-25 | Q60: 0.85416667 | R60: ICN-T1 | S60: FAIRMONT | W60: 462672854 | X60: DOUBLE
... A73: A | B73: JPNXY7H2YKC | C73: 2TN8TPHYRPP | D73: Female | E73: Josefa Balanon | F73: Proverbs | G73: 64 | H73: Alicia Nguyen 2 | I73: Air Canada | J73: AC 63 | K73: 13-thg 9-25 | L73: 0.67013889 | M73: ICN-T1 | N73: Korean Air | O73: KE 621 | P73: 18-thg 9-25 | Q73: 0.32638889 | R73: ICN-T2 | S73: FAIRMONT | W73: 462710739 | X73: DOUBLE
A74: A | B74: J9NS76MBH9S | C74: J9NS76MBH9S | D74: Male | E74: Ard Henry | F74: Binwag | G74: 53 | H74: Alicia Nguyen 2 | I74: EVA Air | J74: BR 170 | K74: 10-thg 9-25 | L74: 0.45833333 | M74: ICN-T1 | N74: All Nippon Airways | O74: NH 6954 | P74: 18-thg 9-25 | Q74: 0.58680556 | R74: ICN-T1 | S74: FAIRMONT | T74: Arrive on Sep 10, stay another hotel until 13 Sep | W74: 462710740 | X74: DOUBLE
A75: A | B75: H4NB6N7L6DB | C75: J9NS76MBH9S | D75: Female | E75: Jocelyn | F75: Punzalan-Binwag | G75: 53 | H75: Alicia Nguyen 2 | I75: EVA Air | J75: BR 170 | K75: 10-thg 9-25 | L75: 0.45833333 | M75: ICN-T1 | N75: All Nippon Airways | O75: NH 6954 | P75: 18-thg 9-25 | Q75: 0.58680556 | R75: ICN-T1 | S75: FAIRMONT | T75: Arrive on Sep 10, stay another hotel until 13 Sep | W75: 462710740 | X75: DOUBLE
A76: A | B76: 2RNCJJK5XXV | C76: 2RNCJJK5XXV | D76: Male | E76: Elmer Valentin | F76: Alvarado | G76: 63 | H76: Alicia Nguyen 2 | I76: China Airlines | J76: CI 160 | K76: 13-thg 9-25 | L76: 0.46875 | M76: ICN-T2 | N76: Asiana Airlines | O76: OZ 114 | P76: 18-thg 9-25 | Q76: 0.58680556 | R76: ICN-T1 | S76: FAIRMONT | W76: 462710741 | X76: DOUBLE
A77: A | B77: DLNX5X5S79W | C77: 2RNCJJK5XXV | D77: Female | E77: Andrea Dugay | F77: Alvarado | G77: 67 | H77: Alicia Nguyen 2 | I77: China Airlines | J77: CI 160 | K77: 13-thg 9-25 | L77: 0.46875 | M77: ICN-T2 | N77: Asiana Airlines | O77: OZ 114 | P77: 18-thg 9-25 | Q77: 0.58680556 | R77: ICN-T1 | S77: FAIRMONT | W77: 462710741 | X77: DOUBLE
A78: A | B78: 79NRQP3LZJF | C78: 79NRQP3LZJF | D78: Male | E78: John Michael | F78: Elliott | G78: 63 | H78: Alicia Nguyen 2 | I78: Korean Air | J78: KE 24 | K78: 13-thg 9-25 | L78: 0.72222222 | M78: ICN-T2 | N78: Korean Air | O78: KE 23 | P78: 18-thg 9-25 | Q78: 0.66666667 | R78: ICN-T2 | S78: FAIRMONT | T78: Rooming: Request room on 5th floor or lower | W78: 462710742 | X78: SINGLE
A79: A | B79: GYNR24LJP3C | C79: GYNR24LJP3C | D79: Male | E79: Mohamed Riyaz | F79: Zavahir | G79: 52 | H79: Alicia Nguyen 2 | I79: Asiana Airlines | J79: OZ 201 | K79: 13-thg 9-25 | L79: 0.62152778 | M79: ICN-T1 | N79: Air Premia | O79: YP 101 | P79: 18-thg 9-25 | Q79: 0.53125 | R79: ICN-T1 | S79: FAIRMONT | W79: 462710743 | X79: SINGLE
A80: A | B80: RHNCYJM23YG | C80: RHNCYJM23YG | D80: Female | E80: Riquaza | F80: Zavahir | G80: 58 | H80: Alicia Nguyen 2 | I80: Singapore Airlines | J80: SQ 600 | K80: 13-thg 9-25 | L80: 0.64930556 | M80: ICN-T1 | N80: Delta | O80: DL 188 | P80: 18-thg 9-25 | Q80: 0.68402778 | R80: ICN-T2 | S80: FAIRMONT | W80: 462710744 | X80: TWIN
A81: A | B81: WRNGKMKNRVQ | C81: RHNCYJM23YG | D81: Female | E81: Anna Marie | F81: Eulona | G81: 67 | H81: Alicia Nguyen 2 | I81: EVA Air | J81: BR 170 | K81: 13-thg 9-25 | L81: 0.45833333 | M81: ICN-T1 | N81: Asiana Airlines | O81: OZ 114 | P81: 18-thg 9-25 | Q81: 0.58680556 | R81: ICN-T1 | S81: FAIRMONT | W81: 462710744 | X81: TWIN
A82: A | B82: CPNVJ46D4RV | C82: CPNVJ46D4RV | D82: Male | E82: Rommel Barcelona | F82: Ramos | G82: 52 | H82: Alicia Nguyen 2 | I82: EVA Air | J82: BR 170 | K82: 13-thg 9-25 | L82: 0.45833333 | M82: ICN-T1 | N82: All Nippon Airways | O82: NH 6954 | P82: 18-thg 9-25 | Q82: 0.58680556 | R82: ICN-T1 | S82: FAIRMONT | W82: 462710745 | X82: DOUBLE
A83: A | B83: KTNQQY434TS | C83: CPNVJ46D4RV | D83: Female | E83: Mariavita | F83: Marinas | G83: 63 | H83: Alicia Nguyen 2 | I83: EVA Air | J83: BR 170 | K83: 13-thg 9-25 | L83: 0.45833333 | M83: ICN-T1 | N83: All Nippon Airways | O83: NH 6954 | P83: 18-thg 9-25 | Q83: 0.58680556 | R83: ICN-T1 | S83: FAIRMONT | W83: 462710745 | X83: DOUBLE
A84: A | B84: 3DN29ZH5WDC | C84: 3DN29ZH5WDC | D84: Male | E84: Andrew | F84: Yap | G84: 58 | H84: Alicia Nguyen 2 | I84: Asiana Airlines | J84: OZ 211 | K84: 13-thg 9-25 | L84: 0.1875 | M84: ICN-T1 | N84: Asiana Airlines | O84: OZ 212 | P84: 23-thg 9-25 | Q84: 0.87152778 | R84: ICN-T1 | S84: FAIRMONT | W84: 461169739 | X84: DOUBLE
A85: A | B85: K2NJQB23VYQ | C85: 3DN29ZH5WDC | D85: Female | E85: Wiwit | F85: Handayani | G85: 53 | H85: Alicia Nguyen 2 | I85: Asiana Airlines | J85: OZ 211 | K85: 13-thg 9-25 | L85: 0.1875 | M85: ICN-T1 | N85: Asiana Airlines | O85: OZ 212 | P85: 23-thg 9-25 | Q85: 0.87152778 | R85: ICN-T1 | S85: FAIRMONT | W85: 461169739 | X85: DOUBLE
A86: A | B86: NXN2LZVYTD3 | C86: NXN2LZVYTD3 | D86: Female | E86: Inge Tjiarmawati | F86: Djumhana | G86: 59 | H86: Alicia Nguyen 2 | I86: Asiana Airlines | J86: OZ 211 | K86: 13-thg 9-25 | L86: 0.1875 | M86: ICN-T1 | N86: Asiana Airlines | O86: OZ 212 | P86: 23-thg 9-25 | Q86: 0.87152778 | R86: ICN-T1 | S86: FAIRMONT | W86: 462299441 | X86: SINGLE
A87: A | B87: 9JNTVS5B6VQ | C87: 9JNTVS5B6VQ | D87: Female | E87: Sri | F87: Rahayu | G87: 58 | H87: Alicia Nguyen 2 | I87: United Airlines | J87: UA 805 | K87: 13-thg 9-25 | L87: 0.18055556 | M87: ICN-T1 | N87: United Airlines | O87: UA 892 | P87: 23-thg 9-25 | Q87: 0.70138889 | R87: ICN-T1 | S87: FAIRMONT | W87: 462710746 | X87: DOUBLE
A88: A | B88: Y7NR779HPC7 | C88: 9JNTVS5B6VQ | D88: Male | E88: Xaverius Kristianto | F88: Mangkuorahardjo | G88: 58 | H88: Alicia Nguyen 2 | I88: United Airlines | J88: UA 805 | K88: 13-thg 9-25 | L88: 0.18055556 | M88: ICN-T1 | N88: United Airlines | O88: UA 892 | P88: 23-thg 9-25 | Q88: 0.70138889 | R88: ICN-T1 | S88: FAIRMONT | W88: 462710746 | X88: DOUBLE
A89: A | B89: 9HN7LWDDZJL | C89: 9HN7LWDDZJL | D89: Female | E89: Ivanka | F89: Liao | G89: 48 | H89: Alicia Nguyen 2 | I89: American Airlines | J89: AA 281 | K89: 13-thg 9-25 | L89: 0.64583333 | M89: ICN-T1 | N89: American Airlines | O89: AA 280 | P89: 18-thg 9-25 | Q89: 0.72569444 | R89: ICN-T1 | S89: FAIRMONT | W89: 462710747 | X89: DOUBLE
A90: A | B90: WSNFY7MDCZW | C90: 9HN7LWDDZJL | D90: Male | E90: Iswandy | F90: Wong | G90: 57 | H90: Alicia Nguyen 2 | I90: American Airlines | J90: AA 281 | K90: 13-thg 9-25 | L90: 0.64583333 | M90: ICN-T1 | N90: American Airlines | O90: AA 280 | P90: 18-thg 9-25 | Q90: 0.72569444 | R90: ICN-T1 | S90: FAIRMONT | W90: 462710747 | X90: DOUBLE
... A152: A | B152: Y5NLPSJCPVC | C152: BFNX8HXXHHN | D152: Female | E152: Harmit Kaur | F152: Bhangu | G152: 48 | H152: Alicia Nguyen 2 | I152: Delta | J152: DL 173 | K152: 13-thg 9-25 | L152: 0.63888889 | M152: ICN-T2 | N152: Thai Airways | O152: TG 657 | P152: 18-thg 9-25 | Q152: 0.43055556 | R152: ICN-T1 | S152: FAIRMONT | W152: 462710777 | X152: DOUBLE
A153: A | B153: M9NZGXT2CW5 | C153: M9NZGXT2CW5 | D153: Female | E153: Chiewsze | F153: Cheah | G153: 39 | H153: Alicia Nguyen 3 | I153: United Airlines | J153: UA 893 | K153: 13-thg 9-25 | L153: 0.625 | M153: ICN-T1 | N153: United Airlines | O153: UA 892 | P153: 21-thg 9-25 | Q153: 0.70138889 | R153: ICN-T1 | S153: JW MARRIOTT | T153: 1/ Rooming: Approved: 2 rooms having 3 kids + connecting room/next door 2/ Post: 3 nights for 1 SGL (Sept 18, 19, 20) | W153: 87909760 | X153: SINGLE
A154: A | B154: XGN5MNQH6Z5 | C154: M9NZGXT2CW5 | D154: Male | E154: Luke Brody | F154: Nguyen | G154: 7 | H154: Alicia Nguyen 3 | I154: United Airlines | J154: UA 893 | K154: 13-thg 9-25 | L154: 0.625 | M154: ICN-T1 | N154: United Airlines | O154: UA 892 | P154: 21-thg 9-25 | Q154: 0.70138889 | R154: ICN-T1 | S154: JW MARRIOTT | T154: Post: 3 nights for 1 SGL (Sept 18, 19, 20) | W154: 87909760 | X154: SINGLE
A155: A | B155: 3BN3P3S7TS2 | C155: M9NZGXT2CW5 | D155: Female | E155: Lauren Mulan | F155: Nguyen | G155: 5 | H155: Alicia Nguyen 3 | I155: United Airlines | J155: UA 893 | K155: 13-thg 9-25 | L155: 0.625 | M155: ICN-T1 | N155: United Airlines | O155: UA 892 | P155: 21-thg 9-25 | Q155: 0.70138889 | R155: ICN-T1 | S155: JW MARRIOTT | T155: Post: 3 nights for 1 SGL (Sept 18, 19, 20) | W155: 87909760 | X155: SINGLE
A156: A | B156: N4NC32N42LT | C156: M9NZGXT2CW5 | D156: Female | E156: Ah Eng | F156: Ooi | G156: 71 | H156: Alicia Nguyen 3 | I156: United Airlines | J156: UA 893 | K156: 13-thg 9-25 | L156: 0.625 | M156: ICN-T1 | N156: United Airlines | O156: UA 892 | P156: 21-thg 9-25 | Q156: 0.70138889 | R156: ICN-T1 | S156: JW MARRIOTT | T156: 1/ Rooming: connecting room/next door with Cheah Chiewsze 2/ Post: 3 nights for 1 DBL (Sept 18, 19, 20) | W156: 87927265 | X156: DOUBLE
A157: A | B157: WMN4V2GDXQJ | C157: M9NZGXT2CW5 | D157: Male | E157: Seong Aun | F157: Cheah | G157: 72 | H157: Alicia Nguyen 3 | I157: United Airlines | J157: UA 893 | K157: 13-thg 9-25 | L157: 0.625 | M157: ICN-T1 | N157: United Airlines | O157: UA 892 | P157: 21-thg 9-25 | Q157: 0.70138889 | R157: ICN-T1 | S157: JW MARRIOTT | T157: Post: 3 nights for 1 DBL (Sept 18, 19, 20) | W157: 87927265 | X157: DOUBLE
A158: A | B158: BMNVVMLJS5Y | C158: M9NZGXT2CW5 | D158: Male | E158: Taylor Louis | F158: Nguyen | G158: 2 | H158: Alicia Nguyen 3 | I158: United Airlines | J158: UA 893 | K158: 13-thg 9-25 | L158: 0.625 | M158: ICN-T1 | N158: United Airlines | O158: UA 892 | P158: 21-thg 9-25 | Q158: 0.70138889 | R158: ICN-T1 | S158: JW MARRIOTT | T158: Post: 3 nights for 1 DBL (Sept 18, 19, 20) | W158: 87927265 | X158: DOUBLE
A159: A | B159: VLNG89FJ3HR | C159: VLNG89FJ3HR | D159: Female | E159: Linh | F159: Tonnu | G159: 68 | H159: Alicia Nguyen 3 | I159: Jeju Air | J159: 7C 1374 | K159: 13-thg 9-25 | L159: 0.65625 | M159: ICN-T1 | N159: Air Canada | O159: AC 64 | P159: 18-thg 9-25 | Q159: 0.73958333 | R159: ICN-T1 | S159: JW MARRIOTT | W159: 75985046 | X159: TWIN
A160: A | B160: NNNMCZGNJJB | C160: VLNG89FJ3HR | D160: Male | E160: Vietlong | F160: Ha | G160: 32 | H160: Alicia Nguyen 3 | I160: Jeju Air | J160: 7C 1374 | K160: 13-thg 9-25 | L160: 0.65625 | M160: ICN-T1 | N160: Air Canada | O160: AC 64 | P160: 18-thg 9-25 | Q160: 0.73958333 | R160: ICN-T1 | S160: JW MARRIOTT | W160: 75985046 | X160: TWIN
A161: A | B161: CVN8H5ZBTW5 | C161: CVN8H5ZBTW5 | D161: Female | E161: Nhu Ai Hoang | F161: Nguyen | G161: 46 | H161: Alicia Nguyen 3 | I161: Asiana Airlines | J161: OZ 271 | K161: 9-thg 9-25 | L161: 0.74652778 | M161: ICN-T1 | N161: Vietnam Airlines | O161: VN 403 | P161: 18-thg 9-25 | Q161: 0.74652778 | R161: ICN-T1 | S161: JW MARRIOTT | W161: 75985070 | X161: TWIN
A162: A | B162: 3HNHYB2CWWB | C162: CVN8H5ZBTW5 | D162: Female | E162: Vi Ngoc Thanh | F162: Le | G162: 41 | H162: Alicia Nguyen 3 | I162: T'way Air | J162: TW 304 | K162: 13-thg 9-25 | L162: 0.69097222 | M162: ICN-T1 | N162: Hawaiian Airlines | O162: HA 872 | P162: 18-thg 9-25 | Q162: 0.85763889 | R162: ICN-T1 | S162: JW MARRIOTT | W162: 75985070 | X162: TWIN
A163: A | B163: GTNGBKDRMK8 | C163: GTNGBKDRMK8 | D163: Female | E163: Phonetip | F163: Sivilay | G163: 39 | H163: Alicia Nguyen 3 | I163: VietJet Air | J163: VJ 862 | K163: 13-thg 9-25 | L163: 0.40277778 | M163: ICN-T1 | N163: VietJet Air | O163: VJ 861 | P163: 18-thg 9-25 | Q163: 0.88888889 | R163: ICN-T1 | S163: JW MARRIOTT | W163: 75985089 | X163: DOUBLE
A164: A | B164: 4NNQFFFRLGS | C164: GTNGBKDRMK8 | D164: Female | E164: Phonethip | F164: Bounma | G164: 36 | H164: Alicia Nguyen 3 | I164: VietJet Air | J164: VJ 862 | K164: 13-thg 9-25 | L164: 0.40277778 | M164: ICN-T1 | N164: VietJet Air | O164: VJ 861 | P164: 18-thg 9-25 | Q164: 0.88888889 | R164: ICN-T1 | S164: JW MARRIOTT | W164: 75985089 | X164: DOUBLE
A165: A | B165: SVNPWTPC6SX | C165: SVNPWTPC6SX | D165: Male | E165: Thu | F165: Duong | G165: 40 | H165: Alicia Nguyen 3 | I165: Jeju Air | J165: 7C 1104 | K165: 13-thg 9-25 | L165: 0.6875 | M165: ICN-T1 | N165: United Airlines | O165: UA 892 | P165: 18-thg 9-25 | Q165: 0.70138889 | R165: ICN-T1 | S165: JW MARRIOTT | W165: 75985105 | X165: DOUBLE
A166: A | B166: GXNHS2NZGG3 | C166: SVNPWTPC6SX | D166: Female | E166: Judy | F166: Vo | G166: 39 | H166: Alicia Nguyen 3 | I166: Jeju Air | J166: 7C 1104 | K166: 13-thg 9-25 | L166: 0.6875 | M166: ICN-T1 | N166: United Airlines | O166: UA 892 | P166: 18-thg 9-25 | Q166: 0.70138889 | R166: ICN-T1 | S166: JW MARRIOTT | W166: 75985105 | X166: DOUBLE
A167: A | B167: BMNZPC9YVZ8 | C167: SVNPWTPC6SX | D167: Female | E167: Ava Thi | F167: Duong | G167: 3 | H167: Alicia Nguyen 3 | I167: Jeju Air | J167: 7C 1104 | K167: 13-thg 9-25 | L167: 0.6875 | M167: ICN-T1 | N167: United Airlines | O167: UA 892 | P167: 18-thg 9-25 | Q167: 0.70138889 | R167: ICN-T1 | S167: JW MARRIOTT | W167: 75985105 | X167: DOUBLE
A168: A | B168: 7LNH3MLS2CY | C168: SVNPWTPC6SX | D168: Male | E168: Mike | F168: Vo | G168: 29 | H168: Alicia Nguyen 3 | I168: Jeju Air | J168: 7C 1104 | K168: 13-thg 9-25 | L168: 0.6875 | M168: ICN-T1 | N168: United Airlines | O168: UA 892 | P168: 18-thg 9-25 | Q168: 0.70138889 | R168: ICN-T1 | S168: JW MARRIOTT | W168: 75985130 | X168: SINGLE
A169: A | B169: 2ZNMF49BBVW | C169: 2ZNMF49BBVW | D169: Male | E169: Anthony Tuong Hung | F169: Nguyen | G169: 37 | H169: Alicia Nguyen 3 | I169: Asiana Airlines | J169: OZ 211 | K169: 13-thg 9-25 | L169: 0.1875 | M169: ICN-T1 | N169: Asiana Airlines | O169: OZ 731 | P169: 18-thg 9-25 | Q169: 0.3125 | R169: ICN-T1 | S169: JW MARRIOTT | W169: 75985156 | X169: TWIN
A170: A | B170: FMN7SWW89Z9 | C170: 2ZNMF49BBVW | D170: Male | E170: Kris Antoine | F170: Flores | G170: 31 | H170: Alicia Nguyen 3 | S170: JW MARRIOTT | W170: 75985156 | X170: TWIN
A171: A | B171: XNNY43FCBY3 | C171: XNNY43FCBY3 | D171: Male | E171: Bradley Todd Akio | F171: Hamada | G171: 49 | H171: Alicia Nguyen 3 | I171: Korean Air | J171: KE 24 | K171: 13-thg 9-25 | L171: 0.72222222 | M171: ICN-T2 | N171: Korean Air | O171: KE 725 | P171: 18-thg 9-25 | Q171: 0.62152778 | R171: ICN-T2 | S171: JW MARRIOTT | W171: 75985180 | X171: DOUBLE
A172: A | B172: 7RNX8XYH5Q7 | C172: XNNY43FCBY3 | D172: Female | E172: Kimiyo Naomi | F172: Sanchez | G172: 49 | H172: Alicia Nguyen 3 | I172: Korean Air | J172: KE 24 | K172: 13-thg 9-25 | L172: 0.72222222 | M172: ICN-T2 | N172: Korean Air | O172: KE 725 | P172: 18-thg 9-25 | Q172: 0.62152778 | R172: ICN-T2 | S172: JW MARRIOTT | W172: 75985180 | X172: DOUBLE
A173: A | B173: BXN5DFN2ZHB | C173: BXN5DFN2ZHB | D173: Female | E173: Carolyn Park | F173: Hamada | G173: 76 | H173: Alicia Nguyen 3 | I173: Korean Air | J173: KE 54 | K173: 13-thg 9-25 | L173: 0.73958333 | M173: ICN-T2 | N173: Korean Air | O173: KE 725 | P173: 18-thg 9-25 | Q173: 0.62152778 | R173: ICN-T2 | S173: JW MARRIOTT | W173: 75985191 | X173: DOUBLE
A174: A | B174: MVNQDLZSVD3 | C174: BXN5DFN2ZHB | D174: Male | E174: Calvin Toshiyuki | F174: Hamada | G174: 77 | H174: Alicia Nguyen 3 | I174: Korean Air | J174: KE 54 | K174: 13-thg 9-25 | L174: 0.73958333 | M174: ICN-T2 | N174: Korean Air | O174: KE 725 | P174: 18-thg 9-25 | Q174: 0.62152778 | R174: ICN-T2 | S174: JW MARRIOTT | W174: 75985191 | X174: DOUBLE
A175: A | B175: 2KNCJMGDSMG | C175: 2KNCJMGDSMG | D175: Female | E175: Judy Yoshii | F175: Fukumae | G175: 65 | H175: Alicia Nguyen 3 | I175: Korean Air | J175: KE 24 | K175: 13-thg 9-25 | L175: 0.72222222 | M175: ICN-T2 | N175: Korean Air | O175: KE 725 | P175: 18-thg 9-25 | Q175: 0.62152778 | R175: ICN-T2 | S175: JW MARRIOTT | W175: 75985214 | X175: DOUBLE
A176: A | B176: DCNBZVFXBBN | C176: 2KNCJMGDSMG | D176: Male | E176: Jaime Tadashi | F176: Fukumae | G176: 66 | H176: Alicia Nguyen 3 | I176: Korean Air | J176: KE 24 | K176: 13-thg 9-25 | L176: 0.72222222 | M176: ICN-T2 | N176: Korean Air | O176: KE 725 | P176: 18-thg 9-25 | Q176: 0.62152778 | R176: ICN-T2 | S176: JW MARRIOTT | W176: 75985214 | X176: DOUBLE
A177: A | B177: STNFZ5STTSC | C177: STNFZ5STTSC | D177: Female | E177: Melania Isabel | F177: Madriaga | G177: 59 | H177: Alicia Nguyen 3 | I177: Delta | J177: DL 7938 | K177: 13-thg 9-25 | L177: 0.73958333 | M177: ICN-T2 | N177: Delta | O177: DL 7939 | P177: 18-thg 9-25 | Q177: 0.87847222 | R177: ICN-T2 | S177: JW MARRIOTT | W177: 75985233 | X177: DOUBLE
A178: A | B178: DTNPX55WRXQ | C178: STNFZ5STTSC | D178: Male | E178: Honorio C | F178: Madriaga | G178: 59 | H178: Alicia Nguyen 3 | I178: Delta | J178: DL 7938 | K178: 13-thg 9-25 | L178: 0.73958333 | M178: ICN-T2 | N178: Delta | O178: DL 7939 | P178: 18-thg 9-25 | Q178: 0.87847222 | R178: ICN-T2 | S178: JW MARRIOTT | W178: 75985233 | X178: DOUBLE
A179: A | B179: N2NYMQWZ4W8 | C179: N2NYMQWZ4W8 | D179: Female | E179: Portia Serame | F179: Jacinto | G179: 52 | H179: Alicia Nguyen 3 | I179: United Airlines | J179: UA 805 | K179: 13-thg 9-25 | L179: 0.18055556 | M179: ICN-T1 | N179: United Airlines | O179: UA 892 | P179: 18-thg 9-25 | Q179: 0.70138889 | R179: ICN-T1 | S179: JW MARRIOTT | W179: 75985245 | X179: DOUBLE
A180: A | B180: G8N3C9XK5NP | C180: N2NYMQWZ4W8 | D180: Male | E180: Ethan Benjamin | F180: Alviar | G180: 21 | H180: Alicia Nguyen 3 | I180: United Airlines | J180: UA 805 | K180: 13-thg 9-25 | L180: 0.18055556 | M180: ICN-T1 | N180: United Airlines | O180: UA 892 | P180: 18-thg 9-25 | Q180: 0.70138889 | R180: ICN-T1 | S180: JW MARRIOTT | W180: 75985245 | X180: DOUBLE
A181: A | B181: NBN5PBLGKQ6 | C181: N2NYMQWZ4W8 | D181: Male | E181: Victor Paolo | F181: Jacinto | G181: 11 | H181: Alicia Nguyen 3 | I181: United Airlines | J181: UA 805 | K181: 13-thg 9-25 | L181: 0.18055556 | M181: ICN-T1 | N181: United Airlines | O181: UA 892 | P181: 18-thg 9-25 | Q181: 0.70138889 | R181: ICN-T1 | S181: JW MARRIOTT | W181: 75985245 | X181: DOUBLE
A182: A | B182: 24NM53G2WMJ | C182: 24NM53G2WMJ | D182: Female | E182: Tammy Lei | F182: Yuen | G182: 61 | H182: Alicia Nguyen 3 | I182: Korean Air | J182: KE 24 | K182: 13-thg 9-25 | L182: 0.72222222 | M182: ICN-T2 | N182: Korean Air | O182: KE 725 | P182: 18-thg 9-25 | Q182: 0.62152778 | R182: ICN-T2 | S182: JW MARRIOTT | W182: 75985262 | X182: SINGLE
... A188: A | B188: PQNCHCLYCNT | C188: PQNCHCLYCNT | D188: Male | E188: Ernest Anthony | F188: Hebrard | G188: 0 | H188: Alicia Nguyen 3 | I188: United Airlines | J188: UA 893 | K188: 13-thg 9-25 | L188: 0.625 | M188: ICN-T1 | N188: United Airlines | O188: UA 892 | P188: 18-thg 9-25 | Q188: 0.70138889 | R188: ICN-T1 | S188: JW MARRIOTT | W188: 75985297 | X188: SINGLE
A189: A | B189: FWNG86QDXB5 | C189: FWNG86QDXB5 | D189: Female | E189: Jeanne Yee | F189: Chin | G189: 72 | H189: Alicia Nguyen 3 | I189: Air Premia | J189: YP 112 | K189: 13-thg 9-25 | L189: 0.85416667 | M189: ICN-T1 | N189: NO NEED | O189: NO NEED | S189: JW MARRIOTT | W189: 75985326 | X189: SINGLE
A190: A | B190: 7JN92SVFBXK | C190: 7JN92SVFBXK | D190: Male | E190: Justin Douglas | F190: Yee | G190: 44 | H190: Alicia Nguyen 3 | I190: Asiana Airlines | J190: OZ 1135 | K190: 13-thg 9-25 | L190: 0.54861111 | M190: GMP-I | N190: Asiana Airlines | O190: OZ 212 | P190: 18-thg 9-25 | Q190: 0.87152778 | R190: ICN-T1 | S190: JW MARRIOTT | T190: Rooming: next door with DMN6ZNXS4TH + YWN37HR2SQL (dad & mom of Justin Yee & the daughter Elisa Ha Yee - SPNYHGY9GJG) | W190: 75985339 | X190: DOUBLE
A191: A | B191: 3PNSTRBJCNL | C191: 7JN92SVFBXK | D191: Female | E191: Phoebe Ha-Thanh | F191: Nguyen | G191: 41 | H191: Alicia Nguyen 3 | I191: Asiana Airlines | J191: OZ 1135 | K191: 13-thg 9-25 | L191: 0.54861111 | M191: GMP-I | N191: Asiana Airlines | O191: OZ 212 | P191: 18-thg 9-25 | Q191: 0.87152778 | R191: ICN-T1 | S191: JW MARRIOTT | W191: 75985339 | X191: DOUBLE
A192: A | B192: PYNQTJPDF5Z | C192: 7JN92SVFBXK | D192: Female | E192: Amelia Ha | F192: Yee | G192: 9 | H192: Alicia Nguyen 3 | I192: Asiana Airlines | J192: OZ 1135 | K192: 13-thg 9-25 | L192: 0.54861111 | M192: GMP-I | N192: Asiana Airlines | O192: OZ 212 | P192: 18-thg 9-25 | Q192: 0.87152778 | R192: ICN-T1 | S192: JW MARRIOTT | W192: 75985339 | X192: DOUBLE
A193: A | B193: DMN6ZNXS4TH | C193: DMN6ZNXS4TH | D193: Male | E193: Kent J | F193: Yee | G193: 74 | H193: Alicia Nguyen 3 | I193: Asiana Airlines | J193: OZ 1135 | K193: 13-thg 9-25 | L193: 0.54861111 | M193: GMP-I | N193: NO NEED | O193: NO NEED | S193: JW MARRIOTT | T193: Rooming: Mom & Dad of Justin Yee - 7JN92SVFBXK | W193: 75985357 | X193: DOUBLE
A194: A | B194: CFN78HK3C5B | C194: DMN6ZNXS4TH | D194: Female | E194: Betty N | F194: Yee | G194: 73 | H194: Alicia Nguyen 3 | I194: Asiana Airlines | J194: OZ 1135 | K194: 13-thg 9-25 | L194: 0.54861111 | M194: GMP-I | N194: NO NEED | O194: NO NEED | S194: JW MARRIOTT | W194: 75985357 | X194: DOUBLE
A195: A | B195: 48NJJQHZ2HJ | C195: DMN6ZNXS4TH | D195: Male | E195: Emerson Quince | F195: Yee | G195: 8 | H195: Alicia Nguyen 3 | I195: Asiana Airlines | J195: OZ 1135 | K195: 13-thg 9-25 | L195: 0.54861111 | M195: GMP-I | N195: Asiana Airlines | O195: OZ 212 | P195: 18-thg 9-25 | Q195: 0.87152778 | R195: ICN-T1 | S195: JW MARRIOTT | T195: Flight: depart with his father - Justin Yee and Phoebe Yee | W195: 75985357 | X195: DOUBLE
A196: A | B196: YWN37HR2SQL | C196: YWN37HR2SQL | D196: Female | E196: Alexandra Mariel | F196: Martinez | G196: 29 | H196: Alicia Nguyen 3 | I196: United Airlines | J196: UA 893 | K196: 13-thg 9-25 | L196: 0.625 | M196: ICN-T1 | N196: United Airlines | O196: UA 892 | P196: 18-thg 9-25 | Q196: 0.70138889 | R196: ICN-T1 | S196: JW MARRIOTT | T196: Rooming: Elisa Ha Yee - SPNYHGY9GJG is the child of Justin Yee - 7JN92SVFBXK | W196: 75985368 | X196: TWIN
...

Sheet A.Arr9sepList
A1: Group | B1: Confirmation | C1: Primary registrant | D1: Gender | E1: First Name | F1: Last Name | G1: Age | H1: CEO | I1: A.Airline | J1: A.Flt | K1: A.Date | L1: A.Time | M1: A.Airport | N1: Hotel | O1: TOTAL PAX EACH GROUPING | P1: SHUTTLE TIME | Q1: Hotel confirmation no. | R1: Bedding type | S1: REMARKS
A2: GIMPO - DOMESTIC & INTERNATIONAL
A3: {=INDEX(manifest_11Sep!$A$1:$V$3202,MATCH($B3,manifest_11Sep!$B$1:$B$3202,0),MATCH(A.Arr9sepList!A$1,manifest_11Sep!$A$1:$V$1,0))} -> A | B3: TKNTFR2VQ5P | C3: {=INDEX(manifest_11Sep!$A$1:$V$3202,MATCH($B3,manifest_11Sep!$B$1:$B$3202,0),MATCH(A.Arr9sepList!C$1,manifest_11Sep!$A$1:$V$1,0))} -> TKNTFR2VQ5P | D3: {=INDEX(manifest_11Sep!$A$1:$V$3202,MATCH($B3,manifest_11Sep!$B$1:$B$3202,0),MATCH(A.Arr9sepList!D$1,manifest_11Sep!$A$1:$V$1,0))} -> Male | E3: {=INDEX(manifest_11Sep!$A$1:$V$3202,MATCH($B3,manifest_11Sep!$B$1:$B$3202,0),MATCH(A.Arr9sepList!E$1,manifest_11Sep!$A$1:$V$1,0))} -> Jesus Equila | F3: {=INDEX(manifest_11Sep!$A$1:$V$3202,MATCH($B3,manifest_11Sep!$B$1:$B$3202,0),MATCH(A.Arr9sepList!F$1,manifest_11Sep!$A$1:$V$1,0))} -> Asuncion Jr | G3: {=INDEX(manifest_11Sep!$A$1:$V$3202,MATCH($B3,manifest_11Sep!$B$1:$B$3202,0),MATCH(A.Arr9sepList!G$1,manifest_11Sep!$A$1:$V$1,0))} -> 42 | H3: {=INDEX(manifest_11Sep!$A$1:$V$3202,MATCH($B3,manifest_11Sep!$B$1:$B$3202,0),MATCH(A.Arr9sepList!H$1,manifest_11Sep!$A$1:$V$1,0))} -> Dondon Dimailig | I3: {=INDEX(manifest_11Sep!$A$1:$V$3202,MATCH($B3,manifest_11Sep!$B$1:$B$3202,0),MATCH(A.Arr9sepList!I$1,manifest_11Sep!$A$1:$V$1,0))} -> Korean Air | J3: {=INDEX(manifest_11Sep!$A$1:$V$3202,MATCH($B3,manifest_11Sep!$B$1:$B$3202,0),MATCH(A.Arr9sepList!J$1,manifest_11Sep!$A$1:$V$1,0))} -> KE 5214 | ... N3: {=INDEX(manifest_11Sep!$A$1:$V$3202,MATCH($B3,manifest_11Sep!$B$1:$B$3202,0),MATCH(A.Arr9sepList!N$1,manifest_11Sep!$A$1:$V$1,0))} -> LOTTE | O3: =COUNTA(N3:N8) -> 6 | Q3: 15262385 | R3: DOUBLE | S3: {=INDEX(manifest_11Sep!$A$1:$V$3202,MATCH($B3,manifest_11Sep!$B$1:$B$3202,0),MATCH(A.Arr9sepList!S$1,manifest_11Sep!$A$1:$V$1,0))} -> 0
A4: {=INDEX(manifest_11Sep!$A$1:$V$3202,MATCH($B4,manifest_11Sep!$B$1:$B$3202,0),MATCH(A.Arr9sepList!A$1,manifest_11Sep!$A$1:$V$1,0))} -> A | B4: 2RN8DQFMK3Q | C4: {=INDEX(manifest_11Sep!$A$1:$V$3202,MATCH($B4,manifest_11Sep!$B$1:$B$3202,0),MATCH(A.Arr9sepList!C$1,manifest_11Sep!$A$1:$V$1,0))} -> BNN7YW76R4V | D4: {=INDEX(manifest_11Sep!$A$1:$V$3202,MATCH($B4,manifest_11Sep!$B$1:$B$3202,0),MATCH(A.Arr9sepList!D$1,manifest_11Sep!$A$1:$V$1,0))} -> Female | E4: {=INDEX(manifest_11Sep!$A$1:$V$3202,MATCH($B4,manifest_11Sep!$B$1:$B$3202,0),MATCH(A.Arr9sepList!E$1,manifest_11Sep!$A$1:$V$1,0))} -> Florencia Amacna | F4: {=INDEX(manifest_11Sep!$A$1:$V$3202,MATCH($B4,manifest_11Sep!$B$1:$B$3202,0),MATCH(A.Arr9sepList!F$1,manifest_11Sep!$A$1:$V$1,0))} -> Griffin | G4: {=INDEX(manifest_11Sep!$A$1:$V$3202,MATCH($B4,manifest_11Sep!$B$1:$B$3202,0),MATCH(A.Arr9sepList!G$1,manifest_11Sep!$A$1:$V$1,0))} -> 55 | H4: {=INDEX(manifest_11Sep!$A$1:$V$3202,MATCH($B4,manifest_11Sep!$B$1:$B$3202,0),MATCH(A.Arr9sepList!H$1,manifest_11Sep!$A$1:$V$1,0))} -> Dondon Dimailig | I4: {=INDEX(manifest_11Sep!$A$1:$V$3202,MATCH($B4,manifest_11Sep!$B$1:$B$3202,0),MATCH(A.Arr9sepList!I$1,manifest_11Sep!$A$1:$V$1,0))} -> Korean Air | J4: {=INDEX(manifest_11Sep!$A$1:$V$3202,MATCH($B4,manifest_11Sep!$B$1:$B$3202,0),MATCH(A.Arr9sepList!J$1,manifest_11Sep!$A$1:$V$1,0))} -> KE 5214 | ... N4: {=INDEX(manifest_11Sep!$A$1:$V$3202,MATCH($B4,manifest_11Sep!$B$1:$B$3202,0),MATCH(A.Arr9sepList!N$1,manifest_11Sep!$A$1:$V$1,0))} -> LOTTE | Q4: 15262388 | R4: TWIN | S4: {=INDEX(manifest_11Sep!$A$1:$V$3202,MATCH($B4,manifest_11Sep!$B$1:$B$3202,0),MATCH(A.Arr9sepList!S$1,manifest_11Sep!$A$1:$V$1,0))} -> 0
A5: {=INDEX(manifest_11Sep!$A$1:$V$3202,MATCH($B5,manifest_11Sep!$B$1:$B$3202,0),MATCH(A.Arr9sepList!A$1,manifest_11Sep!$A$1:$V$1,0))} -> A | B5: 4CNS4TKSHJ7 | C5: {=INDEX(manifest_11Sep!$A$1:$V$3202,MATCH($B5,manifest_11Sep!$B$1:$B$3202,0),MATCH(A.Arr9sepList!C$1,manifest_11Sep!$A$1:$V$1,0))} -> 4CNS4TKSHJ7 | D5: {=INDEX(manifest_11Sep!$A$1:$V$3202,MATCH($B5,manifest_11Sep!$B$1:$B$3202,0),MATCH(A.Arr9sepList!D$1,manifest_11Sep!$A$1:$V$1,0))} -> Female | E5: {=INDEX(manifest_11Sep!$A$1:$V$3202,MATCH($B5,manifest_11Sep!$B$1:$B$3202,0),MATCH(A.Arr9sepList!E$1,manifest_11Sep!$A$1:$V$1,0))} -> Olajumoke Sherifat | F5: {=INDEX(manifest_11Sep!$A$1:$V$3202,MATCH($B5,manifest_11Sep!$B$1:$B$3202,0),MATCH(A.Arr9sepList!F$1,manifest_11Sep!$A$1:$V$1,0))} -> Seriki | G5: {=INDEX(manifest_11Sep!$A$1:$V$3202,MATCH($B5,manifest_11Sep!$B$1:$B$3202,0),MATCH(A.Arr9sepList!G$1,manifest_11Sep!$A$1:$V$1,0))} -> 59 | H5: {=INDEX(manifest_11Sep!$A$1:$V$3202,MATCH($B5,manifest_11Sep!$B$1:$B$3202,0),MATCH(A.Arr9sepList!H$1,manifest_11Sep!$A$1:$V$1,0))} -> Olajumoke Seriki | I5: {=INDEX(manifest_11Sep!$A$1:$V$3202,MATCH($B5,manifest_11Sep!$B$1:$B$3202,0),MATCH(A.Arr9sepList!I$1,manifest_11Sep!$A$1:$V$1,0))} -> Jeju Air | J5: {=INDEX(manifest_11Sep!$A$1:$V$3202,MATCH($B5,manifest_11Sep!$B$1:$B$3202,0),MATCH(A.Arr9sepList!J$1,manifest_11Sep!$A$1:$V$1,0))} -> 7C 106 | ... N5: {=INDEX(manifest_11Sep!$A$1:$V$3202,MATCH($B5,manifest_11Sep!$B$1:$B$3202,0),MATCH(A.Arr9sepList!N$1,manifest_11Sep!$A$1:$V$1,0))} -> LOTTE | Q5: 15262464 | R5: DOUBLE | S5: {=INDEX(manifest_11Sep!$A$1:$V$3202,MATCH($B5,manifest_11Sep!$B$1:$B$3202,0),MATCH(A.Arr9sepList!S$1,manifest_11Sep!$A$1:$V$1,0))} -> 0
A6: {=INDEX(manifest_11Sep!$A$1:$V$3202,MATCH($B6,manifest_11Sep!$B$1:$B$3202,0),MATCH(A.Arr9sepList!A$1,manifest_11Sep!$A$1:$V$1,0))} -> A | B6: 3QNKCBGWBR2 | C6: {=INDEX(manifest_11Sep!$A$1:$V$3202,MATCH($B6,manifest_11Sep!$B$1:$B$3202,0),MATCH(A.Arr9sepList!C$1,manifest_11Sep!$A$1:$V$1,0))} -> 4CNS4TKSHJ7 | D6: {=INDEX(manifest_11Sep!$A$1:$V$3202,MATCH($B6,manifest_11Sep!$B$1:$B$3202,0),MATCH(A.Arr9sepList!D$1,manifest_11Sep!$A$1:$V$1,0))} -> Male | E6: {=INDEX(manifest_11Sep!$A$1:$V$3202,MATCH($B6,manifest_11Sep!$B$1:$B$3202,0),MATCH(A.Arr9sepList!E$1,manifest_11Sep!$A$1:$V$1,0))} -> Waheed Akanni | F6: {=INDEX(manifest_11Sep!$A$1:$V$3202,MATCH($B6,manifest_11Sep!$B$1:$B$3202,0),MATCH(A.Arr9sepList!F$1,manifest_11Sep!$A$1:$V$1,0))} -> Seriki | G6: {=INDEX(manifest_11Sep!$A$1:$V$3202,MATCH($B6,manifest_11Sep!$B$1:$B$3202,0),MATCH(A.Arr9sepList!G$1,manifest_11Sep!$A$1:$V$1,0))} -> 61 | H6: {=INDEX(manifest_11Sep!$A$1:$V$3202,MATCH($B6,manifest_11Sep!$B$1:$B$3202,0),MATCH(A.Arr9sepList!H$1,manifest_11Sep!$A$1:$V$1,0))} -> Olajumoke Seriki | I6: {=INDEX(manifest_11Sep!$A$1:$V$3202,MATCH($B6,manifest_11Sep!$B$1:$B$3202,0),MATCH(A.Arr9sepList!I$1,manifest_11Sep!$A$1:$V$1,0))} -> Jeju Air | J6: {=INDEX(manifest_11Sep!$A$1:$V$3202,MATCH($B6,manifest_11Sep!$B$1:$B$3202,0),MATCH(A.Arr9sepList!J$1,manifest_11Sep!$A$1:$V$1,0))} -> 7C 106 | ... N6: {=INDEX(manifest_11Sep!$A$1:$V$3202,MATCH($B6,manifest_11Sep!$B$1:$B$3202,0),MATCH(A.Arr9sepList!N$1,manifest_11Sep!$A$1:$V$1,0))} -> LOTTE | Q6: 15262464 | R6: DOUBLE | S6: {=INDEX(manifest_11Sep!$A$1:$V$3202,MATCH($B6,manifest_11Sep!$B$1:$B$3202,0),MATCH(A.Arr9sepList!S$1,manifest_11Sep!$A$1:$V$1,0))} -> 0
A7: {=INDEX(manifest_11Sep!$A$1:$V$3202,MATCH($B7,manifest_11Sep!$B$1:$B$3202,0),MATCH(A.Arr9sepList!A$1,manifest_11Sep!$A$1:$V$1,0))} -> A | B7: TXNC5MZFN98 | C7: {=INDEX(manifest_11Sep!$A$1:$V$3202,MATCH($B7,manifest_11Sep!$B$1:$B$3202,0),MATCH(A.Arr9sepList!C$1,manifest_11Sep!$A$1:$V$1,0))} -> TXNC5MZFN98 | D7: {=INDEX(manifest_11Sep!$A$1:$V$3202,MATCH($B7,manifest_11Sep!$B$1:$B$3202,0),MATCH(A.Arr9sepList!D$1,manifest_11Sep!$A$1:$V$1,0))} -> Female | E7: {=INDEX(manifest_11Sep!$A$1:$V$3202,MATCH($B7,manifest_11Sep!$B$1:$B$3202,0),MATCH(A.Arr9sepList!E$1,manifest_11Sep!$A$1:$V$1,0))} -> Maria Jan Luv Santos | F7: {=INDEX(manifest_11Sep!$A$1:$V$3202,MATCH($B7,manifest_11Sep!$B$1:$B$3202,0),MATCH(A.Arr9sepList!F$1,manifest_11Sep!$A$1:$V$1,0))} -> Lagasca Borja | G7: {=INDEX(manifest_11Sep!$A$1:$V$3202,MATCH($B7,manifest_11Sep!$B$1:$B$3202,0),MATCH(A.Arr9sepList!G$1,manifest_11Sep!$A$1:$V$1,0))} -> 53 | H7: {=INDEX(manifest_11Sep!$A$1:$V$3202,MATCH($B7,manifest_11Sep!$B$1:$B$3202,0),MATCH(A.Arr9sepList!H$1,manifest_11Sep!$A$1:$V$1,0))} -> Joen De Las Penas | I7: {=INDEX(manifest_11Sep!$A$1:$V$3202,MATCH($B7,manifest_11Sep!$B$1:$B$3202,0),MATCH(A.Arr9sepList!I$1,manifest_11Sep!$A$1:$V$1,0))} -> Jeju Air | J7: {=INDEX(manifest_11Sep!$A$1:$V$3202,MATCH($B7,manifest_11Sep!$B$1:$B$3202,0),MATCH(A.Arr9sepList!J$1,manifest_11Sep!$A$1:$V$1,0))} -> 7C 1328 ON 12 SEP | ... N7: {=INDEX(manifest_11Sep!$A$1:$V$3202,MATCH($B7,manifest_11Sep!$B$1:$B$3202,0),MATCH(A.Arr9sepList!N$1,manifest_11Sep!$A$1:$V$1,0))} -> FAIRMONT | Q7: 462710820 | R7: DOUBLE | S7: {=INDEX(manifest_11Sep!$A$1:$V$3202,MATCH($B7,manifest_11Sep!$B$1:$B$3202,0),MATCH(A.Arr9sepList!S$1,manifest_11Sep!$A$1:$V$1,0))} -> arrive 12Sep - GMP, pick-up on 13Sep @ 11:30, GMP-D
A8: {=INDEX(manifest_11Sep!$A$1:$V$3202,MATCH($B8,manifest_11Sep!$B$1:$B$3202,0),MATCH(A.Arr9sepList!A$1,manifest_11Sep!$A$1:$V$1,0))} -> A | B8: 9NN3PLSWKD5 | C8: {=INDEX(manifest_11Sep!$A$1:$V$3202,MATCH($B8,manifest_11Sep!$B$1:$B$3202,0),MATCH(A.Arr9sepList!C$1,manifest_11Sep!$A$1:$V$1,0))} -> TXNC5MZFN98 | D8: {=INDEX(manifest_11Sep!$A$1:$V$3202,MATCH($B8,manifest_11Sep!$B$1:$B$3202,0),MATCH(A.Arr9sepList!D$1,manifest_11Sep!$A$1:$V$1,0))} -> Male | E8: {=INDEX(manifest_11Sep!$A$1:$V$3202,MATCH($B8,manifest_11Sep!$B$1:$B$3202,0),MATCH(A.Arr9sepList!E$1,manifest_11Sep!$A$1:$V$1,0))} -> Amado James Boco | F8: {=INDEX(manifest_11Sep!$A$1:$V$3202,MATCH($B8,manifest_11Sep!$B$1:$B$3202,0),MATCH(A.Arr9sepList!F$1,manifest_11Sep!$A$1:$V$1,0))} -> Borja | G8: {=INDEX(manifest_11Sep!$A$1:$V$3202,MATCH($B8,manifest_11Sep!$B$1:$B$3202,0),MATCH(A.Arr9sepList!G$1,manifest_11Sep!$A$1:$V$1,0))} -> 54 | H8: {=INDEX(manifest_11Sep!$A$1:$V$3202,MATCH($B8,manifest_11Sep!$B$1:$B$3202,0),MATCH(A.Arr9sepList!H$1,manifest_11Sep!$A$1:$V$1,0))} -> Joen De Las Penas | I8: {=INDEX(manifest_11Sep!$A$1:$V$3202,MATCH($B8,manifest_11Sep!$B$1:$B$3202,0),MATCH(A.Arr9sepList!I$1,manifest_11Sep!$A$1:$V$1,0))} -> Jeju Air | J8: {=INDEX(manifest_11Sep!$A$1:$V$3202,MATCH($B8,manifest_11Sep!$B$1:$B$3202,0),MATCH(A.Arr9sepList!J$1,manifest_11Sep!$A$1:$V$1,0))} -> 7C 1328 ON 12 SEP | ... N8: {=INDEX(manifest_11Sep!$A$1:$V$3202,MATCH($B8,manifest_11Sep!$B$1:$B$3202,0),MATCH(A.Arr9sepList!N$1,manifest_11Sep!$A$1:$V$1,0))} -> FAIRMONT | Q8: 462710820 | R8: DOUBLE | S8: {=INDEX(manifest_11Sep!$A$1:$V$3202,MATCH($B8,manifest_11Sep!$B$1:$B$3202,0),MATCH(A.Arr9sepList!S$1,manifest_11Sep!$A$1:$V$1,0))} -> arrive 12Sep - GMP, pick-up on 13Sep @ 11:30, GMP-D
A9: {=INDEX(manifest_11Sep!$A$1:$V$3202,MATCH($B9,manifest_11Sep!$B$1:$B$3202,0),MATCH(A.Arr9sepList!A$1,manifest_11Sep!$A$1:$V$1,0))} -> A | B9: MXN8BWBJK8T | C9: {=INDEX(manifest_11Sep!$A$1:$V$3202,MATCH($B9,manifest_11Sep!$B$1:$B$3202,0),MATCH(A.Arr9sepList!C$1,manifest_11Sep!$A$1:$V$1,0))} -> MXN8BWBJK8T | D9: {=INDEX(manifest_11Sep!$A$1:$V$3202,MATCH($B9,manifest_11Sep!$B$1:$B$3202,0),MATCH(A.Arr9sepList!D$1,manifest_11Sep!$A$1:$V$1,0))} -> Male | E9: {=INDEX(manifest_11Sep!$A$1:$V$3202,MATCH($B9,manifest_11Sep!$B$1:$B$3202,0),MATCH(A.Arr9sepList!E$1,manifest_11Sep!$A$1:$V$1,0))} -> Siu Yu | F9: {=INDEX(manifest_11Sep!$A$1:$V$3202,MATCH($B9,manifest_11Sep!$B$1:$B$3202,0),MATCH(A.Arr9sepList!F$1,manifest_11Sep!$A$1:$V$1,0))} -> Lee | G9: {=INDEX(manifest_11Sep!$A$1:$V$3202,MATCH($B9,manifest_11Sep!$B$1:$B$3202,0),MATCH(A.Arr9sepList!G$1,manifest_11Sep!$A$1:$V$1,0))} -> 59 | H9: {=INDEX(manifest_11Sep!$A$1:$V$3202,MATCH($B9,manifest_11Sep!$B$1:$B$3202,0),MATCH(A.Arr9sepList!H$1,manifest_11Sep!$A$1:$V$1,0))} -> Lisa Oktavia | I9: {=INDEX(manifest_11Sep!$A$1:$V$3202,MATCH($B9,manifest_11Sep!$B$1:$B$3202,0),MATCH(A.Arr9sepList!I$1,manifest_11Sep!$A$1:$V$1,0))} -> Korean Air | J9: {=INDEX(manifest_11Sep!$A$1:$V$3202,MATCH($B9,manifest_11Sep!$B$1:$B$3202,0),MATCH(A.Arr9sepList!J$1,manifest_11Sep!$A$1:$V$1,0))} -> KE 1174 | ... N9: {=INDEX(manifest_11Sep!$A$1:$V$3202,MATCH($B9,manifest_11Sep!$B$1:$B$3202,0),MATCH(A.Arr9sepList!N$1,manifest_11Sep!$A$1:$V$1,0))} -> JW MARRIOTT | O9: =COUNTA(N9) -> 1 | Q9: 75989141 | R9: SINGLE | S9: {=INDEX(manifest_11Sep!$A$1:$V$3202,MATCH($B9,manifest_11Sep!$B$1:$B$3202,0),MATCH(A.Arr9sepList!S$1,manifest_11Sep!$A$1:$V$1,0))} -> 0
A10: {=INDEX(manifest_11Sep!$A$1:$V$3202,MATCH($B10,manifest_11Sep!$B$1:$B$3202,0),MATCH(A.Arr9sepList!A$1,manifest_11Sep!$A$1:$V$1,0))} -> A | B10: 7JN92SVFBXK | C10: {=INDEX(manifest_11Sep!$A$1:$V$3202,MATCH($B10,manifest_11Sep!$B$1:$B$3202,0),MATCH(A.Arr9sepList!C$1,manifest_11Sep!$A$1:$V$1,0))} -> 7JN92SVFBXK | D10: {=INDEX(manifest_11Sep!$A$1:$V$3202,MATCH($B10,manifest_11Sep!$B$1:$B$3202,0),MATCH(A.Arr9sepList!D$1,manifest_11Sep!$A$1:$V$1,0))} -> Male | E10: {=INDEX(manifest_11Sep!$A$1:$V$3202,MATCH($B10,manifest_11Sep!$B$1:$B$3202,0),MATCH(A.Arr9sepList!E$1,manifest_11Sep!$A$1:$V$1,0))} -> Justin Douglas | F10: {=INDEX(manifest_11Sep!$A$1:$V$3202,MATCH($B10,manifest_11Sep!$B$1:$B$3202,0),MATCH(A.Arr9sepList!F$1,manifest_11Sep!$A$1:$V$1,0))} -> Yee | G10: {=INDEX(manifest_11Sep!$A$1:$V$3202,MATCH($B10,manifest_11Sep!$B$1:$B$3202,0),MATCH(A.Arr9sepList!G$1,manifest_11Sep!$A$1:$V$1,0))} -> 44 | H10: {=INDEX(manifest_11Sep!$A$1:$V$3202,MATCH($B10,manifest_11Sep!$B$1:$B$3202,0),MATCH(A.Arr9sepList!H$1,manifest_11Sep!$A$1:$V$1,0))} -> Alicia Nguyen 3 | I10: {=INDEX(manifest_11Sep!$A$1:$V$3202,MATCH($B10,manifest_11Sep!$B$1:$B$3202,0),MATCH(A.Arr9sepList!I$1,manifest_11Sep!$A$1:$V$1,0))} -> Asiana Airlines | J10: {=INDEX(manifest_11Sep!$A$1:$V$3202,MATCH($B10,manifest_11Sep!$B$1:$B$3202,0),MATCH(A.Arr9sepList!J$1,manifest_11Sep!$A$1:$V$1,0))} -> OZ 1135 | ... N10: {=INDEX(manifest_11Sep!$A$1:$V$3202,MATCH($B10,manifest_11Sep!$B$1:$B$3202,0),MATCH(A.Arr9sepList!N$1,manifest_11Sep!$A$1:$V$1,0))} -> JW MARRIOTT | O10: =COUNTA(N10:N17) -> 8 | Q10: 75985339 | R10: DOUBLE | S10: {=INDEX(manifest_11Sep!$A$1:$V$3202,MATCH($B10,manifest_11Sep!$B$1:$B$3202,0),MATCH(A.Arr9sepList!S$1,manifest_11Sep!$A$1:$V$1,0))} -> Rooming: next door with DMN6ZNXS4TH + YWN37HR2SQL (dad & mom of Justin Yee & the daughter Elisa Ha Yee - SPNYHGY9GJG)
A11: {=INDEX(manifest_11Sep!$A$1:$V$3202,MATCH($B11,manifest_11Sep!$B$1:$B$3202,0),MATCH(A.Arr9sepList!A$1,manifest_11Sep!$A$1:$V$1,0))} -> A | B11: 3PNSTRBJCNL | C11: {=INDEX(manifest_11Sep!$A$1:$V$3202,MATCH($B11,manifest_11Sep!$B$1:$B$3202,0),MATCH(A.Arr9sepList!C$1,manifest_11Sep!$A$1:$V$1,0))} -> 7JN92SVFBXK | D11: {=INDEX(manifest_11Sep!$A$1:$V$3202,MATCH($B11,manifest_11Sep!$B$1:$B$3202,0),MATCH(A.Arr9sepList!D$1,manifest_11Sep!$A$1:$V$1,0))} -> Female | E11: {=INDEX(manifest_11Sep!$A$1:$V$3202,MATCH($B11,manifest_11Sep!$B$1:$B$3202,0),MATCH(A.Arr9sepList!E$1,manifest_11Sep!$A$1:$V$1,0))} -> Phoebe Ha-Thanh | F11: {=INDEX(manifest_11Sep!$A$1:$V$3202,MATCH($B11,manifest_11Sep!$B$1:$B$3202,0),MATCH(A.Arr9sepList!F$1,manifest_11Sep!$A$1:$V$1,0))} -> Nguyen | G11: {=INDEX(manifest_11Sep!$A$1:$V$3202,MATCH($B11,manifest_11Sep!$B$1:$B$3202,0),MATCH(A.Arr9sepList!G$1,manifest_11Sep!$A$1:$V$1,0))} -> 41 | H11: {=INDEX(manifest_11Sep!$A$1:$V$3202,MATCH($B11,manifest_11Sep!$B$1:$B$3202,0),MATCH(A.Arr9sepList!H$1,manifest_11Sep!$A$1:$V$1,0))} -> Alicia Nguyen 3 | I11: {=INDEX(manifest_11Sep!$A$1:$V$3202,MATCH($B11,manifest_11Sep!$B$1:$B$3202,0),MATCH(A.Arr9sepList!I$1,manifest_11Sep!$A$1:$V$1,0))} -> Asiana Airlines | J11: {=INDEX(manifest_11Sep!$A$1:$V$3202,MATCH($B11,manifest_11Sep!$B$1:$B$3202,0),MATCH(A.Arr9sepList!J$1,manifest_11Sep!$A$1:$V$1,0))} -> OZ 1135 | ... N11: {=INDEX(manifest_11Sep!$A$1:$V$3202,MATCH($B11,manifest_11Sep!$B$1:$B$3202,0),MATCH(A.Arr9sepList!N$1,manifest_11Sep!$A$1:$V$1,0))} -> JW MARRIOTT | Q11: 75985339 | R11: DOUBLE | S11: {=INDEX(manifest_11Sep!$A$1:$V$3202,MATCH($B11,manifest_11Sep!$B$1:$B$3202,0),MATCH(A.Arr9sepList!S$1,manifest_11Sep!$A$1:$V$1,0))} -> 0
A12: {=INDEX(manifest_11Sep!$A$1:$V$3202,MATCH($B12,manifest_11Sep!$B$1:$B$3202,0),MATCH(A.Arr9sepList!A$1,manifest_11Sep!$A$1:$V$1,0))} -> A | B12: PYNQTJPDF5Z | C12: {=INDEX(manifest_11Sep!$A$1:$V$3202,MATCH($B12,manifest_11Sep!$B$1:$B$3202,0),MATCH(A.Arr9sepList!C$1,manifest_11Sep!$A$1:$V$1,0))} -> 7JN92SVFBXK | D12: {=INDEX(manifest_11Sep!$A$1:$V$3202,MATCH($B12,manifest_11Sep!$B$1:$B$3202,0),MATCH(A.Arr9sepList!D$1,manifest_11Sep!$A$1:$V$1,0))} -> Female | E12: {=INDEX(manifest_11Sep!$A$1:$V$3202,MATCH($B12,manifest_11Sep!$B$1:$B$3202,0),MATCH(A.Arr9sepList!E$1,manifest_11Sep!$A$1:$V$1,0))} -> Amelia Ha | F12: {=INDEX(manifest_11Sep!$A$1:$V$3202,MATCH($B12,manifest_11Sep!$B$1:$B$3202,0),MATCH(A.Arr9sepList!F$1,manifest_11Sep!$A$1:$V$1,0))} -> Yee | G12: {=INDEX(manifest_11Sep!$A$1:$V$3202,MATCH($B12,manifest_11Sep!$B$1:$B$3202,0),MATCH(A.Arr9sepList!G$1,manifest_11Sep!$A$1:$V$1,0))} -> 9 | H12: {=INDEX(manifest_11Sep!$A$1:$V$3202,MATCH($B12,manifest_11Sep!$B$1:$B$3202,0),MATCH(A.Arr9sepList!H$1,manifest_11Sep!$A$1:$V$1,0))} -> Alicia Nguyen 3 | I12: {=INDEX(manifest_11Sep!$A$1:$V$3202,MATCH($B12,manifest_11Sep!$B$1:$B$3202,0),MATCH(A.Arr9sepList!I$1,manifest_11Sep!$A$1:$V$1,0))} -> Asiana Airlines | J12: {=INDEX(manifest_11Sep!$A$1:$V$3202,MATCH($B12,manifest_11Sep!$B$1:$B$3202,0),MATCH(A.Arr9sepList!J$1,manifest_11Sep!$A$1:$V$1,0))} -> OZ 1135 | ... N12: {=INDEX(manifest_11Sep!$A$1:$V$3202,MATCH($B12,manifest_11Sep!$B$1:$B$3202,0),MATCH(A.Arr9sepList!N$1,manifest_11Sep!$A$1:$V$1,0))} -> JW MARRIOTT | Q12: 75985339 | R12: DOUBLE | S12: {=INDEX(manifest_11Sep!$A$1:$V$3202,MATCH($B12,manifest_11Sep!$B$1:$B$3202,0),MATCH(A.Arr9sepList!S$1,manifest_11Sep!$A$1:$V$1,0))} -> 0
A13: {=INDEX(manifest_11Sep!$A$1:$V$3202,MATCH($B13,manifest_11Sep!$B$1:$B$3202,0),MATCH(A.Arr9sepList!A$1,manifest_11Sep!$A$1:$V$1,0))} -> A | B13: DMN6ZNXS4TH | C13: {=INDEX(manifest_11Sep!$A$1:$V$3202,MATCH($B13,manifest_11Sep!$B$1:$B$3202,0),MATCH(A.Arr9sepList!C$1,manifest_11Sep!$A$1:$V$1,0))} -> DMN6ZNXS4TH | D13: {=INDEX(manifest_11Sep!$A$1:$V$3202,MATCH($B13,manifest_11Sep!$B$1:$B$3202,0),MATCH(A.Arr9sepList!D$1,manifest_11Sep!$A$1:$V$1,0))} -> Male | E13: {=INDEX(manifest_11Sep!$A$1:$V$3202,MATCH($B13,manifest_11Sep!$B$1:$B$3202,0),MATCH(A.Arr9sepList!E$1,manifest_11Sep!$A$1:$V$1,0))} -> Kent J | F13: {=INDEX(manifest_11Sep!$A$1:$V$3202,MATCH($B13,manifest_11Sep!$B$1:$B$3202,0),MATCH(A.Arr9sepList!F$1,manifest_11Sep!$A$1:$V$1,0))} -> Yee | G13: {=INDEX(manifest_11Sep!$A$1:$V$3202,MATCH($B13,manifest_11Sep!$B$1:$B$3202,0),MATCH(A.Arr9sepList!G$1,manifest_11Sep!$A$1:$V$1,0))} -> 74 | H13: {=INDEX(manifest_11Sep!$A$1:$V$3202,MATCH($B13,manifest_11Sep!$B$1:$B$3202,0),MATCH(A.Arr9sepList!H$1,manifest_11Sep!$A$1:$V$1,0))} -> Alicia Nguyen 3 | I13: {=INDEX(manifest_11Sep!$A$1:$V$3202,MATCH($B13,manifest_11Sep!$B$1:$B$3202,0),MATCH(A.Arr9sepList!I$1,manifest_11Sep!$A$1:$V$1,0))} -> Asiana Airlines | J13: {=INDEX(manifest_11Sep!$A$1:$V$3202,MATCH($B13,manifest_11Sep!$B$1:$B$3202,0),MATCH(A.Arr9sepList!J$1,manifest_11Sep!$A$1:$V$1,0))} -> OZ 1135 | ... N13: {=INDEX(manifest_11Sep!$A$1:$V$3202,MATCH($B13,manifest_11Sep!$B$1:$B$3202,0),MATCH(A.Arr9sepList!N$1,manifest_11Sep!$A$1:$V$1,0))} -> JW MARRIOTT | Q13: 75985357 | R13: DOUBLE | S13: {=INDEX(manifest_11Sep!$A$1:$V$3202,MATCH($B13,manifest_11Sep!$B$1:$B$3202,0),MATCH(A.Arr9sepList!S$1,manifest_11Sep!$A$1:$V$1,0))} -> Rooming: Mom & Dad of Justin Yee - 7JN92SVFBXK
A14: {=INDEX(manifest_11Sep!$A$1:$V$3202,MATCH($B14,manifest_11Sep!$B$1:$B$3202,0),MATCH(A.Arr9sepList!A$1,manifest_11Sep!$A$1:$V$1,0))} -> A | B14: CFN78HK3C5B | C14: {=INDEX(manifest_11Sep!$A$1:$V$3202,MATCH($B14,manifest_11Sep!$B$1:$B$3202,0),MATCH(A.Arr9sepList!C$1,manifest_11Sep!$A$1:$V$1,0))} -> DMN6ZNXS4TH | D14: {=INDEX(manifest_11Sep!$A$1:$V$3202,MATCH($B14,manifest_11Sep!$B$1:$B$3202,0),MATCH(A.Arr9sepList!D$1,manifest_11Sep!$A$1:$V$1,0))} -> Female | E14: {=INDEX(manifest_11Sep!$A$1:$V$3202,MATCH($B14,manifest_11Sep!$B$1:$B$3202,0),MATCH(A.Arr9sepList!E$1,manifest_11Sep!$A$1:$V$1,0))} -> Betty N | F14: {=INDEX(manifest_11Sep!$A$1:$V$3202,MATCH($B14,manifest_11Sep!$B$1:$B$3202,0),MATCH(A.Arr9sepList!F$1,manifest_11Sep!$A$1:$V$1,0))} -> Yee | G14: {=INDEX(manifest_11Sep!$A$1:$V$3202,MATCH($B14,manifest_11Sep!$B$1:$B$3202,0),MATCH(A.Arr9sepList!G$1,manifest_11Sep!$A$1:$V$1,0))} -> 73 | H14: {=INDEX(manifest_11Sep!$A$1:$V$3202,MATCH($B14,manifest_11Sep!$B$1:$B$3202,0),MATCH(A.Arr9sepList!H$1,manifest_11Sep!$A$1:$V$1,0))} -> Alicia Nguyen 3 | I14: {=INDEX(manifest_11Sep!$A$1:$V$3202,MATCH($B14,manifest_11Sep!$B$1:$B$3202,0),MATCH(A.Arr9sepList!I$1,manifest_11Sep!$A$1:$V$1,0))} -> Asiana Airlines | J14: {=INDEX(manifest_11Sep!$A$1:$V$3202,MATCH($B14,manifest_11Sep!$B$1:$B$3202,0),MATCH(A.Arr9sepList!J$1,manifest_11Sep!$A$1:$V$1,0))} -> OZ 1135 | ... N14: {=INDEX(manifest_11Sep!$A$1:$V$3202,MATCH($B14,manifest_11Sep!$B$1:$B$3202,0),MATCH(A.Arr9sepList!N$1,manifest_11Sep!$A$1:$V$1,0))} -> JW MARRIOTT | Q14: 75985357 | R14: DOUBLE | S14: {=INDEX(manifest_11Sep!$A$1:$V$3202,MATCH($B14,manifest_11Sep!$B$1:$B$3202,0),MATCH(A.Arr9sepList!S$1,manifest_11Sep!$A$1:$V$1,0))} -> 0
A15: {=INDEX(manifest_11Sep!$A$1:$V$3202,MATCH($B15,manifest_11Sep!$B$1:$B$3202,0),MATCH(A.Arr9sepList!A$1,manifest_11Sep!$A$1:$V$1,0))} -> A | B15: 48NJJQHZ2HJ | C15: {=INDEX(manifest_11Sep!$A$1:$V$3202,MATCH($B15,manifest_11Sep!$B$1:$B$3202,0),MATCH(A.Arr9sepList!C$1,manifest_11Sep!$A$1:$V$1,0))} -> DMN6ZNXS4TH | D15: {=INDEX(manifest_11Sep!$A$1:$V$3202,MATCH($B15,manifest_11Sep!$B$1:$B$3202,0),MATCH(A.Arr9sepList!D$1,manifest_11Sep!$A$1:$V$1,0))} -> Male | E15: {=INDEX(manifest_11Sep!$A$1:$V$3202,MATCH($B15,manifest_11Sep!$B$1:$B$3202,0),MATCH(A.Arr9sepList!E$1,manifest_11Sep!$A$1:$V$1,0))} -> Emerson Quince | F15: {=INDEX(manifest_11Sep!$A$1:$V$3202,MATCH($B15,manifest_11Sep!$B$1:$B$3202,0),MATCH(A.Arr9sepList!F$1,manifest_11Sep!$A$1:$V$1,0))} -> Yee | G15: {=INDEX(manifest_11Sep!$A$1:$V$3202,MATCH($B15,manifest_11Sep!$B$1:$B$3202,0),MATCH(A.Arr9sepList!G$1,manifest_11Sep!$A$1:$V$1,0))} -> 8 | H15: {=INDEX(manifest_11Sep!$A$1:$V$3202,MATCH($B15,manifest_11Sep!$B$1:$B$3202,0),MATCH(A.Arr9sepList!H$1,manifest_11Sep!$A$1:$V$1,0))} -> Alicia Nguyen 3 | I15: {=INDEX(manifest_11Sep!$A$1:$V$3202,MATCH($B15,manifest_11Sep!$B$1:$B$3202,0),MATCH(A.Arr9sepList!I$1,manifest_11Sep!$A$1:$V$1,0))} -> Asiana Airlines | J15: {=INDEX(manifest_11Sep!$A$1:$V$3202,MATCH($B15,manifest_11Sep!$B$1:$B$3202,0),MATCH(A.Arr9sepList!J$1,manifest_11Sep!$A$1:$V$1,0))} -> OZ 1135 | ... N15: {=INDEX(manifest_11Sep!$A$1:$V$3202,MATCH($B15,manifest_11Sep!$B$1:$B$3202,0),MATCH(A.Arr9sepList!N$1,manifest_11Sep!$A$1:$V$1,0))} -> JW MARRIOTT | Q15: 75985357 | R15: DOUBLE | S15: {=INDEX(manifest_11Sep!$A$1:$V$3202,MATCH($B15,manifest_11Sep!$B$1:$B$3202,0),MATCH(A.Arr9sepList!S$1,manifest_11Sep!$A$1:$V$1,0))} -> Flight: depart with his father - Justin Yee and Phoebe Yee
A16: {=INDEX(manifest_11Sep!$A$1:$V$3202,MATCH($B16,manifest_11Sep!$B$1:$B$3202,0),MATCH(A.Arr9sepList!A$1,manifest_11Sep!$A$1:$V$1,0))} -> A | B16: SPNYHGY9GJG | C16: {=INDEX(manifest_11Sep!$A$1:$V$3202,MATCH($B16,manifest_11Sep!$B$1:$B$3202,0),MATCH(A.Arr9sepList!C$1,manifest_11Sep!$A$1:$V$1,0))} -> YWN37HR2SQL | D16: {=INDEX(manifest_11Sep!$A$1:$V$3202,MATCH($B16,manifest_11Sep!$B$1:$B$3202,0),MATCH(A.Arr9sepList!D$1,manifest_11Sep!$A$1:$V$1,0))} -> Female | E16: {=INDEX(manifest_11Sep!$A$1:$V$3202,MATCH($B16,manifest_11Sep!$B$1:$B$3202,0),MATCH(A.Arr9sepList!E$1,manifest_11Sep!$A$1:$V$1,0))} -> Elise Ha | F16: {=INDEX(manifest_11Sep!$A$1:$V$3202,MATCH($B16,manifest_11Sep!$B$1:$B$3202,0),MATCH(A.Arr9sepList!F$1,manifest_11Sep!$A$1:$V$1,0))} -> Yee | G16: {=INDEX(manifest_11Sep!$A$1:$V$3202,MATCH($B16,manifest_11Sep!$B$1:$B$3202,0),MATCH(A.Arr9sepList!G$1,manifest_11Sep!$A$1:$V$1,0))} -> 5 | H16: {=INDEX(manifest_11Sep!$A$1:$V$3202,MATCH($B16,manifest_11Sep!$B$1:$B$3202,0),MATCH(A.Arr9sepList!H$1,manifest_11Sep!$A$1:$V$1,0))} -> Alicia Nguyen 3 | I16: {=INDEX(manifest_11Sep!$A$1:$V$3202,MATCH($B16,manifest_11Sep!$B$1:$B$3202,0),MATCH(A.Arr9sepList!I$1,manifest_11Sep!$A$1:$V$1,0))} -> Asiana Airlines | J16: {=INDEX(manifest_11Sep!$A$1:$V$3202,MATCH($B16,manifest_11Sep!$B$1:$B$3202,0),MATCH(A.Arr9sepList!J$1,manifest_11Sep!$A$1:$V$1,0))} -> OZ 1135 | ... N16: {=INDEX(manifest_11Sep!$A$1:$V$3202,MATCH($B16,manifest_11Sep!$B$1:$B$3202,0),MATCH(A.Arr9sepList!N$1,manifest_11Sep!$A$1:$V$1,0))} -> JW MARRIOTT | Q16: 75985368 | R16: TWIN | S16: {=INDEX(manifest_11Sep!$A$1:$V$3202,MATCH($B16,manifest_11Sep!$B$1:$B$3202,0),MATCH(A.Arr9sepList!S$1,manifest_11Sep!$A$1:$V$1,0))} -> daughter of Justin Yee - 7JN92SVFBXK
A17: {=INDEX(manifest_11Sep!$A$1:$V$3202,MATCH($B17,manifest_11Sep!$B$1:$B$3202,0),MATCH(A.Arr9sepList!A$1,manifest_11Sep!$A$1:$V$1,0))} -> A | B17: QDN35YPZYN9 | C17: {=INDEX(manifest_11Sep!$A$1:$V$3202,MATCH($B17,manifest_11Sep!$B$1:$B$3202,0),MATCH(A.Arr9sepList!C$1,manifest_11Sep!$A$1:$V$1,0))} -> QDN35YPZYN9 | D17: {=INDEX(manifest_11Sep!$A$1:$V$3202,MATCH($B17,manifest_11Sep!$B$1:$B$3202,0),MATCH(A.Arr9sepList!D$1,manifest_11Sep!$A$1:$V$1,0))} -> Male | E17: {=INDEX(manifest_11Sep!$A$1:$V$3202,MATCH($B17,manifest_11Sep!$B$1:$B$3202,0),MATCH(A.Arr9sepList!E$1,manifest_11Sep!$A$1:$V$1,0))} -> Khanh Quoc | F17: {=INDEX(manifest_11Sep!$A$1:$V$3202,MATCH($B17,manifest_11Sep!$B$1:$B$3202,0),MATCH(A.Arr9sepList!F$1,manifest_11Sep!$A$1:$V$1,0))} -> Mac | G17: {=INDEX(manifest_11Sep!$A$1:$V$3202,MATCH($B17,manifest_11Sep!$B$1:$B$3202,0),MATCH(A.Arr9sepList!G$1,manifest_11Sep!$A$1:$V$1,0))} -> 33 | H17: {=INDEX(manifest_11Sep!$A$1:$V$3202,MATCH($B17,manifest_11Sep!$B$1:$B$3202,0),MATCH(A.Arr9sepList!H$1,manifest_11Sep!$A$1:$V$1,0))} -> Xuan Nguyen 2 | I17: {=INDEX(manifest_11Sep!$A$1:$V$3202,MATCH($B17,manifest_11Sep!$B$1:$B$3202,0),MATCH(A.Arr9sepList!I$1,manifest_11Sep!$A$1:$V$1,0))} -> Korean Air | J17: {=INDEX(manifest_11Sep!$A$1:$V$3202,MATCH($B17,manifest_11Sep!$B$1:$B$3202,0),MATCH(A.Arr9sepList!J$1,manifest_11Sep!$A$1:$V$1,0))} -> KE 1814 | ... N17: {=INDEX(manifest_11Sep!$A$1:$V$3202,MATCH($B17,manifest_11Sep!$B$1:$B$3202,0),MATCH(A.Arr9sepList!N$1,manifest_11Sep!$A$1:$V$1,0))} -> INTER PARNAS | Q17: 81715865 | R17: TWIN | S17: {=INDEX(manifest_11Sep!$A$1:$V$3202,MATCH($B17,manifest_11Sep!$B$1:$B$3202,0),MATCH(A.Arr9sepList!S$1,manifest_11Sep!$A$1:$V$1,0))} -> 0
A18: {=INDEX(manifest_11Sep!$A$1:$V$3202,MATCH($B18,manifest_11Sep!$B$1:$B$3202,0),MATCH(A.Arr9sepList!A$1,manifest_11Sep!$A$1:$V$1,0))} -> A | B18: 9SNCXXKHP4H | C18: {=INDEX(manifest_11Sep!$A$1:$V$3202,MATCH($B18,manifest_11Sep!$B$1:$B$3202,0),MATCH(A.Arr9sepList!C$1,manifest_11Sep!$A$1:$V$1,0))} -> JMNQK6XNKRC | D18: {=INDEX(manifest_11Sep!$A$1:$V$3202,MATCH($B18,manifest_11Sep!$B$1:$B$3202,0),MATCH(A.Arr9sepList!D$1,manifest_11Sep!$A$1:$V$1,0))} -> Female | E18: {=INDEX(manifest_11Sep!$A$1:$V$3202,MATCH($B18,manifest_11Sep!$B$1:$B$3202,0),MATCH(A.Arr9sepList!E$1,manifest_11Sep!$A$1:$V$1,0))} -> Joyce | F18: {=INDEX(manifest_11Sep!$A$1:$V$3202,MATCH($B18,manifest_11Sep!$B$1:$B$3202,0),MATCH(A.Arr9sepList!F$1,manifest_11Sep!$A$1:$V$1,0))} -> Yang | G18: {=INDEX(manifest_11Sep!$A$1:$V$3202,MATCH($B18,manifest_11Sep!$B$1:$B$3202,0),MATCH(A.Arr9sepList!G$1,manifest_11Sep!$A$1:$V$1,0))} -> 21 | H18: {=INDEX(manifest_11Sep!$A$1:$V$3202,MATCH($B18,manifest_11Sep!$B$1:$B$3202,0),MATCH(A.Arr9sepList!H$1,manifest_11Sep!$A$1:$V$1,0))} -> Joen De Las Penas | I18: {=INDEX(manifest_11Sep!$A$1:$V$3202,MATCH($B18,manifest_11Sep!$B$1:$B$3202,0),MATCH(A.Arr9sepList!I$1,manifest_11Sep!$A$1:$V$1,0))} -> EVA Air | J18: {=INDEX(manifest_11Sep!$A$1:$V$3202,MATCH($B18,manifest_11Sep!$B$1:$B$3202,0),MATCH(A.Arr9sepList!J$1,manifest_11Sep!$A$1:$V$1,0))} -> BR 156 | ... N18: {=INDEX(manifest_11Sep!$A$1:$V$3202,MATCH($B18,manifest_11Sep!$B$1:$B$3202,0),MATCH(A.Arr9sepList!N$1,manifest_11Sep!$A$1:$V$1,0))} -> FAIRMONT | O18: =COUNTA(N18:N21) -> 4 | Q18: 462710834 | R18: DOUBLE | S18: {=INDEX(manifest_11Sep!$A$1:$V$3202,MATCH($B18,manifest_11Sep!$B$1:$B$3202,0),MATCH(A.Arr9sepList!S$1,manifest_11Sep!$A$1:$V$1,0))} -> 0
A19: {=INDEX(manifest_11Sep!$A$1:$V$3202,MATCH($B19,manifest_11Sep!$B$1:$B$3202,0),MATCH(A.Arr9sepList!A$1,manifest_11Sep!$A$1:$V$1,0))} -> A | B19: 7FNKMG8CTXB | C19: {=INDEX(manifest_11Sep!$A$1:$V$3202,MATCH($B19,manifest_11Sep!$B$1:$B$3202,0),MATCH(A.Arr9sepList!C$1,manifest_11Sep!$A$1:$V$1,0))} -> JMNQK6XNKRC | D19: {=INDEX(manifest_11Sep!$A$1:$V$3202,MATCH($B19,manifest_11Sep!$B$1:$B$3202,0),MATCH(A.Arr9sepList!D$1,manifest_11Sep!$A$1:$V$1,0))} -> Female | E19: {=INDEX(manifest_11Sep!$A$1:$V$3202,MATCH($B19,manifest_11Sep!$B$1:$B$3202,0),MATCH(A.Arr9sepList!E$1,manifest_11Sep!$A$1:$V$1,0))} -> Jessica | F19: {=INDEX(manifest_11Sep!$A$1:$V$3202,MATCH($B19,manifest_11Sep!$B$1:$B$3202,0),MATCH(A.Arr9sepList!F$1,manifest_11Sep!$A$1:$V$1,0))} -> Yang | G19: {=INDEX(manifest_11Sep!$A$1:$V$3202,MATCH($B19,manifest_11Sep!$B$1:$B$3202,0),MATCH(A.Arr9sepList!G$1,manifest_11Sep!$A$1:$V$1,0))} -> 21 | H19: {=INDEX(manifest_11Sep!$A$1:$V$3202,MATCH($B19,manifest_11Sep!$B$1:$B$3202,0),MATCH(A.Arr9sepList!H$1,manifest_11Sep!$A$1:$V$1,0))} -> Joen De Las Penas | I19: {=INDEX(manifest_11Sep!$A$1:$V$3202,MATCH($B19,manifest_11Sep!$B$1:$B$3202,0),MATCH(A.Arr9sepList!I$1,manifest_11Sep!$A$1:$V$1,0))} -> EVA Air | J19: {=INDEX(manifest_11Sep!$A$1:$V$3202,MATCH($B19,manifest_11Sep!$B$1:$B$3202,0),MATCH(A.Arr9sepList!J$1,manifest_11Sep!$A$1:$V$1,0))} -> BR 156 | ... N19: {=INDEX(manifest_11Sep!$A$1:$V$3202,MATCH($B19,manifest_11Sep!$B$1:$B$3202,0),MATCH(A.Arr9sepList!N$1,manifest_11Sep!$A$1:$V$1,0))} -> FAIRMONT | Q19: 462710834 | R19: DOUBLE | S19: {=INDEX(manifest_11Sep!$A$1:$V$3202,MATCH($B19,manifest_11Sep!$B$1:$B$3202,0),MATCH(A.Arr9sepList!S$1,manifest_11Sep!$A$1:$V$1,0))} -> 0
A20: {=INDEX(manifest_11Sep!$A$1:$V$3202,MATCH($B20,manifest_11Sep!$B$1:$B$3202,0),MATCH(A.Arr9sepList!A$1,manifest_11Sep!$A$1:$V$1,0))} -> A | B20: PXNCBMZMDW5 | C20: {=INDEX(manifest_11Sep!$A$1:$V$3202,MATCH($B20,manifest_11Sep!$B$1:$B$3202,0),MATCH(A.Arr9sepList!C$1,manifest_11Sep!$A$1:$V$1,0))} -> PXNCBMZMDW5 | D20: {=INDEX(manifest_11Sep!$A$1:$V$3202,MATCH($B20,manifest_11Sep!$B$1:$B$3202,0),MATCH(A.Arr9sepList!D$1,manifest_11Sep!$A$1:$V$1,0))} -> Male | E20: {=INDEX(manifest_11Sep!$A$1:$V$3202,MATCH($B20,manifest_11Sep!$B$1:$B$3202,0),MATCH(A.Arr9sepList!E$1,manifest_11Sep!$A$1:$V$1,0))} -> Ahsan | F20: {=INDEX(manifest_11Sep!$A$1:$V$3202,MATCH($B20,manifest_11Sep!$B$1:$B$3202,0),MATCH(A.Arr9sepList!F$1,manifest_11Sep!$A$1:$V$1,0))} -> Qutub | G20: {=INDEX(manifest_11Sep!$A$1:$V$3202,MATCH($B20,manifest_11Sep!$B$1:$B$3202,0),MATCH(A.Arr9sepList!G$1,manifest_11Sep!$A$1:$V$1,0))} -> 63 | H20: {=INDEX(manifest_11Sep!$A$1:$V$3202,MATCH($B20,manifest_11Sep!$B$1:$B$3202,0),MATCH(A.Arr9sepList!H$1,manifest_11Sep!$A$1:$V$1,0))} -> John Woo 2 | I20: {=INDEX(manifest_11Sep!$A$1:$V$3202,MATCH($B20,manifest_11Sep!$B$1:$B$3202,0),MATCH(A.Arr9sepList!I$1,manifest_11Sep!$A$1:$V$1,0))} -> Jeju Air | J20: {=INDEX(manifest_11Sep!$A$1:$V$3202,MATCH($B20,manifest_11Sep!$B$1:$B$3202,0),MATCH(A.Arr9sepList!J$1,manifest_11Sep!$A$1:$V$1,0))} -> 7C 118 | ... N20: {=INDEX(manifest_11Sep!$A$1:$V$3202,MATCH($B20,manifest_11Sep!$B$1:$B$3202,0),MATCH(A.Arr9sepList!N$1,manifest_11Sep!$A$1:$V$1,0))} -> LOTTE | Q20: 15262430 | R20: TWIN | S20: {=INDEX(manifest_11Sep!$A$1:$V$3202,MATCH($B20,manifest_11Sep!$B$1:$B$3202,0),MATCH(A.Arr9sepList!S$1,manifest_11Sep!$A$1:$V$1,0))} -> 0
A21: {=INDEX(manifest_11Sep!$A$1:$V$3202,MATCH($B21,manifest_11Sep!$B$1:$B$3202,0),MATCH(A.Arr9sepList!A$1,manifest_11Sep!$A$1:$V$1,0))} -> A | B21: 6QN7PT6JST9 | C21: {=INDEX(manifest_11Sep!$A$1:$V$3202,MATCH($B21,manifest_11Sep!$B$1:$B$3202,0),MATCH(A.Arr9sepList!C$1,manifest_11Sep!$A$1:$V$1,0))} -> PXNCBMZMDW5 | D21: {=INDEX(manifest_11Sep!$A$1:$V$3202,MATCH($B21,manifest_11Sep!$B$1:$B$3202,0),MATCH(A.Arr9sepList!D$1,manifest_11Sep!$A$1:$V$1,0))} -> Female | E21: {=INDEX(manifest_11Sep!$A$1:$V$3202,MATCH($B21,manifest_11Sep!$B$1:$B$3202,0),MATCH(A.Arr9sepList!E$1,manifest_11Sep!$A$1:$V$1,0))} -> Kamrun | F21: {=INDEX(manifest_11Sep!$A$1:$V$3202,MATCH($B21,manifest_11Sep!$B$1:$B$3202,0),MATCH(A.Arr9sepList!F$1,manifest_11Sep!$A$1:$V$1,0))} -> Nahar | G21: {=INDEX(manifest_11Sep!$A$1:$V$3202,MATCH($B21,manifest_11Sep!$B$1:$B$3202,0),MATCH(A.Arr9sepList!G$1,manifest_11Sep!$A$1:$V$1,0))} -> 57 | H21: {=INDEX(manifest_11Sep!$A$1:$V$3202,MATCH($B21,manifest_11Sep!$B$1:$B$3202,0),MATCH(A.Arr9sepList!H$1,manifest_11Sep!$A$1:$V$1,0))} -> John Woo 2 | I21: {=INDEX(manifest_11Sep!$A$1:$V$3202,MATCH($B21,manifest_11Sep!$B$1:$B$3202,0),MATCH(A.Arr9sepList!I$1,manifest_11Sep!$A$1:$V$1,0))} -> Jeju Air | J21: {=INDEX(manifest_11Sep!$A$1:$V$3202,MATCH($B21,manifest_11Sep!$B$1:$B$3202,0),MATCH(A.Arr9sepList!J$1,manifest_11Sep!$A$1:$V$1,0))} -> 7C 118 | ... N21: {=INDEX(manifest_11Sep!$A$1:$V$3202,MATCH($B21,manifest_11Sep!$B$1:$B$3202,0),MATCH(A.Arr9sepList!N$1,manifest_11Sep!$A$1:$V$1,0))} -> LOTTE | Q21: 15262430 | R21: TWIN | S21: {=INDEX(manifest_11Sep!$A$1:$V$3202,MATCH($B21,manifest_11Sep!$B$1:$B$3202,0),MATCH(A.Arr9sepList!S$1,manifest_11Sep!$A$1:$V$1,0))} -> 0
A22: {=INDEX(manifest_11Sep!$A$1:$V$3202,MATCH($B22,manifest_11Sep!$B$1:$B$3202,0),MATCH(A.Arr9sepList!A$1,manifest_11Sep!$A$1:$V$1,0))} -> A | B22: 7TN5Q8CM4HS | C22: {=INDEX(manifest_11Sep!$A$1:$V$3202,MATCH($B22,manifest_11Sep!$B$1:$B$3202,0),MATCH(A.Arr9sepList!C$1,manifest_11Sep!$A$1:$V$1,0))} -> 7TN5Q8CM4HS | D22: {=INDEX(manifest_11Sep!$A$1:$V$3202,MATCH($B22,manifest_11Sep!$B$1:$B$3202,0),MATCH(A.Arr9sepList!D$1,manifest_11Sep!$A$1:$V$1,0))} -> Female | E22: {=INDEX(manifest_11Sep!$A$1:$V$3202,MATCH($B22,manifest_11Sep!$B$1:$B$3202,0),MATCH(A.Arr9sepList!E$1,manifest_11Sep!$A$1:$V$1,0))} -> Alicia | F22: {=INDEX(manifest_11Sep!$A$1:$V$3202,MATCH($B22,manifest_11Sep!$B$1:$B$3202,0),MATCH(A.Arr9sepList!F$1,manifest_11Sep!$A$1:$V$1,0))} -> Dalao | G22: {=INDEX(manifest_11Sep!$A$1:$V$3202,MATCH($B22,manifest_11Sep!$B$1:$B$3202,0),MATCH(A.Arr9sepList!G$1,manifest_11Sep!$A$1:$V$1,0))} -> 61 | H22: {=INDEX(manifest_11Sep!$A$1:$V$3202,MATCH($B22,manifest_11Sep!$B$1:$B$3202,0),MATCH(A.Arr9sepList!H$1,manifest_11Sep!$A$1:$V$1,0))} -> Joen De Las Penas | I22: {=INDEX(manifest_11Sep!$A$1:$V$3202,MATCH($B22,manifest_11Sep!$B$1:$B$3202,0),MATCH(A.Arr9sepList!I$1,manifest_11Sep!$A$1:$V$1,0))} -> Jeju Air | J22: {=INDEX(manifest_11Sep!$A$1:$V$3202,MATCH($B22,manifest_11Sep!$B$1:$B$3202,0),MATCH(A.Arr9sepList!J$1,manifest_11Sep!$A$1:$V$1,0))} -> 7C 120 | ... N22: {=INDEX(manifest_11Sep!$A$1:$V$3202,MATCH($B22,manifest_11Sep!$B$1:$B$3202,0),MATCH(A.Arr9sepList!N$1,manifest_11Sep!$A$1:$V$1,0))} -> FAIRMONT | O22: =COUNTA(N22:N43) -> 22 | Q22: 462710812 | R22: DOUBLE | S22: {=INDEX(manifest_11Sep!$A$1:$V$3202,MATCH($B22,manifest_11Sep!$B$1:$B$3202,0),MATCH(A.Arr9sepList!S$1,manifest_11Sep!$A$1:$V$1,0))} -> 0
A23: {=INDEX(manifest_11Sep!$A$1:$V$3202,MATCH($B23,manifest_11Sep!$B$1:$B$3202,0),MATCH(A.Arr9sepList!A$1,manifest_11Sep!$A$1:$V$1,0))} -> A | B23: YFNPJ37HLGN | C23: {=INDEX(manifest_11Sep!$A$1:$V$3202,MATCH($B23,manifest_11Sep!$B$1:$B$3202,0),MATCH(A.Arr9sepList!C$1,manifest_11Sep!$A$1:$V$1,0))} -> 7TN5Q8CM4HS | D23: {=INDEX(manifest_11Sep!$A$1:$V$3202,MATCH($B23,manifest_11Sep!$B$1:$B$3202,0),MATCH(A.Arr9sepList!D$1,manifest_11Sep!$A$1:$V$1,0))} -> Female | E23: {=INDEX(manifest_11Sep!$A$1:$V$3202,MATCH($B23,manifest_11Sep!$B$1:$B$3202,0),MATCH(A.Arr9sepList!E$1,manifest_11Sep!$A$1:$V$1,0))} -> Priscilla | F23: {=INDEX(manifest_11Sep!$A$1:$V$3202,MATCH($B23,manifest_11Sep!$B$1:$B$3202,0),MATCH(A.Arr9sepList!F$1,manifest_11Sep!$A$1:$V$1,0))} -> Galicia | G23: {=INDEX(manifest_11Sep!$A$1:$V$3202,MATCH($B23,manifest_11Sep!$B$1:$B$3202,0),MATCH(A.Arr9sepList!G$1,manifest_11Sep!$A$1:$V$1,0))} -> 69 | H23: {=INDEX(manifest_11Sep!$A$1:$V$3202,MATCH($B23,manifest_11Sep!$B$1:$B$3202,0),MATCH(A.Arr9sepList!H$1,manifest_11Sep!$A$1:$V$1,0))} -> Joen De Las Penas | I23: {=INDEX(manifest_11Sep!$A$1:$V$3202,MATCH($B23,manifest_11Sep!$B$1:$B$3202,0),MATCH(A.Arr9sepList!I$1,manifest_11Sep!$A$1:$V$1,0))} -> Jeju Air | J23: {=INDEX(manifest_11Sep!$A$1:$V$3202,MATCH($B23,manifest_11Sep!$B$1:$B$3202,0),MATCH(A.Arr9sepList!J$1,manifest_11Sep!$A$1:$V$1,0))} -> 7C 120 | ... N23: {=INDEX(manifest_11Sep!$A$1:$V$3202,MATCH($B23,manifest_11Sep!$B$1:$B$3202,0),MATCH(A.Arr9sepList!N$1,manifest_11Sep!$A$1:$V$1,0))} -> FAIRMONT | Q23: 462710812 | R23: DOUBLE | S23: {=INDEX(manifest_11Sep!$A$1:$V$3202,MATCH($B23,manifest_11Sep!$B$1:$B$3202,0),MATCH(A.Arr9sepList!S$1,manifest_11Sep!$A$1:$V$1,0))} -> 0
A24: {=INDEX(manifest_11Sep!$A$1:$V$3202,MATCH($B24,manifest_11Sep!$B$1:$B$3202,0),MATCH(A.Arr9sepList!A$1,manifest_11Sep!$A$1:$V$1,0))} -> A | B24: YCN43KDXZS6 | C24: {=INDEX(manifest_11Sep!$A$1:$V$3202,MATCH($B24,manifest_11Sep!$B$1:$B$3202,0),MATCH(A.Arr9sepList!C$1,manifest_11Sep!$A$1:$V$1,0))} -> BLNR9SJYXPX | D24: {=INDEX(manifest_11Sep!$A$1:$V$3202,MATCH($B24,manifest_11Sep!$B$1:$B$3202,0),MATCH(A.Arr9sepList!D$1,manifest_11Sep!$A$1:$V$1,0))} -> Female | E24: {=INDEX(manifest_11Sep!$A$1:$V$3202,MATCH($B24,manifest_11Sep!$B$1:$B$3202,0),MATCH(A.Arr9sepList!E$1,manifest_11Sep!$A$1:$V$1,0))} -> Rose Mary | F24: {=INDEX(manifest_11Sep!$A$1:$V$3202,MATCH($B24,manifest_11Sep!$B$1:$B$3202,0),MATCH(A.Arr9sepList!F$1,manifest_11Sep!$A$1:$V$1,0))} -> Scott | G24: {=INDEX(manifest_11Sep!$A$1:$V$3202,MATCH($B24,manifest_11Sep!$B$1:$B$3202,0),MATCH(A.Arr9sepList!G$1,manifest_11Sep!$A$1:$V$1,0))} -> 61 | H24: {=INDEX(manifest_11Sep!$A$1:$V$3202,MATCH($B24,manifest_11Sep!$B$1:$B$3202,0),MATCH(A.Arr9sepList!H$1,manifest_11Sep!$A$1:$V$1,0))} -> Joen De Las Penas | I24: {=INDEX(manifest_11Sep!$A$1:$V$3202,MATCH($B24,manifest_11Sep!$B$1:$B$3202,0),MATCH(A.Arr9sepList!I$1,manifest_11Sep!$A$1:$V$1,0))} -> Jeju Air | J24: {=INDEX(manifest_11Sep!$A$1:$V$3202,MATCH($B24,manifest_11Sep!$B$1:$B$3202,0),MATCH(A.Arr9sepList!J$1,manifest_11Sep!$A$1:$V$1,0))} -> 7C 120 | ... N24: {=INDEX(manifest_11Sep!$A$1:$V$3202,MATCH($B24,manifest_11Sep!$B$1:$B$3202,0),MATCH(A.Arr9sepList!N$1,manifest_11Sep!$A$1:$V$1,0))} -> FAIRMONT | Q24: 462710819 | R24: TWIN | S24: {=INDEX(manifest_11Sep!$A$1:$V$3202,MATCH($B24,manifest_11Sep!$B$1:$B$3202,0),MATCH(A.Arr9sepList!S$1,manifest_11Sep!$A$1:$V$1,0))} -> 0
A25: {=INDEX(manifest_11Sep!$A$1:$V$3202,MATCH($B25,manifest_11Sep!$B$1:$B$3202,0),MATCH(A.Arr9sepList!A$1,manifest_11Sep!$A$1:$V$1,0))} -> A | B25: 72NVG3BWNVW | C25: {=INDEX(manifest_11Sep!$A$1:$V$3202,MATCH($B25,manifest_11Sep!$B$1:$B$3202,0),MATCH(A.Arr9sepList!C$1,manifest_11Sep!$A$1:$V$1,0))} -> 72NVG3BWNVW | D25: {=INDEX(manifest_11Sep!$A$1:$V$3202,MATCH($B25,manifest_11Sep!$B$1:$B$3202,0),MATCH(A.Arr9sepList!D$1,manifest_11Sep!$A$1:$V$1,0))} -> Female | E25: {=INDEX(manifest_11Sep!$A$1:$V$3202,MATCH($B25,manifest_11Sep!$B$1:$B$3202,0),MATCH(A.Arr9sepList!E$1,manifest_11Sep!$A$1:$V$1,0))} -> Syntra Audra | F25: {=INDEX(manifest_11Sep!$A$1:$V$3202,MATCH($B25,manifest_11Sep!$B$1:$B$3202,0),MATCH(A.Arr9sepList!F$1,manifest_11Sep!$A$1:$V$1,0))} -> John | G25: {=INDEX(manifest_11Sep!$A$1:$V$3202,MATCH($B25,manifest_11Sep!$B$1:$B$3202,0),MATCH(A.Arr9sepList!G$1,manifest_11Sep!$A$1:$V$1,0))} -> 54 | H25: {=INDEX(manifest_11Sep!$A$1:$V$3202,MATCH($B25,manifest_11Sep!$B$1:$B$3202,0),MATCH(A.Arr9sepList!H$1,manifest_11Sep!$A$1:$V$1,0))} -> Racquel Slawinski | I25: {=INDEX(manifest_11Sep!$A$1:$V$3202,MATCH($B25,manifest_11Sep!$B$1:$B$3202,0),MATCH(A.Arr9sepList!I$1,manifest_11Sep!$A$1:$V$1,0))} -> T'way Air | J25: {=INDEX(manifest_11Sep!$A$1:$V$3202,MATCH($B25,manifest_11Sep!$B$1:$B$3202,0),MATCH(A.Arr9sepList!J$1,manifest_11Sep!$A$1:$V$1,0))} -> TW 720 | ... N25: {=INDEX(manifest_11Sep!$A$1:$V$3202,MATCH($B25,manifest_11Sep!$B$1:$B$3202,0),MATCH(A.Arr9sepList!N$1,manifest_11Sep!$A$1:$V$1,0))} -> INTER PARNAS | Q25: 81702052 | R25: DOUBLE | S25: {=INDEX(manifest_11Sep!$A$1:$V$3202,MATCH($B25,manifest_11Sep!$B$1:$B$3202,0),MATCH(A.Arr9sepList!S$1,manifest_11Sep!$A$1:$V$1,0))} -> Upgrade - Club Junior Suite
A26: {=INDEX(manifest_11Sep!$A$1:$V$3202,MATCH($B26,manifest_11Sep!$B$1:$B$3202,0),MATCH(A.Arr9sepList!A$1,manifest_11Sep!$A$1:$V$1,0))} -> A | B26: WFN487T9RRS | C26: {=INDEX(manifest_11Sep!$A$1:$V$3202,MATCH($B26,manifest_11Sep!$B$1:$B$3202,0),MATCH(A.Arr9sepList!C$1,manifest_11Sep!$A$1:$V$1,0))} -> 72NVG3BWNVW | D26: {=INDEX(manifest_11Sep!$A$1:$V$3202,MATCH($B26,manifest_11Sep!$B$1:$B$3202,0),MATCH(A.Arr9sepList!D$1,manifest_11Sep!$A$1:$V$1,0))} -> Male | E26: {=INDEX(manifest_11Sep!$A$1:$V$3202,MATCH($B26,manifest_11Sep!$B$1:$B$3202,0),MATCH(A.Arr9sepList!E$1,manifest_11Sep!$A$1:$V$1,0))} -> Basdeo | F26: {=INDEX(manifest_11Sep!$A$1:$V$3202,MATCH($B26,manifest_11Sep!$B$1:$B$3202,0),MATCH(A.Arr9sepList!F$1,manifest_11Sep!$A$1:$V$1,0))} -> John | G26: {=INDEX(manifest_11Sep!$A$1:$V$3202,MATCH($B26,manifest_11Sep!$B$1:$B$3202,0),MATCH(A.Arr9sepList!G$1,manifest_11Sep!$A$1:$V$1,0))} -> 56 | H26: {=INDEX(manifest_11Sep!$A$1:$V$3202,MATCH($B26,manifest_11Sep!$B$1:$B$3202,0),MATCH(A.Arr9sepList!H$1,manifest_11Sep!$A$1:$V$1,0))} -> Racquel Slawinski | I26: {=INDEX(manifest_11Sep!$A$1:$V$3202,MATCH($B26,manifest_11Sep!$B$1:$B$3202,0),MATCH(A.Arr9sepList!I$1,manifest_11Sep!$A$1:$V$1,0))} -> T'way Air | J26: {=INDEX(manifest_11Sep!$A$1:$V$3202,MATCH($B26,manifest_11Sep!$B$1:$B$3202,0),MATCH(A.Arr9sepList!J$1,manifest_11Sep!$A$1:$V$1,0))} -> TW 720 | ... N26: {=INDEX(manifest_11Sep!$A$1:$V$3202,MATCH($B26,manifest_11Sep!$B$1:$B$3202,0),MATCH(A.Arr9sepList!N$1,manifest_11Sep!$A$1:$V$1,0))} -> INTER PARNAS | Q26: 81702052 | R26: DOUBLE | S26: {=INDEX(manifest_11Sep!$A$1:$V$3202,MATCH($B26,manifest_11Sep!$B$1:$B$3202,0),MATCH(A.Arr9sepList!S$1,manifest_11Sep!$A$1:$V$1,0))} -> 0
A27: {=INDEX(manifest_11Sep!$A$1:$V$3202,MATCH($B27,manifest_11Sep!$B$1:$B$3202,0),MATCH(A.Arr9sepList!A$1,manifest_11Sep!$A$1:$V$1,0))} -> A | B27: 76NFBLGRYJC | C27: {=INDEX(manifest_11Sep!$A$1:$V$3202,MATCH($B27,manifest_11Sep!$B$1:$B$3202,0),MATCH(A.Arr9sepList!C$1,manifest_11Sep!$A$1:$V$1,0))} -> 6YNQJJKHX3V | D27: {=INDEX(manifest_11Sep!$A$1:$V$3202,MATCH($B27,manifest_11Sep!$B$1:$B$3202,0),MATCH(A.Arr9sepList!D$1,manifest_11Sep!$A$1:$V$1,0))} -> Male | E27: {=INDEX(manifest_11Sep!$A$1:$V$3202,MATCH($B27,manifest_11Sep!$B$1:$B$3202,0),MATCH(A.Arr9sepList!E$1,manifest_11Sep!$A$1:$V$1,0))} -> Yao Zong | F27: {=INDEX(manifest_11Sep!$A$1:$V$3202,MATCH($B27,manifest_11Sep!$B$1:$B$3202,0),MATCH(A.Arr9sepList!F$1,manifest_11Sep!$A$1:$V$1,0))} -> Lu | G27: {=INDEX(manifest_11Sep!$A$1:$V$3202,MATCH($B27,manifest_11Sep!$B$1:$B$3202,0),MATCH(A.Arr9sepList!G$1,manifest_11Sep!$A$1:$V$1,0))} -> 44 | H27: {=INDEX(manifest_11Sep!$A$1:$V$3202,MATCH($B27,manifest_11Sep!$B$1:$B$3202,0),MATCH(A.Arr9sepList!H$1,manifest_11Sep!$A$1:$V$1,0))} -> Joen De Las Penas | I27: {=INDEX(manifest_11Sep!$A$1:$V$3202,MATCH($B27,manifest_11Sep!$B$1:$B$3202,0),MATCH(A.Arr9sepList!I$1,manifest_11Sep!$A$1:$V$1,0))} -> Jeju Air | J27: {=INDEX(manifest_11Sep!$A$1:$V$3202,MATCH($B27,manifest_11Sep!$B$1:$B$3202,0),MATCH(A.Arr9sepList!J$1,manifest_11Sep!$A$1:$V$1,0))} -> 7C 122 | ... N27: {=INDEX(manifest_11Sep!$A$1:$V$3202,MATCH($B27,manifest_11Sep!$B$1:$B$3202,0),MATCH(A.Arr9sepList!N$1,manifest_11Sep!$A$1:$V$1,0))} -> FAIRMONT | Q27: 462710818 | R27: TWIN | S27: {=INDEX(manifest_11Sep!$A$1:$V$3202,MATCH($B27,manifest_11Sep!$B$1:$B$3202,0),MATCH(A.Arr9sepList!S$1,manifest_11Sep!$A$1:$V$1,0))} -> assign photo book for guest, Yao Lu
A28: {=INDEX(manifest_11Sep!$A$1:$V$3202,MATCH($B28,manifest_11Sep!$B$1:$B$3202,0),MATCH(A.Arr9sepList!A$1,manifest_11Sep!$A$1:$V$1,0))} -> A | B28: BLNR9SJYXPX | C28: {=INDEX(manifest_11Sep!$A$1:$V$3202,MATCH($B28,manifest_11Sep!$B$1:$B$3202,0),MATCH(A.Arr9sepList!C$1,manifest_11Sep!$A$1:$V$1,0))} -> BLNR9SJYXPX | D28: {=INDEX(manifest_11Sep!$A$1:$V$3202,MATCH($B28,manifest_11Sep!$B$1:$B$3202,0),MATCH(A.Arr9sepList!D$1,manifest_11Sep!$A$1:$V$1,0))} -> Female | E28: {=INDEX(manifest_11Sep!$A$1:$V$3202,MATCH($B28,manifest_11Sep!$B$1:$B$3202,0),MATCH(A.Arr9sepList!E$1,manifest_11Sep!$A$1:$V$1,0))} -> Susan Wambui | F28: {=INDEX(manifest_11Sep!$A$1:$V$3202,MATCH($B28,manifest_11Sep!$B$1:$B$3202,0),MATCH(A.Arr9sepList!F$1,manifest_11Sep!$A$1:$V$1,0))} -> Kamau | G28: {=INDEX(manifest_11Sep!$A$1:$V$3202,MATCH($B28,manifest_11Sep!$B$1:$B$3202,0),MATCH(A.Arr9sepList!G$1,manifest_11Sep!$A$1:$V$1,0))} -> 30 | H28: {=INDEX(manifest_11Sep!$A$1:$V$3202,MATCH($B28,manifest_11Sep!$B$1:$B$3202,0),MATCH(A.Arr9sepList!H$1,manifest_11Sep!$A$1:$V$1,0))} -> Joen De Las Penas | I28: {=INDEX(manifest_11Sep!$A$1:$V$3202,MATCH($B28,manifest_11Sep!$B$1:$B$3202,0),MATCH(A.Arr9sepList!I$1,manifest_11Sep!$A$1:$V$1,0))} -> Jeju Air | J28: {=INDEX(manifest_11Sep!$A$1:$V$3202,MATCH($B28,manifest_11Sep!$B$1:$B$3202,0),MATCH(A.Arr9sepList!J$1,manifest_11Sep!$A$1:$V$1,0))} -> 7C 122 | ... N28: {=INDEX(manifest_11Sep!$A$1:$V$3202,MATCH($B28,manifest_11Sep!$B$1:$B$3202,0),MATCH(A.Arr9sepList!N$1,manifest_11Sep!$A$1:$V$1,0))} -> FAIRMONT | Q28: 462710819 | R28: TWIN | S28: {=INDEX(manifest_11Sep!$A$1:$V$3202,MATCH($B28,manifest_11Sep!$B$1:$B$3202,0),MATCH(A.Arr9sepList!S$1,manifest_11Sep!$A$1:$V$1,0))} -> 0
A29: {=INDEX(manifest_11Sep!$A$1:$V$3202,MATCH($B29,manifest_11Sep!$B$1:$B$3202,0),MATCH(A.Arr9sepList!A$1,manifest_11Sep!$A$1:$V$1,0))} -> A | B29: SNNT3WBGGRW | C29: {=INDEX(manifest_11Sep!$A$1:$V$3202,MATCH($B29,manifest_11Sep!$B$1:$B$3202,0),MATCH(A.Arr9sepList!C$1,manifest_11Sep!$A$1:$V$1,0))} -> SNNT3WBGGRW | D29: {=INDEX(manifest_11Sep!$A$1:$V$3202,MATCH($B29,manifest_11Sep!$B$1:$B$3202,0),MATCH(A.Arr9sepList!D$1,manifest_11Sep!$A$1:$V$1,0))} -> Female | E29: {=INDEX(manifest_11Sep!$A$1:$V$3202,MATCH($B29,manifest_11Sep!$B$1:$B$3202,0),MATCH(A.Arr9sepList!E$1,manifest_11Sep!$A$1:$V$1,0))} -> Faith Njeri | F29: {=INDEX(manifest_11Sep!$A$1:$V$3202,MATCH($B29,manifest_11Sep!$B$1:$B$3202,0),MATCH(A.Arr9sepList!F$1,manifest_11Sep!$A$1:$V$1,0))} -> Kamiti | G29: {=INDEX(manifest_11Sep!$A$1:$V$3202,MATCH($B29,manifest_11Sep!$B$1:$B$3202,0),MATCH(A.Arr9sepList!G$1,manifest_11Sep!$A$1:$V$1,0))} -> 40 | H29: {=INDEX(manifest_11Sep!$A$1:$V$3202,MATCH($B29,manifest_11Sep!$B$1:$B$3202,0),MATCH(A.Arr9sepList!H$1,manifest_11Sep!$A$1:$V$1,0))} -> Joen De Las Penas | I29: {=INDEX(manifest_11Sep!$A$1:$V$3202,MATCH($B29,manifest_11Sep!$B$1:$B$3202,0),MATCH(A.Arr9sepList!I$1,manifest_11Sep!$A$1:$V$1,0))} -> Jeju Air | J29: {=INDEX(manifest_11Sep!$A$1:$V$3202,MATCH($B29,manifest_11Sep!$B$1:$B$3202,0),MATCH(A.Arr9sepList!J$1,manifest_11Sep!$A$1:$V$1,0))} -> 7C 122 | ... N29: {=INDEX(manifest_11Sep!$A$1:$V$3202,MATCH($B29,manifest_11Sep!$B$1:$B$3202,0),MATCH(A.Arr9sepList!N$1,manifest_11Sep!$A$1:$V$1,0))} -> FAIRMONT | Q29: 462710825 | R29: DOUBLE | S29: {=INDEX(manifest_11Sep!$A$1:$V$3202,MATCH($B29,manifest_11Sep!$B$1:$B$3202,0),MATCH(A.Arr9sepList!S$1,manifest_11Sep!$A$1:$V$1,0))} -> 0
A30: {=INDEX(manifest_11Sep!$A$1:$V$3202,MATCH($B30,manifest_11Sep!$B$1:$B$3202,0),MATCH(A.Arr9sepList!A$1,manifest_11Sep!$A$1:$V$1,0))} -> A | B30: 7RNDKVV5J4Z | C30: {=INDEX(manifest_11Sep!$A$1:$V$3202,MATCH($B30,manifest_11Sep!$B$1:$B$3202,0),MATCH(A.Arr9sepList!C$1,manifest_11Sep!$A$1:$V$1,0))} -> SNNT3WBGGRW | D30: {=INDEX(manifest_11Sep!$A$1:$V$3202,MATCH($B30,manifest_11Sep!$B$1:$B$3202,0),MATCH(A.Arr9sepList!D$1,manifest_11Sep!$A$1:$V$1,0))} -> Female | E30: {=INDEX(manifest_11Sep!$A$1:$V$3202,MATCH($B30,manifest_11Sep!$B$1:$B$3202,0),MATCH(A.Arr9sepList!E$1,manifest_11Sep!$A$1:$V$1,0))} -> Abigail Nyambura | F30: {=INDEX(manifest_11Sep!$A$1:$V$3202,MATCH($B30,manifest_11Sep!$B$1:$B$3202,0),MATCH(A.Arr9sepList!F$1,manifest_11Sep!$A$1:$V$1,0))} -> Kamiti | G30: {=INDEX(manifest_11Sep!$A$1:$V$3202,MATCH($B30,manifest_11Sep!$B$1:$B$3202,0),MATCH(A.Arr9sepList!G$1,manifest_11Sep!$A$1:$V$1,0))} -> 10 | H30: {=INDEX(manifest_11Sep!$A$1:$V$3202,MATCH($B30,manifest_11Sep!$B$1:$B$3202,0),MATCH(A.Arr9sepList!H$1,manifest_11Sep!$A$1:$V$1,0))} -> Joen De Las Penas | I30: {=INDEX(manifest_11Sep!$A$1:$V$3202,MATCH($B30,manifest_11Sep!$B$1:$B$3202,0),MATCH(A.Arr9sepList!I$1,manifest_11Sep!$A$1:$V$1,0))} -> Jeju Air | J30: {=INDEX(manifest_11Sep!$A$1:$V$3202,MATCH($B30,manifest_11Sep!$B$1:$B$3202,0),MATCH(A.Arr9sepList!J$1,manifest_11Sep!$A$1:$V$1,0))} -> 7C 122 | ... N30: {=INDEX(manifest_11Sep!$A$1:$V$3202,MATCH($B30,manifest_11Sep!$B$1:$B$3202,0),MATCH(A.Arr9sepList!N$1,manifest_11Sep!$A$1:$V$1,0))} -> FAIRMONT | Q30: 462710825 | R30: DOUBLE | S30: {=INDEX(manifest_11Sep!$A$1:$V$3202,MATCH($B30,manifest_11Sep!$B$1:$B$3202,0),MATCH(A.Arr9sepList!S$1,manifest_11Sep!$A$1:$V$1,0))} -> 0
A31: {=INDEX(manifest_11Sep!$A$1:$V$3202,MATCH($B31,manifest_11Sep!$B$1:$B$3202,0),MATCH(A.Arr9sepList!A$1,manifest_11Sep!$A$1:$V$1,0))} -> A | B31: KLNGKHSVYFT | C31: {=INDEX(manifest_11Sep!$A$1:$V$3202,MATCH($B31,manifest_11Sep!$B$1:$B$3202,0),MATCH(A.Arr9sepList!C$1,manifest_11Sep!$A$1:$V$1,0))} -> KLNGKHSVYFT | D31: {=INDEX(manifest_11Sep!$A$1:$V$3202,MATCH($B31,manifest_11Sep!$B$1:$B$3202,0),MATCH(A.Arr9sepList!D$1,manifest_11Sep!$A$1:$V$1,0))} -> Female | E31: {=INDEX(manifest_11Sep!$A$1:$V$3202,MATCH($B31,manifest_11Sep!$B$1:$B$3202,0),MATCH(A.Arr9sepList!E$1,manifest_11Sep!$A$1:$V$1,0))} -> Michelle | F31: {=INDEX(manifest_11Sep!$A$1:$V$3202,MATCH($B31,manifest_11Sep!$B$1:$B$3202,0),MATCH(A.Arr9sepList!F$1,manifest_11Sep!$A$1:$V$1,0))} -> Zhou | G31: {=INDEX(manifest_11Sep!$A$1:$V$3202,MATCH($B31,manifest_11Sep!$B$1:$B$3202,0),MATCH(A.Arr9sepList!G$1,manifest_11Sep!$A$1:$V$1,0))} -> 29 | H31: {=INDEX(manifest_11Sep!$A$1:$V$3202,MATCH($B31,manifest_11Sep!$B$1:$B$3202,0),MATCH(A.Arr9sepList!H$1,manifest_11Sep!$A$1:$V$1,0))} -> Joen De Las Penas | I31: {=INDEX(manifest_11Sep!$A$1:$V$3202,MATCH($B31,manifest_11Sep!$B$1:$B$3202,0),MATCH(A.Arr9sepList!I$1,manifest_11Sep!$A$1:$V$1,0))} -> Jeju Air | J31: {=INDEX(manifest_11Sep!$A$1:$V$3202,MATCH($B31,manifest_11Sep!$B$1:$B$3202,0),MATCH(A.Arr9sepList!J$1,manifest_11Sep!$A$1:$V$1,0))} -> 7C 122 | ... N31: {=INDEX(manifest_11Sep!$A$1:$V$3202,MATCH($B31,manifest_11Sep!$B$1:$B$3202,0),MATCH(A.Arr9sepList!N$1,manifest_11Sep!$A$1:$V$1,0))} -> FAIRMONT | Q31: 462710826 | R31: DOUBLE | S31: {=INDEX(manifest_11Sep!$A$1:$V$3202,MATCH($B31,manifest_11Sep!$B$1:$B$3202,0),MATCH(A.Arr9sepList!S$1,manifest_11Sep!$A$1:$V$1,0))} -> 0
A32: {=INDEX(manifest_11Sep!$A$1:$V$3202,MATCH($B32,manifest_11Sep!$B$1:$B$3202,0),MATCH(A.Arr9sepList!A$1,manifest_11Sep!$A$1:$V$1,0))} -> A | B32: QTNSFWFZTTM | C32: {=INDEX(manifest_11Sep!$A$1:$V$3202,MATCH($B32,manifest_11Sep!$B$1:$B$3202,0),MATCH(A.Arr9sepList!C$1,manifest_11Sep!$A$1:$V$1,0))} -> KLNGKHSVYFT | D32: {=INDEX(manifest_11Sep!$A$1:$V$3202,MATCH($B32,manifest_11Sep!$B$1:$B$3202,0),MATCH(A.Arr9sepList!D$1,manifest_11Sep!$A$1:$V$1,0))} -> Female | E32: {=INDEX(manifest_11Sep!$A$1:$V$3202,MATCH($B32,manifest_11Sep!$B$1:$B$3202,0),MATCH(A.Arr9sepList!E$1,manifest_11Sep!$A$1:$V$1,0))} -> Kaira Neisha Miguel | F32: {=INDEX(manifest_11Sep!$A$1:$V$3202,MATCH($B32,manifest_11Sep!$B$1:$B$3202,0),MATCH(A.Arr9sepList!F$1,manifest_11Sep!$A$1:$V$1,0))} -> Zuniga | G32: {=INDEX(manifest_11Sep!$A$1:$V$3202,MATCH($B32,manifest_11Sep!$B$1:$B$3202,0),MATCH(A.Arr9sepList!G$1,manifest_11Sep!$A$1:$V$1,0))} -> 16 | H32: {=INDEX(manifest_11Sep!$A$1:$V$3202,MATCH($B32,manifest_11Sep!$B$1:$B$3202,0),MATCH(A.Arr9sepList!H$1,manifest_11Sep!$A$1:$V$1,0))} -> Joen De Las Penas | I32: {=INDEX(manifest_11Sep!$A$1:$V$3202,MATCH($B32,manifest_11Sep!$B$1:$B$3202,0),MATCH(A.Arr9sepList!I$1,manifest_11Sep!$A$1:$V$1,0))} -> Jeju Air | J32: {=INDEX(manifest_11Sep!$A$1:$V$3202,MATCH($B32,manifest_11Sep!$B$1:$B$3202,0),MATCH(A.Arr9sepList!J$1,manifest_11Sep!$A$1:$V$1,0))} -> 7C 122 | ... N32: {=INDEX(manifest_11Sep!$A$1:$V$3202,MATCH($B32,manifest_11Sep!$B$1:$B$3202,0),MATCH(A.Arr9sepList!N$1,manifest_11Sep!$A$1:$V$1,0))} -> FAIRMONT | Q32: 462710826 | R32: DOUBLE | S32: {=INDEX(manifest_11Sep!$A$1:$V$3202,MATCH($B32,manifest_11Sep!$B$1:$B$3202,0),MATCH(A.Arr9sepList!S$1,manifest_11Sep!$A$1:$V$1,0))} -> 0
A33: {=INDEX(manifest_11Sep!$A$1:$V$3202,MATCH($B33,manifest_11Sep!$B$1:$B$3202,0),MATCH(A.Arr9sepList!A$1,manifest_11Sep!$A$1:$V$1,0))} -> A | B33: K5NSDY78Q3Z | C33: {=INDEX(manifest_11Sep!$A$1:$V$3202,MATCH($B33,manifest_11Sep!$B$1:$B$3202,0),MATCH(A.Arr9sepList!C$1,manifest_11Sep!$A$1:$V$1,0))} -> K5NSDY78Q3Z | D33: {=INDEX(manifest_11Sep!$A$1:$V$3202,MATCH($B33,manifest_11Sep!$B$1:$B$3202,0),MATCH(A.Arr9sepList!D$1,manifest_11Sep!$A$1:$V$1,0))} -> Female | E33: {=INDEX(manifest_11Sep!$A$1:$V$3202,MATCH($B33,manifest_11Sep!$B$1:$B$3202,0),MATCH(A.Arr9sepList!E$1,manifest_11Sep!$A$1:$V$1,0))} -> Carolyne | F33: {=INDEX(manifest_11Sep!$A$1:$V$3202,MATCH($B33,manifest_11Sep!$B$1:$B$3202,0),MATCH(A.Arr9sepList!F$1,manifest_11Sep!$A$1:$V$1,0))} -> Kiragu | G33: {=INDEX(manifest_11Sep!$A$1:$V$3202,MATCH($B33,manifest_11Sep!$B$1:$B$3202,0),MATCH(A.Arr9sepList!G$1,manifest_11Sep!$A$1:$V$1,0))} -> 36 | H33: {=INDEX(manifest_11Sep!$A$1:$V$3202,MATCH($B33,manifest_11Sep!$B$1:$B$3202,0),MATCH(A.Arr9sepList!H$1,manifest_11Sep!$A$1:$V$1,0))} -> Joen De Las Penas | I33: {=INDEX(manifest_11Sep!$A$1:$V$3202,MATCH($B33,manifest_11Sep!$B$1:$B$3202,0),MATCH(A.Arr9sepList!I$1,manifest_11Sep!$A$1:$V$1,0))} -> Jeju Air | J33: {=INDEX(manifest_11Sep!$A$1:$V$3202,MATCH($B33,manifest_11Sep!$B$1:$B$3202,0),MATCH(A.Arr9sepList!J$1,manifest_11Sep!$A$1:$V$1,0))} -> 7C 122 | ... N33: {=INDEX(manifest_11Sep!$A$1:$V$3202,MATCH($B33,manifest_11Sep!$B$1:$B$3202,0),MATCH(A.Arr9sepList!N$1,manifest_11Sep!$A$1:$V$1,0))} -> FAIRMONT | Q33: 462710835 | R33: SINGLE | S33: {=INDEX(manifest_11Sep!$A$1:$V$3202,MATCH($B33,manifest_11Sep!$B$1:$B$3202,0),MATCH(A.Arr9sepList!S$1,manifest_11Sep!$A$1:$V$1,0))} -> 0
A34: {=INDEX(manifest_11Sep!$A$1:$V$3202,MATCH($B34,manifest_11Sep!$B$1:$B$3202,0),MATCH(A.Arr9sepList!A$1,manifest_11Sep!$A$1:$V$1,0))} -> A | B34: VHNQR39LPPX | C34: {=INDEX(manifest_11Sep!$A$1:$V$3202,MATCH($B34,manifest_11Sep!$B$1:$B$3202,0),MATCH(A.Arr9sepList!C$1,manifest_11Sep!$A$1:$V$1,0))} -> VHNQR39LPPX | D34: {=INDEX(manifest_11Sep!$A$1:$V$3202,MATCH($B34,manifest_11Sep!$B$1:$B$3202,0),MATCH(A.Arr9sepList!D$1,manifest_11Sep!$A$1:$V$1,0))} -> Female | E34: {=INDEX(manifest_11Sep!$A$1:$V$3202,MATCH($B34,manifest_11Sep!$B$1:$B$3202,0),MATCH(A.Arr9sepList!E$1,manifest_11Sep!$A$1:$V$1,0))} -> Grace | F34: {=INDEX(manifest_11Sep!$A$1:$V$3202,MATCH($B34,manifest_11Sep!$B$1:$B$3202,0),MATCH(A.Arr9sepList!F$1,manifest_11Sep!$A$1:$V$1,0))} -> Githinji | G34: {=INDEX(manifest_11Sep!$A$1:$V$3202,MATCH($B34,manifest_11Sep!$B$1:$B$3202,0),MATCH(A.Arr9sepList!G$1,manifest_11Sep!$A$1:$V$1,0))} -> 45 | H34: {=INDEX(manifest_11Sep!$A$1:$V$3202,MATCH($B34,manifest_11Sep!$B$1:$B$3202,0),MATCH(A.Arr9sepList!H$1,manifest_11Sep!$A$1:$V$1,0))} -> Joen De Las Penas | I34: {=INDEX(manifest_11Sep!$A$1:$V$3202,MATCH($B34,manifest_11Sep!$B$1:$B$3202,0),MATCH(A.Arr9sepList!I$1,manifest_11Sep!$A$1:$V$1,0))} -> Jeju Air | J34: {=INDEX(manifest_11Sep!$A$1:$V$3202,MATCH($B34,manifest_11Sep!$B$1:$B$3202,0),MATCH(A.Arr9sepList!J$1,manifest_11Sep!$A$1:$V$1,0))} -> 7C 122 | ... N34: {=INDEX(manifest_11Sep!$A$1:$V$3202,MATCH($B34,manifest_11Sep!$B$1:$B$3202,0),MATCH(A.Arr9sepList!N$1,manifest_11Sep!$A$1:$V$1,0))} -> FAIRMONT | Q34: 462710836 | R34: DOUBLE | S34: {=INDEX(manifest_11Sep!$A$1:$V$3202,MATCH($B34,manifest_11Sep!$B$1:$B$3202,0),MATCH(A.Arr9sepList!S$1,manifest_11Sep!$A$1:$V$1,0))} -> 0
... A43: {=INDEX(manifest_11Sep!$A$1:$V$3202,MATCH($B43,manifest_11Sep!$B$1:$B$3202,0),MATCH(A.Arr9sepList!A$1,manifest_11Sep!$A$1:$V$1,0))} -> A | B43: 4CN45FMDVPN | C43: {=INDEX(manifest_11Sep!$A$1:$V$3202,MATCH($B43,manifest_11Sep!$B$1:$B$3202,0),MATCH(A.Arr9sepList!C$1,manifest_11Sep!$A$1:$V$1,0))} -> LGN3FCQWRGC | D43: {=INDEX(manifest_11Sep!$A$1:$V$3202,MATCH($B43,manifest_11Sep!$B$1:$B$3202,0),MATCH(A.Arr9sepList!D$1,manifest_11Sep!$A$1:$V$1,0))} -> Female | E43: {=INDEX(manifest_11Sep!$A$1:$V$3202,MATCH($B43,manifest_11Sep!$B$1:$B$3202,0),MATCH(A.Arr9sepList!E$1,manifest_11Sep!$A$1:$V$1,0))} -> Marie Ann Miguel | F43: {=INDEX(manifest_11Sep!$A$1:$V$3202,MATCH($B43,manifest_11Sep!$B$1:$B$3202,0),MATCH(A.Arr9sepList!F$1,manifest_11Sep!$A$1:$V$1,0))} -> Zuniga | G43: {=INDEX(manifest_11Sep!$A$1:$V$3202,MATCH($B43,manifest_11Sep!$B$1:$B$3202,0),MATCH(A.Arr9sepList!G$1,manifest_11Sep!$A$1:$V$1,0))} -> 44 | H43: {=INDEX(manifest_11Sep!$A$1:$V$3202,MATCH($B43,manifest_11Sep!$B$1:$B$3202,0),MATCH(A.Arr9sepList!H$1,manifest_11Sep!$A$1:$V$1,0))} -> Joen De Las Penas | I43: {=INDEX(manifest_11Sep!$A$1:$V$3202,MATCH($B43,manifest_11Sep!$B$1:$B$3202,0),MATCH(A.Arr9sepList!I$1,manifest_11Sep!$A$1:$V$1,0))} -> Jeju Air | J43: {=INDEX(manifest_11Sep!$A$1:$V$3202,MATCH($B43,manifest_11Sep!$B$1:$B$3202,0),MATCH(A.Arr9sepList!J$1,manifest_11Sep!$A$1:$V$1,0))} -> 7C 122 | ... N43: {=INDEX(manifest_11Sep!$A$1:$V$3202,MATCH($B43,manifest_11Sep!$B$1:$B$3202,0),MATCH(A.Arr9sepList!N$1,manifest_11Sep!$A$1:$V$1,0))} -> FAIRMONT | Q43: 462710840 | R43: DOUBLE | S43: {=INDEX(manifest_11Sep!$A$1:$V$3202,MATCH($B43,manifest_11Sep!$B$1:$B$3202,0),MATCH(A.Arr9sepList!S$1,manifest_11Sep!$A$1:$V$1,0))} -> 0
A44: {=INDEX(manifest_11Sep!$A$1:$V$3202,MATCH($B44,manifest_11Sep!$B$1:$B$3202,0),MATCH(A.Arr9sepList!A$1,manifest_11Sep!$A$1:$V$1,0))} -> A | B44: 6QN44SDLXRX | C44: {=INDEX(manifest_11Sep!$A$1:$V$3202,MATCH($B44,manifest_11Sep!$B$1:$B$3202,0),MATCH(A.Arr9sepList!C$1,manifest_11Sep!$A$1:$V$1,0))} -> TKNTFR2VQ5P | D44: {=INDEX(manifest_11Sep!$A$1:$V$3202,MATCH($B44,manifest_11Sep!$B$1:$B$3202,0),MATCH(A.Arr9sepList!D$1,manifest_11Sep!$A$1:$V$1,0))} -> Male | E44: {=INDEX(manifest_11Sep!$A$1:$V$3202,MATCH($B44,manifest_11Sep!$B$1:$B$3202,0),MATCH(A.Arr9sepList!E$1,manifest_11Sep!$A$1:$V$1,0))} -> Jose F O | F44: {=INDEX(manifest_11Sep!$A$1:$V$3202,MATCH($B44,manifest_11Sep!$B$1:$B$3202,0),MATCH(A.Arr9sepList!F$1,manifest_11Sep!$A$1:$V$1,0))} -> Saludes | G44: {=INDEX(manifest_11Sep!$A$1:$V$3202,MATCH($B44,manifest_11Sep!$B$1:$B$3202,0),MATCH(A.Arr9sepList!G$1,manifest_11Sep!$A$1:$V$1,0))} -> 28 | H44: {=INDEX(manifest_11Sep!$A$1:$V$3202,MATCH($B44,manifest_11Sep!$B$1:$B$3202,0),MATCH(A.Arr9sepList!H$1,manifest_11Sep!$A$1:$V$1,0))} -> Dondon Dimailig | I44: {=INDEX(manifest_11Sep!$A$1:$V$3202,MATCH($B44,manifest_11Sep!$B$1:$B$3202,0),MATCH(A.Arr9sepList!I$1,manifest_11Sep!$A$1:$V$1,0))} -> Asiana Airlines | J44: {=INDEX(manifest_11Sep!$A$1:$V$3202,MATCH($B44,manifest_11Sep!$B$1:$B$3202,0),MATCH(A.Arr9sepList!J$1,manifest_11Sep!$A$1:$V$1,0))} -> OZ 8944 | ... N44: {=INDEX(manifest_11Sep!$A$1:$V$3202,MATCH($B44,manifest_11Sep!$B$1:$B$3202,0),MATCH(A.Arr9sepList!N$1,manifest_11Sep!$A$1:$V$1,0))} -> LOTTE | O44: =COUNTA(N44:N58) -> 15 | Q44: 15262385 | R44: DOUBLE | S44: {=INDEX(manifest_11Sep!$A$1:$V$3202,MATCH($B44,manifest_11Sep!$B$1:$B$3202,0),MATCH(A.Arr9sepList!S$1,manifest_11Sep!$A$1:$V$1,0))} -> 0
A45: {=INDEX(manifest_11Sep!$A$1:$V$3202,MATCH($B45,manifest_11Sep!$B$1:$B$3202,0),MATCH(A.Arr9sepList!A$1,manifest_11Sep!$A$1:$V$1,0))} -> A | B45: RBN6B4BDKSW | C45: {=INDEX(manifest_11Sep!$A$1:$V$3202,MATCH($B45,manifest_11Sep!$B$1:$B$3202,0),MATCH(A.Arr9sepList!C$1,manifest_11Sep!$A$1:$V$1,0))} -> RBN6B4BDKSW | D45: {=INDEX(manifest_11Sep!$A$1:$V$3202,MATCH($B45,manifest_11Sep!$B$1:$B$3202,0),MATCH(A.Arr9sepList!D$1,manifest_11Sep!$A$1:$V$1,0))} -> Male | E45: {=INDEX(manifest_11Sep!$A$1:$V$3202,MATCH($B45,manifest_11Sep!$B$1:$B$3202,0),MATCH(A.Arr9sepList!E$1,manifest_11Sep!$A$1:$V$1,0))} -> Jose Solomon Teope | F45: {=INDEX(manifest_11Sep!$A$1:$V$3202,MATCH($B45,manifest_11Sep!$B$1:$B$3202,0),MATCH(A.Arr9sepList!F$1,manifest_11Sep!$A$1:$V$1,0))} -> Saludes | G45: {=INDEX(manifest_11Sep!$A$1:$V$3202,MATCH($B45,manifest_11Sep!$B$1:$B$3202,0),MATCH(A.Arr9sepList!G$1,manifest_11Sep!$A$1:$V$1,0))} -> 58 | H45: {=INDEX(manifest_11Sep!$A$1:$V$3202,MATCH($B45,manifest_11Sep!$B$1:$B$3202,0),MATCH(A.Arr9sepList!H$1,manifest_11Sep!$A$1:$V$1,0))} -> Dondon Dimailig | I45: {=INDEX(manifest_11Sep!$A$1:$V$3202,MATCH($B45,manifest_11Sep!$B$1:$B$3202,0),MATCH(A.Arr9sepList!I$1,manifest_11Sep!$A$1:$V$1,0))} -> Asiana Airlines | J45: {=INDEX(manifest_11Sep!$A$1:$V$3202,MATCH($B45,manifest_11Sep!$B$1:$B$3202,0),MATCH(A.Arr9sepList!J$1,manifest_11Sep!$A$1:$V$1,0))} -> OZ 8944 | ... N45: {=INDEX(manifest_11Sep!$A$1:$V$3202,MATCH($B45,manifest_11Sep!$B$1:$B$3202,0),MATCH(A.Arr9sepList!N$1,manifest_11Sep!$A$1:$V$1,0))} -> LOTTE | Q45: 15262387 | R45: DOUBLE | S45: {=INDEX(manifest_11Sep!$A$1:$V$3202,MATCH($B45,manifest_11Sep!$B$1:$B$3202,0),MATCH(A.Arr9sepList!S$1,manifest_11Sep!$A$1:$V$1,0))} -> 0
A46: {=INDEX(manifest_11Sep!$A$1:$V$3202,MATCH($B46,manifest_11Sep!$B$1:$B$3202,0),MATCH(A.Arr9sepList!A$1,manifest_11Sep!$A$1:$V$1,0))} -> A | B46: CVNB2MWRGK8 | C46: {=INDEX(manifest_11Sep!$A$1:$V$3202,MATCH($B46,manifest_11Sep!$B$1:$B$3202,0),MATCH(A.Arr9sepList!C$1,manifest_11Sep!$A$1:$V$1,0))} -> RBN6B4BDKSW | D46: {=INDEX(manifest_11Sep!$A$1:$V$3202,MATCH($B46,manifest_11Sep!$B$1:$B$3202,0),MATCH(A.Arr9sepList!D$1,manifest_11Sep!$A$1:$V$1,0))} -> Female | E46: {=INDEX(manifest_11Sep!$A$1:$V$3202,MATCH($B46,manifest_11Sep!$B$1:$B$3202,0),MATCH(A.Arr9sepList!E$1,manifest_11Sep!$A$1:$V$1,0))} -> Consuelo Olano | F46: {=INDEX(manifest_11Sep!$A$1:$V$3202,MATCH($B46,manifest_11Sep!$B$1:$B$3202,0),MATCH(A.Arr9sepList!F$1,manifest_11Sep!$A$1:$V$1,0))} -> Saludes | G46: {=INDEX(manifest_11Sep!$A$1:$V$3202,MATCH($B46,manifest_11Sep!$B$1:$B$3202,0),MATCH(A.Arr9sepList!G$1,manifest_11Sep!$A$1:$V$1,0))} -> 54 | H46: {=INDEX(manifest_11Sep!$A$1:$V$3202,MATCH($B46,manifest_11Sep!$B$1:$B$3202,0),MATCH(A.Arr9sepList!H$1,manifest_11Sep!$A$1:$V$1,0))} -> Dondon Dimailig | I46: {=INDEX(manifest_11Sep!$A$1:$V$3202,MATCH($B46,manifest_11Sep!$B$1:$B$3202,0),MATCH(A.Arr9sepList!I$1,manifest_11Sep!$A$1:$V$1,0))} -> Asiana Airlines | J46: {=INDEX(manifest_11Sep!$A$1:$V$3202,MATCH($B46,manifest_11Sep!$B$1:$B$3202,0),MATCH(A.Arr9sepList!J$1,manifest_11Sep!$A$1:$V$1,0))} -> OZ 8944 | ... N46: {=INDEX(manifest_11Sep!$A$1:$V$3202,MATCH($B46,manifest_11Sep!$B$1:$B$3202,0),MATCH(A.Arr9sepList!N$1,manifest_11Sep!$A$1:$V$1,0))} -> LOTTE | Q46: 15262387 | R46: DOUBLE | S46: {=INDEX(manifest_11Sep!$A$1:$V$3202,MATCH($B46,manifest_11Sep!$B$1:$B$3202,0),MATCH(A.Arr9sepList!S$1,manifest_11Sep!$A$1:$V$1,0))} -> 0
A47: {=INDEX(manifest_11Sep!$A$1:$V$3202,MATCH($B47,manifest_11Sep!$B$1:$B$3202,0),MATCH(A.Arr9sepList!A$1,manifest_11Sep!$A$1:$V$1,0))} -> A | B47: 6GNY6J55YGH | C47: {=INDEX(manifest_11Sep!$A$1:$V$3202,MATCH($B47,manifest_11Sep!$B$1:$B$3202,0),MATCH(A.Arr9sepList!C$1,manifest_11Sep!$A$1:$V$1,0))} -> 6GNY6J55YGH | D47: {=INDEX(manifest_11Sep!$A$1:$V$3202,MATCH($B47,manifest_11Sep!$B$1:$B$3202,0),MATCH(A.Arr9sepList!D$1,manifest_11Sep!$A$1:$V$1,0))} -> Female | E47: {=INDEX(manifest_11Sep!$A$1:$V$3202,MATCH($B47,manifest_11Sep!$B$1:$B$3202,0),MATCH(A.Arr9sepList!E$1,manifest_11Sep!$A$1:$V$1,0))} -> Bernadette Youngsil | F47: {=INDEX(manifest_11Sep!$A$1:$V$3202,MATCH($B47,manifest_11Sep!$B$1:$B$3202,0),MATCH(A.Arr9sepList!F$1,manifest_11Sep!$A$1:$V$1,0))} -> Kim | G47: {=INDEX(manifest_11Sep!$A$1:$V$3202,MATCH($B47,manifest_11Sep!$B$1:$B$3202,0),MATCH(A.Arr9sepList!G$1,manifest_11Sep!$A$1:$V$1,0))} -> 71 | H47: {=INDEX(manifest_11Sep!$A$1:$V$3202,MATCH($B47,manifest_11Sep!$B$1:$B$3202,0),MATCH(A.Arr9sepList!H$1,manifest_11Sep!$A$1:$V$1,0))} -> Bernadette Kim | I47: {=INDEX(manifest_11Sep!$A$1:$V$3202,MATCH($B47,manifest_11Sep!$B$1:$B$3202,0),MATCH(A.Arr9sepList!I$1,manifest_11Sep!$A$1:$V$1,0))} -> Korean Air | J47: {=INDEX(manifest_11Sep!$A$1:$V$3202,MATCH($B47,manifest_11Sep!$B$1:$B$3202,0),MATCH(A.Arr9sepList!J$1,manifest_11Sep!$A$1:$V$1,0))} -> KE 1246 | ... N47: {=INDEX(manifest_11Sep!$A$1:$V$3202,MATCH($B47,manifest_11Sep!$B$1:$B$3202,0),MATCH(A.Arr9sepList!N$1,manifest_11Sep!$A$1:$V$1,0))} -> LOTTE | Q47: 15262334 | R47: DOUBLE | S47: {=INDEX(manifest_11Sep!$A$1:$V$3202,MATCH($B47,manifest_11Sep!$B$1:$B$3202,0),MATCH(A.Arr9sepList!S$1,manifest_11Sep!$A$1:$V$1,0))} -> 0
A48: {=INDEX(manifest_11Sep!$A$1:$V$3202,MATCH($B48,manifest_11Sep!$B$1:$B$3202,0),MATCH(A.Arr9sepList!A$1,manifest_11Sep!$A$1:$V$1,0))} -> A | B48: Y8NPGGR6TJB | C48: {=INDEX(manifest_11Sep!$A$1:$V$3202,MATCH($B48,manifest_11Sep!$B$1:$B$3202,0),MATCH(A.Arr9sepList!C$1,manifest_11Sep!$A$1:$V$1,0))} -> 6GNY6J55YGH | D48: {=INDEX(manifest_11Sep!$A$1:$V$3202,MATCH($B48,manifest_11Sep!$B$1:$B$3202,0),MATCH(A.Arr9sepList!D$1,manifest_11Sep!$A$1:$V$1,0))} -> Male | E48: {=INDEX(manifest_11Sep!$A$1:$V$3202,MATCH($B48,manifest_11Sep!$B$1:$B$3202,0),MATCH(A.Arr9sepList!E$1,manifest_11Sep!$A$1:$V$1,0))} -> Moon Geon | F48: {=INDEX(manifest_11Sep!$A$1:$V$3202,MATCH($B48,manifest_11Sep!$B$1:$B$3202,0),MATCH(A.Arr9sepList!F$1,manifest_11Sep!$A$1:$V$1,0))} -> Kim | G48: {=INDEX(manifest_11Sep!$A$1:$V$3202,MATCH($B48,manifest_11Sep!$B$1:$B$3202,0),MATCH(A.Arr9sepList!G$1,manifest_11Sep!$A$1:$V$1,0))} -> 73 | H48: {=INDEX(manifest_11Sep!$A$1:$V$3202,MATCH($B48,manifest_11Sep!$B$1:$B$3202,0),MATCH(A.Arr9sepList!H$1,manifest_11Sep!$A$1:$V$1,0))} -> Bernadette Kim | I48: {=INDEX(manifest_11Sep!$A$1:$V$3202,MATCH($B48,manifest_11Sep!$B$1:$B$3202,0),MATCH(A.Arr9sepList!I$1,manifest_11Sep!$A$1:$V$1,0))} -> Korean Air | J48: {=INDEX(manifest_11Sep!$A$1:$V$3202,MATCH($B48,manifest_11Sep!$B$1:$B$3202,0),MATCH(A.Arr9sepList!J$1,manifest_11Sep!$A$1:$V$1,0))} -> KE 1246 | ... N48: {=INDEX(manifest_11Sep!$A$1:$V$3202,MATCH($B48,manifest_11Sep!$B$1:$B$3202,0),MATCH(A.Arr9sepList!N$1,manifest_11Sep!$A$1:$V$1,0))} -> LOTTE | Q48: 15262334 | R48: DOUBLE | S48: {=INDEX(manifest_11Sep!$A$1:$V$3202,MATCH($B48,manifest_11Sep!$B$1:$B$3202,0),MATCH(A.Arr9sepList!S$1,manifest_11Sep!$A$1:$V$1,0))} -> 0
A49: {=INDEX(manifest_11Sep!$A$1:$V$3202,MATCH($B49,manifest_11Sep!$B$1:$B$3202,0),MATCH(A.Arr9sepList!A$1,manifest_11Sep!$A$1:$V$1,0))} -> A | B49: HZNVTPDCP4Y | C49: {=INDEX(manifest_11Sep!$A$1:$V$3202,MATCH($B49,manifest_11Sep!$B$1:$B$3202,0),MATCH(A.Arr9sepList!C$1,manifest_11Sep!$A$1:$V$1,0))} -> HZNVTPDCP4Y | D49: {=INDEX(manifest_11Sep!$A$1:$V$3202,MATCH($B49,manifest_11Sep!$B$1:$B$3202,0),MATCH(A.Arr9sepList!D$1,manifest_11Sep!$A$1:$V$1,0))} -> Female | E49: {=INDEX(manifest_11Sep!$A$1:$V$3202,MATCH($B49,manifest_11Sep!$B$1:$B$3202,0),MATCH(A.Arr9sepList!E$1,manifest_11Sep!$A$1:$V$1,0))} -> Leny Panlican | F49: {=INDEX(manifest_11Sep!$A$1:$V$3202,MATCH($B49,manifest_11Sep!$B$1:$B$3202,0),MATCH(A.Arr9sepList!F$1,manifest_11Sep!$A$1:$V$1,0))} -> David | G49: {=INDEX(manifest_11Sep!$A$1:$V$3202,MATCH($B49,manifest_11Sep!$B$1:$B$3202,0),MATCH(A.Arr9sepList!G$1,manifest_11Sep!$A$1:$V$1,0))} -> 53 | H49: {=INDEX(manifest_11Sep!$A$1:$V$3202,MATCH($B49,manifest_11Sep!$B$1:$B$3202,0),MATCH(A.Arr9sepList!H$1,manifest_11Sep!$A$1:$V$1,0))} -> John Woo 1 | I49: {=INDEX(manifest_11Sep!$A$1:$V$3202,MATCH($B49,manifest_11Sep!$B$1:$B$3202,0),MATCH(A.Arr9sepList!I$1,manifest_11Sep!$A$1:$V$1,0))} -> Korean Air | J49: {=INDEX(manifest_11Sep!$A$1:$V$3202,MATCH($B49,manifest_11Sep!$B$1:$B$3202,0),MATCH(A.Arr9sepList!J$1,manifest_11Sep!$A$1:$V$1,0))} -> KE 1246 | ... N49: {=INDEX(manifest_11Sep!$A$1:$V$3202,MATCH($B49,manifest_11Sep!$B$1:$B$3202,0),MATCH(A.Arr9sepList!N$1,manifest_11Sep!$A$1:$V$1,0))} -> LOTTE | Q49: 15262401 | R49: DOUBLE | S49: {=INDEX(manifest_11Sep!$A$1:$V$3202,MATCH($B49,manifest_11Sep!$B$1:$B$3202,0),MATCH(A.Arr9sepList!S$1,manifest_11Sep!$A$1:$V$1,0))} -> 0
A50: {=INDEX(manifest_11Sep!$A$1:$V$3202,MATCH($B50,manifest_11Sep!$B$1:$B$3202,0),MATCH(A.Arr9sepList!A$1,manifest_11Sep!$A$1:$V$1,0))} -> A | B50: PFN4HM3R4JQ | C50: {=INDEX(manifest_11Sep!$A$1:$V$3202,MATCH($B50,manifest_11Sep!$B$1:$B$3202,0),MATCH(A.Arr9sepList!C$1,manifest_11Sep!$A$1:$V$1,0))} -> PFN4HM3R4JQ | D50: {=INDEX(manifest_11Sep!$A$1:$V$3202,MATCH($B50,manifest_11Sep!$B$1:$B$3202,0),MATCH(A.Arr9sepList!D$1,manifest_11Sep!$A$1:$V$1,0))} -> Male | E50: {=INDEX(manifest_11Sep!$A$1:$V$3202,MATCH($B50,manifest_11Sep!$B$1:$B$3202,0),MATCH(A.Arr9sepList!E$1,manifest_11Sep!$A$1:$V$1,0))} -> Ernesto Barajas | F50: {=INDEX(manifest_11Sep!$A$1:$V$3202,MATCH($B50,manifest_11Sep!$B$1:$B$3202,0),MATCH(A.Arr9sepList!F$1,manifest_11Sep!$A$1:$V$1,0))} -> Bumanlag | G50: {=INDEX(manifest_11Sep!$A$1:$V$3202,MATCH($B50,manifest_11Sep!$B$1:$B$3202,0),MATCH(A.Arr9sepList!G$1,manifest_11Sep!$A$1:$V$1,0))} -> 65 | H50: {=INDEX(manifest_11Sep!$A$1:$V$3202,MATCH($B50,manifest_11Sep!$B$1:$B$3202,0),MATCH(A.Arr9sepList!H$1,manifest_11Sep!$A$1:$V$1,0))} -> John Woo 1 | I50: {=INDEX(manifest_11Sep!$A$1:$V$3202,MATCH($B50,manifest_11Sep!$B$1:$B$3202,0),MATCH(A.Arr9sepList!I$1,manifest_11Sep!$A$1:$V$1,0))} -> Korean Air | J50: {=INDEX(manifest_11Sep!$A$1:$V$3202,MATCH($B50,manifest_11Sep!$B$1:$B$3202,0),MATCH(A.Arr9sepList!J$1,manifest_11Sep!$A$1:$V$1,0))} -> KE 1246 | ... N50: {=INDEX(manifest_11Sep!$A$1:$V$3202,MATCH($B50,manifest_11Sep!$B$1:$B$3202,0),MATCH(A.Arr9sepList!N$1,manifest_11Sep!$A$1:$V$1,0))} -> LOTTE | Q50: 15262403 | R50: DOUBLE | S50: {=INDEX(manifest_11Sep!$A$1:$V$3202,MATCH($B50,manifest_11Sep!$B$1:$B$3202,0),MATCH(A.Arr9sepList!S$1,manifest_11Sep!$A$1:$V$1,0))} -> 0
A51: {=INDEX(manifest_11Sep!$A$1:$V$3202,MATCH($B51,manifest_11Sep!$B$1:$B$3202,0),MATCH(A.Arr9sepList!A$1,manifest_11Sep!$A$1:$V$1,0))} -> A | B51: LMN42CJRK4T | C51: {=INDEX(manifest_11Sep!$A$1:$V$3202,MATCH($B51,manifest_11Sep!$B$1:$B$3202,0),MATCH(A.Arr9sepList!C$1,manifest_11Sep!$A$1:$V$1,0))} -> PFN4HM3R4JQ | D51: {=INDEX(manifest_11Sep!$A$1:$V$3202,MATCH($B51,manifest_11Sep!$B$1:$B$3202,0),MATCH(A.Arr9sepList!D$1,manifest_11Sep!$A$1:$V$1,0))} -> Female | E51: {=INDEX(manifest_11Sep!$A$1:$V$3202,MATCH($B51,manifest_11Sep!$B$1:$B$3202,0),MATCH(A.Arr9sepList!E$1,manifest_11Sep!$A$1:$V$1,0))} -> Marie Grace | F51: {=INDEX(manifest_11Sep!$A$1:$V$3202,MATCH($B51,manifest_11Sep!$B$1:$B$3202,0),MATCH(A.Arr9sepList!F$1,manifest_11Sep!$A$1:$V$1,0))} -> Infante | G51: {=INDEX(manifest_11Sep!$A$1:$V$3202,MATCH($B51,manifest_11Sep!$B$1:$B$3202,0),MATCH(A.Arr9sepList!G$1,manifest_11Sep!$A$1:$V$1,0))} -> 62 | H51: {=INDEX(manifest_11Sep!$A$1:$V$3202,MATCH($B51,manifest_11Sep!$B$1:$B$3202,0),MATCH(A.Arr9sepList!H$1,manifest_11Sep!$A$1:$V$1,0))} -> John Woo 1 | I51: {=INDEX(manifest_11Sep!$A$1:$V$3202,MATCH($B51,manifest_11Sep!$B$1:$B$3202,0),MATCH(A.Arr9sepList!I$1,manifest_11Sep!$A$1:$V$1,0))} -> Korean Air | J51: {=INDEX(manifest_11Sep!$A$1:$V$3202,MATCH($B51,manifest_11Sep!$B$1:$B$3202,0),MATCH(A.Arr9sepList!J$1,manifest_11Sep!$A$1:$V$1,0))} -> KE 1246 | ... N51: {=INDEX(manifest_11Sep!$A$1:$V$3202,MATCH($B51,manifest_11Sep!$B$1:$B$3202,0),MATCH(A.Arr9sepList!N$1,manifest_11Sep!$A$1:$V$1,0))} -> LOTTE | Q51: 15262403 | R51: DOUBLE | S51: {=INDEX(manifest_11Sep!$A$1:$V$3202,MATCH($B51,manifest_11Sep!$B$1:$B$3202,0),MATCH(A.Arr9sepList!S$1,manifest_11Sep!$A$1:$V$1,0))} -> 0
A52: {=INDEX(manifest_11Sep!$A$1:$V$3202,MATCH($B52,manifest_11Sep!$B$1:$B$3202,0),MATCH(A.Arr9sepList!A$1,manifest_11Sep!$A$1:$V$1,0))} -> A | B52: VHNDY7SX7P8 | C52: {=INDEX(manifest_11Sep!$A$1:$V$3202,MATCH($B52,manifest_11Sep!$B$1:$B$3202,0),MATCH(A.Arr9sepList!C$1,manifest_11Sep!$A$1:$V$1,0))} -> VHNDY7SX7P8 | D52: {=INDEX(manifest_11Sep!$A$1:$V$3202,MATCH($B52,manifest_11Sep!$B$1:$B$3202,0),MATCH(A.Arr9sepList!D$1,manifest_11Sep!$A$1:$V$1,0))} -> Male | E52: {=INDEX(manifest_11Sep!$A$1:$V$3202,MATCH($B52,manifest_11Sep!$B$1:$B$3202,0),MATCH(A.Arr9sepList!E$1,manifest_11Sep!$A$1:$V$1,0))} -> John Sung | F52: {=INDEX(manifest_11Sep!$A$1:$V$3202,MATCH($B52,manifest_11Sep!$B$1:$B$3202,0),MATCH(A.Arr9sepList!F$1,manifest_11Sep!$A$1:$V$1,0))} -> Woo | G52: {=INDEX(manifest_11Sep!$A$1:$V$3202,MATCH($B52,manifest_11Sep!$B$1:$B$3202,0),MATCH(A.Arr9sepList!G$1,manifest_11Sep!$A$1:$V$1,0))} -> 60 | H52: {=INDEX(manifest_11Sep!$A$1:$V$3202,MATCH($B52,manifest_11Sep!$B$1:$B$3202,0),MATCH(A.Arr9sepList!H$1,manifest_11Sep!$A$1:$V$1,0))} -> John Woo 1 | I52: {=INDEX(manifest_11Sep!$A$1:$V$3202,MATCH($B52,manifest_11Sep!$B$1:$B$3202,0),MATCH(A.Arr9sepList!I$1,manifest_11Sep!$A$1:$V$1,0))} -> Korean Air | J52: {=INDEX(manifest_11Sep!$A$1:$V$3202,MATCH($B52,manifest_11Sep!$B$1:$B$3202,0),MATCH(A.Arr9sepList!J$1,manifest_11Sep!$A$1:$V$1,0))} -> KE 1246 | ... N52: {=INDEX(manifest_11Sep!$A$1:$V$3202,MATCH($B52,manifest_11Sep!$B$1:$B$3202,0),MATCH(A.Arr9sepList!N$1,manifest_11Sep!$A$1:$V$1,0))} -> LOTTE | Q52: 15262404 | R52: DOUBLE | S52: {=INDEX(manifest_11Sep!$A$1:$V$3202,MATCH($B52,manifest_11Sep!$B$1:$B$3202,0),MATCH(A.Arr9sepList!S$1,manifest_11Sep!$A$1:$V$1,0))} -> Upgrade - Junior Suite
A53: {=INDEX(manifest_11Sep!$A$1:$V$3202,MATCH($B53,manifest_11Sep!$B$1:$B$3202,0),MATCH(A.Arr9sepList!A$1,manifest_11Sep!$A$1:$V$1,0))} -> A | B53: N3N82YTFH69 | C53: {=INDEX(manifest_11Sep!$A$1:$V$3202,MATCH($B53,manifest_11Sep!$B$1:$B$3202,0),MATCH(A.Arr9sepList!C$1,manifest_11Sep!$A$1:$V$1,0))} -> VHNDY7SX7P8 | D53: {=INDEX(manifest_11Sep!$A$1:$V$3202,MATCH($B53,manifest_11Sep!$B$1:$B$3202,0),MATCH(A.Arr9sepList!D$1,manifest_11Sep!$A$1:$V$1,0))} -> Female | E53: {=INDEX(manifest_11Sep!$A$1:$V$3202,MATCH($B53,manifest_11Sep!$B$1:$B$3202,0),MATCH(A.Arr9sepList!E$1,manifest_11Sep!$A$1:$V$1,0))} -> Juliana Sung | F53: {=INDEX(manifest_11Sep!$A$1:$V$3202,MATCH($B53,manifest_11Sep!$B$1:$B$3202,0),MATCH(A.Arr9sepList!F$1,manifest_11Sep!$A$1:$V$1,0))} -> Woo | G53: {=INDEX(manifest_11Sep!$A$1:$V$3202,MATCH($B53,manifest_11Sep!$B$1:$B$3202,0),MATCH(A.Arr9sepList!G$1,manifest_11Sep!$A$1:$V$1,0))} -> 57 | H53: {=INDEX(manifest_11Sep!$A$1:$V$3202,MATCH($B53,manifest_11Sep!$B$1:$B$3202,0),MATCH(A.Arr9sepList!H$1,manifest_11Sep!$A$1:$V$1,0))} -> John Woo 1 | I53: {=INDEX(manifest_11Sep!$A$1:$V$3202,MATCH($B53,manifest_11Sep!$B$1:$B$3202,0),MATCH(A.Arr9sepList!I$1,manifest_11Sep!$A$1:$V$1,0))} -> Korean Air | J53: {=INDEX(manifest_11Sep!$A$1:$V$3202,MATCH($B53,manifest_11Sep!$B$1:$B$3202,0),MATCH(A.Arr9sepList!J$1,manifest_11Sep!$A$1:$V$1,0))} -> KE 1246 | ... N53: {=INDEX(manifest_11Sep!$A$1:$V$3202,MATCH($B53,manifest_11Sep!$B$1:$B$3202,0),MATCH(A.Arr9sepList!N$1,manifest_11Sep!$A$1:$V$1,0))} -> LOTTE | Q53: 15262404 | R53: DOUBLE | S53: {=INDEX(manifest_11Sep!$A$1:$V$3202,MATCH($B53,manifest_11Sep!$B$1:$B$3202,0),MATCH(A.Arr9sepList!S$1,manifest_11Sep!$A$1:$V$1,0))} -> 0
A54: {=INDEX(manifest_11Sep!$A$1:$V$3202,MATCH($B54,manifest_11Sep!$B$1:$B$3202,0),MATCH(A.Arr9sepList!A$1,manifest_11Sep!$A$1:$V$1,0))} -> A | B54: L8NH69LTG4N | C54: {=INDEX(manifest_11Sep!$A$1:$V$3202,MATCH($B54,manifest_11Sep!$B$1:$B$3202,0),MATCH(A.Arr9sepList!C$1,manifest_11Sep!$A$1:$V$1,0))} -> L8NH69LTG4N | D54: {=INDEX(manifest_11Sep!$A$1:$V$3202,MATCH($B54,manifest_11Sep!$B$1:$B$3202,0),MATCH(A.Arr9sepList!D$1,manifest_11Sep!$A$1:$V$1,0))} -> Female | E54: {=INDEX(manifest_11Sep!$A$1:$V$3202,MATCH($B54,manifest_11Sep!$B$1:$B$3202,0),MATCH(A.Arr9sepList!E$1,manifest_11Sep!$A$1:$V$1,0))} -> Lynette Rebuelta | F54: {=INDEX(manifest_11Sep!$A$1:$V$3202,MATCH($B54,manifest_11Sep!$B$1:$B$3202,0),MATCH(A.Arr9sepList!F$1,manifest_11Sep!$A$1:$V$1,0))} -> Astete | G54: {=INDEX(manifest_11Sep!$A$1:$V$3202,MATCH($B54,manifest_11Sep!$B$1:$B$3202,0),MATCH(A.Arr9sepList!G$1,manifest_11Sep!$A$1:$V$1,0))} -> 56 | H54: {=INDEX(manifest_11Sep!$A$1:$V$3202,MATCH($B54,manifest_11Sep!$B$1:$B$3202,0),MATCH(A.Arr9sepList!H$1,manifest_11Sep!$A$1:$V$1,0))} -> John Woo 1 | I54: {=INDEX(manifest_11Sep!$A$1:$V$3202,MATCH($B54,manifest_11Sep!$B$1:$B$3202,0),MATCH(A.Arr9sepList!I$1,manifest_11Sep!$A$1:$V$1,0))} -> Korean Air | J54: {=INDEX(manifest_11Sep!$A$1:$V$3202,MATCH($B54,manifest_11Sep!$B$1:$B$3202,0),MATCH(A.Arr9sepList!J$1,manifest_11Sep!$A$1:$V$1,0))} -> KE 1246 | ... N54: {=INDEX(manifest_11Sep!$A$1:$V$3202,MATCH($B54,manifest_11Sep!$B$1:$B$3202,0),MATCH(A.Arr9sepList!N$1,manifest_11Sep!$A$1:$V$1,0))} -> LOTTE | Q54: 15262413 | R54: TWIN | S54: {=INDEX(manifest_11Sep!$A$1:$V$3202,MATCH($B54,manifest_11Sep!$B$1:$B$3202,0),MATCH(A.Arr9sepList!S$1,manifest_11Sep!$A$1:$V$1,0))} -> 0
A55: {=INDEX(manifest_11Sep!$A$1:$V$3202,MATCH($B55,manifest_11Sep!$B$1:$B$3202,0),MATCH(A.Arr9sepList!A$1,manifest_11Sep!$A$1:$V$1,0))} -> A | B55: P5NKK33W9JJ | C55: {=INDEX(manifest_11Sep!$A$1:$V$3202,MATCH($B55,manifest_11Sep!$B$1:$B$3202,0),MATCH(A.Arr9sepList!C$1,manifest_11Sep!$A$1:$V$1,0))} -> L8NH69LTG4N | D55: {=INDEX(manifest_11Sep!$A$1:$V$3202,MATCH($B55,manifest_11Sep!$B$1:$B$3202,0),MATCH(A.Arr9sepList!D$1,manifest_11Sep!$A$1:$V$1,0))} -> Male | E55: {=INDEX(manifest_11Sep!$A$1:$V$3202,MATCH($B55,manifest_11Sep!$B$1:$B$3202,0),MATCH(A.Arr9sepList!E$1,manifest_11Sep!$A$1:$V$1,0))} -> Leandro Esdicul | F55: {=INDEX(manifest_11Sep!$A$1:$V$3202,MATCH($B55,manifest_11Sep!$B$1:$B$3202,0),MATCH(A.Arr9sepList!F$1,manifest_11Sep!$A$1:$V$1,0))} -> Astete | G55: {=INDEX(manifest_11Sep!$A$1:$V$3202,MATCH($B55,manifest_11Sep!$B$1:$B$3202,0),MATCH(A.Arr9sepList!G$1,manifest_11Sep!$A$1:$V$1,0))} -> 60 | H55: {=INDEX(manifest_11Sep!$A$1:$V$3202,MATCH($B55,manifest_11Sep!$B$1:$B$3202,0),MATCH(A.Arr9sepList!H$1,manifest_11Sep!$A$1:$V$1,0))} -> John Woo 1 | I55: {=INDEX(manifest_11Sep!$A$1:$V$3202,MATCH($B55,manifest_11Sep!$B$1:$B$3202,0),MATCH(A.Arr9sepList!I$1,manifest_11Sep!$A$1:$V$1,0))} -> Korean Air | J55: {=INDEX(manifest_11Sep!$A$1:$V$3202,MATCH($B55,manifest_11Sep!$B$1:$B$3202,0),MATCH(A.Arr9sepList!J$1,manifest_11Sep!$A$1:$V$1,0))} -> KE 1246 | ... N55: {=INDEX(manifest_11Sep!$A$1:$V$3202,MATCH($B55,manifest_11Sep!$B$1:$B$3202,0),MATCH(A.Arr9sepList!N$1,manifest_11Sep!$A$1:$V$1,0))} -> LOTTE | Q55: 15262413 | R55: TWIN | S55: {=INDEX(manifest_11Sep!$A$1:$V$3202,MATCH($B55,manifest_11Sep!$B$1:$B$3202,0),MATCH(A.Arr9sepList!S$1,manifest_11Sep!$A$1:$V$1,0))} -> 0
A56: {=INDEX(manifest_11Sep!$A$1:$V$3202,MATCH($B56,manifest_11Sep!$B$1:$B$3202,0),MATCH(A.Arr9sepList!A$1,manifest_11Sep!$A$1:$V$1,0))} -> A | B56: 8PNG5SQB244 | C56: {=INDEX(manifest_11Sep!$A$1:$V$3202,MATCH($B56,manifest_11Sep!$B$1:$B$3202,0),MATCH(A.Arr9sepList!C$1,manifest_11Sep!$A$1:$V$1,0))} -> 8PNG5SQB244 | D56: {=INDEX(manifest_11Sep!$A$1:$V$3202,MATCH($B56,manifest_11Sep!$B$1:$B$3202,0),MATCH(A.Arr9sepList!D$1,manifest_11Sep!$A$1:$V$1,0))} -> Female | E56: {=INDEX(manifest_11Sep!$A$1:$V$3202,MATCH($B56,manifest_11Sep!$B$1:$B$3202,0),MATCH(A.Arr9sepList!E$1,manifest_11Sep!$A$1:$V$1,0))} -> Yvette Ferrer | F56: {=INDEX(manifest_11Sep!$A$1:$V$3202,MATCH($B56,manifest_11Sep!$B$1:$B$3202,0),MATCH(A.Arr9sepList!F$1,manifest_11Sep!$A$1:$V$1,0))} -> Laquihon | G56: {=INDEX(manifest_11Sep!$A$1:$V$3202,MATCH($B56,manifest_11Sep!$B$1:$B$3202,0),MATCH(A.Arr9sepList!G$1,manifest_11Sep!$A$1:$V$1,0))} -> 56 | H56: {=INDEX(manifest_11Sep!$A$1:$V$3202,MATCH($B56,manifest_11Sep!$B$1:$B$3202,0),MATCH(A.Arr9sepList!H$1,manifest_11Sep!$A$1:$V$1,0))} -> John Woo 1 | I56: {=INDEX(manifest_11Sep!$A$1:$V$3202,MATCH($B56,manifest_11Sep!$B$1:$B$3202,0),MATCH(A.Arr9sepList!I$1,manifest_11Sep!$A$1:$V$1,0))} -> Korean Air | J56: {=INDEX(manifest_11Sep!$A$1:$V$3202,MATCH($B56,manifest_11Sep!$B$1:$B$3202,0),MATCH(A.Arr9sepList!J$1,manifest_11Sep!$A$1:$V$1,0))} -> KE 1246 | ... N56: {=INDEX(manifest_11Sep!$A$1:$V$3202,MATCH($B56,manifest_11Sep!$B$1:$B$3202,0),MATCH(A.Arr9sepList!N$1,manifest_11Sep!$A$1:$V$1,0))} -> LOTTE | Q56: 15262429 | R56: DOUBLE | S56: {=INDEX(manifest_11Sep!$A$1:$V$3202,MATCH($B56,manifest_11Sep!$B$1:$B$3202,0),MATCH(A.Arr9sepList!S$1,manifest_11Sep!$A$1:$V$1,0))} -> 0
... A58: {=INDEX(manifest_11Sep!$A$1:$V$3202,MATCH($B58,manifest_11Sep!$B$1:$B$3202,0),MATCH(A.Arr9sepList!A$1,manifest_11Sep!$A$1:$V$1,0))} -> A | B58: PHNFL5MB8F5 | C58: {=INDEX(manifest_11Sep!$A$1:$V$3202,MATCH($B58,manifest_11Sep!$B$1:$B$3202,0),MATCH(A.Arr9sepList!C$1,manifest_11Sep!$A$1:$V$1,0))} -> HZNVTPDCP4Y | D58: {=INDEX(manifest_11Sep!$A$1:$V$3202,MATCH($B58,manifest_11Sep!$B$1:$B$3202,0),MATCH(A.Arr9sepList!D$1,manifest_11Sep!$A$1:$V$1,0))} -> Male | E58: {=INDEX(manifest_11Sep!$A$1:$V$3202,MATCH($B58,manifest_11Sep!$B$1:$B$3202,0),MATCH(A.Arr9sepList!E$1,manifest_11Sep!$A$1:$V$1,0))} -> Eugene Cortez | F58: {=INDEX(manifest_11Sep!$A$1:$V$3202,MATCH($B58,manifest_11Sep!$B$1:$B$3202,0),MATCH(A.Arr9sepList!F$1,manifest_11Sep!$A$1:$V$1,0))} -> David | G58: {=INDEX(manifest_11Sep!$A$1:$V$3202,MATCH($B58,manifest_11Sep!$B$1:$B$3202,0),MATCH(A.Arr9sepList!G$1,manifest_11Sep!$A$1:$V$1,0))} -> 50 | H58: {=INDEX(manifest_11Sep!$A$1:$V$3202,MATCH($B58,manifest_11Sep!$B$1:$B$3202,0),MATCH(A.Arr9sepList!H$1,manifest_11Sep!$A$1:$V$1,0))} -> John Woo 1 | I58: {=INDEX(manifest_11Sep!$A$1:$V$3202,MATCH($B58,manifest_11Sep!$B$1:$B$3202,0),MATCH(A.Arr9sepList!I$1,manifest_11Sep!$A$1:$V$1,0))} -> Korean Air | J58: {=INDEX(manifest_11Sep!$A$1:$V$3202,MATCH($B58,manifest_11Sep!$B$1:$B$3202,0),MATCH(A.Arr9sepList!J$1,manifest_11Sep!$A$1:$V$1,0))} -> KE 1246 | ... N58: {=INDEX(manifest_11Sep!$A$1:$V$3202,MATCH($B58,manifest_11Sep!$B$1:$B$3202,0),MATCH(A.Arr9sepList!N$1,manifest_11Sep!$A$1:$V$1,0))} -> LOTTE | Q58: 15262401 | R58: DOUBLE | S58: {=INDEX(manifest_11Sep!$A$1:$V$3202,MATCH($B58,manifest_11Sep!$B$1:$B$3202,0),MATCH(A.Arr9sepList!S$1,manifest_11Sep!$A$1:$V$1,0))} -> 0
A59: {=INDEX(manifest_11Sep!$A$1:$V$3202,MATCH($B59,manifest_11Sep!$B$1:$B$3202,0),MATCH(A.Arr9sepList!A$1,manifest_11Sep!$A$1:$V$1,0))} -> A | B59: TQN4HR3LXLN | C59: {=INDEX(manifest_11Sep!$A$1:$V$3202,MATCH($B59,manifest_11Sep!$B$1:$B$3202,0),MATCH(A.Arr9sepList!C$1,manifest_11Sep!$A$1:$V$1,0))} -> TQN4HR3LXLN | D59: {=INDEX(manifest_11Sep!$A$1:$V$3202,MATCH($B59,manifest_11Sep!$B$1:$B$3202,0),MATCH(A.Arr9sepList!D$1,manifest_11Sep!$A$1:$V$1,0))} -> Female | E59: {=INDEX(manifest_11Sep!$A$1:$V$3202,MATCH($B59,manifest_11Sep!$B$1:$B$3202,0),MATCH(A.Arr9sepList!E$1,manifest_11Sep!$A$1:$V$1,0))} -> Jasso | F59: {=INDEX(manifest_11Sep!$A$1:$V$3202,MATCH($B59,manifest_11Sep!$B$1:$B$3202,0),MATCH(A.Arr9sepList!F$1,manifest_11Sep!$A$1:$V$1,0))} -> Deonarine | G59: {=INDEX(manifest_11Sep!$A$1:$V$3202,MATCH($B59,manifest_11Sep!$B$1:$B$3202,0),MATCH(A.Arr9sepList!G$1,manifest_11Sep!$A$1:$V$1,0))} -> 56 | H59: {=INDEX(manifest_11Sep!$A$1:$V$3202,MATCH($B59,manifest_11Sep!$B$1:$B$3202,0),MATCH(A.Arr9sepList!H$1,manifest_11Sep!$A$1:$V$1,0))} -> Racquel Slawinski | I59: {=INDEX(manifest_11Sep!$A$1:$V$3202,MATCH($B59,manifest_11Sep!$B$1:$B$3202,0),MATCH(A.Arr9sepList!I$1,manifest_11Sep!$A$1:$V$1,0))} -> T'way Air | J59: {=INDEX(manifest_11Sep!$A$1:$V$3202,MATCH($B59,manifest_11Sep!$B$1:$B$3202,0),MATCH(A.Arr9sepList!J$1,manifest_11Sep!$A$1:$V$1,0))} -> TW 722 | ... N59: {=INDEX(manifest_11Sep!$A$1:$V$3202,MATCH($B59,manifest_11Sep!$B$1:$B$3202,0),MATCH(A.Arr9sepList!N$1,manifest_11Sep!$A$1:$V$1,0))} -> INTER PARNAS | O59: =COUNTA(N59:N61) -> 3 | Q59: 46641982 | R59: TWIN | S59: {=INDEX(manifest_11Sep!$A$1:$V$3202,MATCH($B59,manifest_11Sep!$B$1:$B$3202,0),MATCH(A.Arr9sepList!S$1,manifest_11Sep!$A$1:$V$1,0))} -> 0
A60: {=INDEX(manifest_11Sep!$A$1:$V$3202,MATCH($B60,manifest_11Sep!$B$1:$B$3202,0),MATCH(A.Arr9sepList!A$1,manifest_11Sep!$A$1:$V$1,0))} -> A | B60: Z8NVKRKQR2Y | C60: {=INDEX(manifest_11Sep!$A$1:$V$3202,MATCH($B60,manifest_11Sep!$B$1:$B$3202,0),MATCH(A.Arr9sepList!C$1,manifest_11Sep!$A$1:$V$1,0))} -> TQN4HR3LXLN | D60: {=INDEX(manifest_11Sep!$A$1:$V$3202,MATCH($B60,manifest_11Sep!$B$1:$B$3202,0),MATCH(A.Arr9sepList!D$1,manifest_11Sep!$A$1:$V$1,0))} -> Female | E60: {=INDEX(manifest_11Sep!$A$1:$V$3202,MATCH($B60,manifest_11Sep!$B$1:$B$3202,0),MATCH(A.Arr9sepList!E$1,manifest_11Sep!$A$1:$V$1,0))} -> Leona-Deonarine | F60: {=INDEX(manifest_11Sep!$A$1:$V$3202,MATCH($B60,manifest_11Sep!$B$1:$B$3202,0),MATCH(A.Arr9sepList!F$1,manifest_11Sep!$A$1:$V$1,0))} -> Ramdass | G60: {=INDEX(manifest_11Sep!$A$1:$V$3202,MATCH($B60,manifest_11Sep!$B$1:$B$3202,0),MATCH(A.Arr9sepList!G$1,manifest_11Sep!$A$1:$V$1,0))} -> 50 | H60: {=INDEX(manifest_11Sep!$A$1:$V$3202,MATCH($B60,manifest_11Sep!$B$1:$B$3202,0),MATCH(A.Arr9sepList!H$1,manifest_11Sep!$A$1:$V$1,0))} -> Racquel Slawinski | I60: {=INDEX(manifest_11Sep!$A$1:$V$3202,MATCH($B60,manifest_11Sep!$B$1:$B$3202,0),MATCH(A.Arr9sepList!I$1,manifest_11Sep!$A$1:$V$1,0))} -> T'way Air | J60: {=INDEX(manifest_11Sep!$A$1:$V$3202,MATCH($B60,manifest_11Sep!$B$1:$B$3202,0),MATCH(A.Arr9sepList!J$1,manifest_11Sep!$A$1:$V$1,0))} -> TW 722 | ... N60: {=INDEX(manifest_11Sep!$A$1:$V$3202,MATCH($B60,manifest_11Sep!$B$1:$B$3202,0),MATCH(A.Arr9sepList!N$1,manifest_11Sep!$A$1:$V$1,0))} -> INTER PARNAS | Q60: 46641982 | R60: TWIN | S60: {=INDEX(manifest_11Sep!$A$1:$V$3202,MATCH($B60,manifest_11Sep!$B$1:$B$3202,0),MATCH(A.Arr9sepList!S$1,manifest_11Sep!$A$1:$V$1,0))} -> 0
A61: {=INDEX(manifest_11Sep!$A$1:$V$3202,MATCH($B61,manifest_11Sep!$B$1:$B$3202,0),MATCH(A.Arr9sepList!A$1,manifest_11Sep!$A$1:$V$1,0))} -> A | B61: Z6NG5QL7Z8J | C61: {=INDEX(manifest_11Sep!$A$1:$V$3202,MATCH($B61,manifest_11Sep!$B$1:$B$3202,0),MATCH(A.Arr9sepList!C$1,manifest_11Sep!$A$1:$V$1,0))} -> TQN4HR3LXLN | D61: {=INDEX(manifest_11Sep!$A$1:$V$3202,MATCH($B61,manifest_11Sep!$B$1:$B$3202,0),MATCH(A.Arr9sepList!D$1,manifest_11Sep!$A$1:$V$1,0))} -> Female | E61: {=INDEX(manifest_11Sep!$A$1:$V$3202,MATCH($B61,manifest_11Sep!$B$1:$B$3202,0),MATCH(A.Arr9sepList!E$1,manifest_11Sep!$A$1:$V$1,0))} -> Vitra | F61: {=INDEX(manifest_11Sep!$A$1:$V$3202,MATCH($B61,manifest_11Sep!$B$1:$B$3202,0),MATCH(A.Arr9sepList!F$1,manifest_11Sep!$A$1:$V$1,0))} -> Deonarine | G61: {=INDEX(manifest_11Sep!$A$1:$V$3202,MATCH($B61,manifest_11Sep!$B$1:$B$3202,0),MATCH(A.Arr9sepList!G$1,manifest_11Sep!$A$1:$V$1,0))} -> 48 | H61: {=INDEX(manifest_11Sep!$A$1:$V$3202,MATCH($B61,manifest_11Sep!$B$1:$B$3202,0),MATCH(A.Arr9sepList!H$1,manifest_11Sep!$A$1:$V$1,0))} -> Racquel Slawinski | I61: {=INDEX(manifest_11Sep!$A$1:$V$3202,MATCH($B61,manifest_11Sep!$B$1:$B$3202,0),MATCH(A.Arr9sepList!I$1,manifest_11Sep!$A$1:$V$1,0))} -> T'way Air | J61: {=INDEX(manifest_11Sep!$A$1:$V$3202,MATCH($B61,manifest_11Sep!$B$1:$B$3202,0),MATCH(A.Arr9sepList!J$1,manifest_11Sep!$A$1:$V$1,0))} -> TW 722 | ... N61: {=INDEX(manifest_11Sep!$A$1:$V$3202,MATCH($B61,manifest_11Sep!$B$1:$B$3202,0),MATCH(A.Arr9sepList!N$1,manifest_11Sep!$A$1:$V$1,0))} -> INTER PARNAS | Q61: 23974371 | R61: SINGLE | S61: {=INDEX(manifest_11Sep!$A$1:$V$3202,MATCH($B61,manifest_11Sep!$B$1:$B$3202,0),MATCH(A.Arr9sepList!S$1,manifest_11Sep!$A$1:$V$1,0))} -> 0
A62: {=INDEX(manifest_11Sep!$A$1:$V$3202,MATCH($B62,manifest_11Sep!$B$1:$B$3202,0),MATCH(A.Arr9sepList!A$1,manifest_11Sep!$A$1:$V$1,0))} -> A | B62: GCNPBYQ4VLL | C62: {=INDEX(manifest_11Sep!$A$1:$V$3202,MATCH($B62,manifest_11Sep!$B$1:$B$3202,0),MATCH(A.Arr9sepList!C$1,manifest_11Sep!$A$1:$V$1,0))} -> VHNDY7SX7P8 | D62: {=INDEX(manifest_11Sep!$A$1:$V$3202,MATCH($B62,manifest_11Sep!$B$1:$B$3202,0),MATCH(A.Arr9sepList!D$1,manifest_11Sep!$A$1:$V$1,0))} -> Male | E62: {=INDEX(manifest_11Sep!$A$1:$V$3202,MATCH($B62,manifest_11Sep!$B$1:$B$3202,0),MATCH(A.Arr9sepList!E$1,manifest_11Sep!$A$1:$V$1,0))} -> Simon Kyung | F62: {=INDEX(manifest_11Sep!$A$1:$V$3202,MATCH($B62,manifest_11Sep!$B$1:$B$3202,0),MATCH(A.Arr9sepList!F$1,manifest_11Sep!$A$1:$V$1,0))} -> Woo | G62: {=INDEX(manifest_11Sep!$A$1:$V$3202,MATCH($B62,manifest_11Sep!$B$1:$B$3202,0),MATCH(A.Arr9sepList!G$1,manifest_11Sep!$A$1:$V$1,0))} -> 27 | H62: {=INDEX(manifest_11Sep!$A$1:$V$3202,MATCH($B62,manifest_11Sep!$B$1:$B$3202,0),MATCH(A.Arr9sepList!H$1,manifest_11Sep!$A$1:$V$1,0))} -> John Woo 1 | I62: {=INDEX(manifest_11Sep!$A$1:$V$3202,MATCH($B62,manifest_11Sep!$B$1:$B$3202,0),MATCH(A.Arr9sepList!I$1,manifest_11Sep!$A$1:$V$1,0))} -> Korean Air | J62: {=INDEX(manifest_11Sep!$A$1:$V$3202,MATCH($B62,manifest_11Sep!$B$1:$B$3202,0),MATCH(A.Arr9sepList!J$1,manifest_11Sep!$A$1:$V$1,0))} -> KE 1250 | ... N62: {=INDEX(manifest_11Sep!$A$1:$V$3202,MATCH($B62,manifest_11Sep!$B$1:$B$3202,0),MATCH(A.Arr9sepList!N$1,manifest_11Sep!$A$1:$V$1,0))} -> LOTTE | O62: =COUNTA(N62:N64) -> 3 | Q62: 15262405 | R62: SINGLE | S62: {=INDEX(manifest_11Sep!$A$1:$V$3202,MATCH($B62,manifest_11Sep!$B$1:$B$3202,0),MATCH(A.Arr9sepList!S$1,manifest_11Sep!$A$1:$V$1,0))} -> 0
A63: {=INDEX(manifest_11Sep!$A$1:$V$3202,MATCH($B63,manifest_11Sep!$B$1:$B$3202,0),MATCH(A.Arr9sepList!A$1,manifest_11Sep!$A$1:$V$1,0))} -> A | B63: 3LNV3BBW9MJ | C63: {=INDEX(manifest_11Sep!$A$1:$V$3202,MATCH($B63,manifest_11Sep!$B$1:$B$3202,0),MATCH(A.Arr9sepList!C$1,manifest_11Sep!$A$1:$V$1,0))} -> 2NNQD34N7RM | D63: {=INDEX(manifest_11Sep!$A$1:$V$3202,MATCH($B63,manifest_11Sep!$B$1:$B$3202,0),MATCH(A.Arr9sepList!D$1,manifest_11Sep!$A$1:$V$1,0))} -> Female | E63: {=INDEX(manifest_11Sep!$A$1:$V$3202,MATCH($B63,manifest_11Sep!$B$1:$B$3202,0),MATCH(A.Arr9sepList!E$1,manifest_11Sep!$A$1:$V$1,0))} -> Moira Ysabelle Salonga | F63: {=INDEX(manifest_11Sep!$A$1:$V$3202,MATCH($B63,manifest_11Sep!$B$1:$B$3202,0),MATCH(A.Arr9sepList!F$1,manifest_11Sep!$A$1:$V$1,0))} -> De Guzman | G63: {=INDEX(manifest_11Sep!$A$1:$V$3202,MATCH($B63,manifest_11Sep!$B$1:$B$3202,0),MATCH(A.Arr9sepList!G$1,manifest_11Sep!$A$1:$V$1,0))} -> 26 | H63: {=INDEX(manifest_11Sep!$A$1:$V$3202,MATCH($B63,manifest_11Sep!$B$1:$B$3202,0),MATCH(A.Arr9sepList!H$1,manifest_11Sep!$A$1:$V$1,0))} -> John Woo 1 | I63: {=INDEX(manifest_11Sep!$A$1:$V$3202,MATCH($B63,manifest_11Sep!$B$1:$B$3202,0),MATCH(A.Arr9sepList!I$1,manifest_11Sep!$A$1:$V$1,0))} -> Korean Air | J63: {=INDEX(manifest_11Sep!$A$1:$V$3202,MATCH($B63,manifest_11Sep!$B$1:$B$3202,0),MATCH(A.Arr9sepList!J$1,manifest_11Sep!$A$1:$V$1,0))} -> KE 1250 | ... N63: {=INDEX(manifest_11Sep!$A$1:$V$3202,MATCH($B63,manifest_11Sep!$B$1:$B$3202,0),MATCH(A.Arr9sepList!N$1,manifest_11Sep!$A$1:$V$1,0))} -> LOTTE | Q63: 15262412 | R63: TWIN | S63: {=INDEX(manifest_11Sep!$A$1:$V$3202,MATCH($B63,manifest_11Sep!$B$1:$B$3202,0),MATCH(A.Arr9sepList!S$1,manifest_11Sep!$A$1:$V$1,0))} -> 0
A64: {=INDEX(manifest_11Sep!$A$1:$V$3202,MATCH($B64,manifest_11Sep!$B$1:$B$3202,0),MATCH(A.Arr9sepList!A$1,manifest_11Sep!$A$1:$V$1,0))} -> A | B64: CHN8V4F6KDL | C64: {=INDEX(manifest_11Sep!$A$1:$V$3202,MATCH($B64,manifest_11Sep!$B$1:$B$3202,0),MATCH(A.Arr9sepList!C$1,manifest_11Sep!$A$1:$V$1,0))} -> CHN8V4F6KDL | D64: {=INDEX(manifest_11Sep!$A$1:$V$3202,MATCH($B64,manifest_11Sep!$B$1:$B$3202,0),MATCH(A.Arr9sepList!D$1,manifest_11Sep!$A$1:$V$1,0))} -> Male | E64: {=INDEX(manifest_11Sep!$A$1:$V$3202,MATCH($B64,manifest_11Sep!$B$1:$B$3202,0),MATCH(A.Arr9sepList!E$1,manifest_11Sep!$A$1:$V$1,0))} -> Olabisi Ayodeji | F64: {=INDEX(manifest_11Sep!$A$1:$V$3202,MATCH($B64,manifest_11Sep!$B$1:$B$3202,0),MATCH(A.Arr9sepList!F$1,manifest_11Sep!$A$1:$V$1,0))} -> Ogunwale | G64: {=INDEX(manifest_11Sep!$A$1:$V$3202,MATCH($B64,manifest_11Sep!$B$1:$B$3202,0),MATCH(A.Arr9sepList!G$1,manifest_11Sep!$A$1:$V$1,0))} -> 41 | H64: {=INDEX(manifest_11Sep!$A$1:$V$3202,MATCH($B64,manifest_11Sep!$B$1:$B$3202,0),MATCH(A.Arr9sepList!H$1,manifest_11Sep!$A$1:$V$1,0))} -> Kenny Sowunmi | I64: {=INDEX(manifest_11Sep!$A$1:$V$3202,MATCH($B64,manifest_11Sep!$B$1:$B$3202,0),MATCH(A.Arr9sepList!I$1,manifest_11Sep!$A$1:$V$1,0))} -> Korean Air | J64: {=INDEX(manifest_11Sep!$A$1:$V$3202,MATCH($B64,manifest_11Sep!$B$1:$B$3202,0),MATCH(A.Arr9sepList!J$1,manifest_11Sep!$A$1:$V$1,0))} -> KE 1250 | ... N64: {=INDEX(manifest_11Sep!$A$1:$V$3202,MATCH($B64,manifest_11Sep!$B$1:$B$3202,0),MATCH(A.Arr9sepList!N$1,manifest_11Sep!$A$1:$V$1,0))} -> LOTTE | Q64: 15262451 | R64: TWIN | S64: {=INDEX(manifest_11Sep!$A$1:$V$3202,MATCH($B64,manifest_11Sep!$B$1:$B$3202,0),MATCH(A.Arr9sepList!S$1,manifest_11Sep!$A$1:$V$1,0))} -> 0
A65: {=INDEX(manifest_11Sep!$A$1:$V$3202,MATCH($B65,manifest_11Sep!$B$1:$B$3202,0),MATCH(A.Arr9sepList!A$1,manifest_11Sep!$A$1:$V$1,0))} -> A | B65: NSN6V6F97TZ | C65: {=INDEX(manifest_11Sep!$A$1:$V$3202,MATCH($B65,manifest_11Sep!$B$1:$B$3202,0),MATCH(A.Arr9sepList!C$1,manifest_11Sep!$A$1:$V$1,0))} -> NSN6V6F97TZ | D65: {=INDEX(manifest_11Sep!$A$1:$V$3202,MATCH($B65,manifest_11Sep!$B$1:$B$3202,0),MATCH(A.Arr9sepList!D$1,manifest_11Sep!$A$1:$V$1,0))} -> Male | E65: {=INDEX(manifest_11Sep!$A$1:$V$3202,MATCH($B65,manifest_11Sep!$B$1:$B$3202,0),MATCH(A.Arr9sepList!E$1,manifest_11Sep!$A$1:$V$1,0))} -> Armando Rafael | F65: {=INDEX(manifest_11Sep!$A$1:$V$3202,MATCH($B65,manifest_11Sep!$B$1:$B$3202,0),MATCH(A.Arr9sepList!F$1,manifest_11Sep!$A$1:$V$1,0))} -> Gil | G65: {=INDEX(manifest_11Sep!$A$1:$V$3202,MATCH($B65,manifest_11Sep!$B$1:$B$3202,0),MATCH(A.Arr9sepList!G$1,manifest_11Sep!$A$1:$V$1,0))} -> 67 | H65: {=INDEX(manifest_11Sep!$A$1:$V$3202,MATCH($B65,manifest_11Sep!$B$1:$B$3202,0),MATCH(A.Arr9sepList!H$1,manifest_11Sep!$A$1:$V$1,0))} -> Armando Gil | I65: {=INDEX(manifest_11Sep!$A$1:$V$3202,MATCH($B65,manifest_11Sep!$B$1:$B$3202,0),MATCH(A.Arr9sepList!I$1,manifest_11Sep!$A$1:$V$1,0))} -> T'way Air | J65: {=INDEX(manifest_11Sep!$A$1:$V$3202,MATCH($B65,manifest_11Sep!$B$1:$B$3202,0),MATCH(A.Arr9sepList!J$1,manifest_11Sep!$A$1:$V$1,0))} -> TW 724 | ... N65: {=INDEX(manifest_11Sep!$A$1:$V$3202,MATCH($B65,manifest_11Sep!$B$1:$B$3202,0),MATCH(A.Arr9sepList!N$1,manifest_11Sep!$A$1:$V$1,0))} -> JW MARRIOTT | O65: =COUNTA(N65:N66) -> 2 | Q65: 75988680 | R65: DOUBLE | S65: {=INDEX(manifest_11Sep!$A$1:$V$3202,MATCH($B65,manifest_11Sep!$B$1:$B$3202,0),MATCH(A.Arr9sepList!S$1,manifest_11Sep!$A$1:$V$1,0))} -> PRE TOUR: Jeju island for 2 adults: invitee, Armando Gil + guest Nhung Truong
A66: {=INDEX(manifest_11Sep!$A$1:$V$3202,MATCH($B66,manifest_11Sep!$B$1:$B$3202,0),MATCH(A.Arr9sepList!A$1,manifest_11Sep!$A$1:$V$1,0))} -> A | B66: B8NP35W3WNJ | C66: {=INDEX(manifest_11Sep!$A$1:$V$3202,MATCH($B66,manifest_11Sep!$B$1:$B$3202,0),MATCH(A.Arr9sepList!C$1,manifest_11Sep!$A$1:$V$1,0))} -> NSN6V6F97TZ | D66: {=INDEX(manifest_11Sep!$A$1:$V$3202,MATCH($B66,manifest_11Sep!$B$1:$B$3202,0),MATCH(A.Arr9sepList!D$1,manifest_11Sep!$A$1:$V$1,0))} -> Female | E66: {=INDEX(manifest_11Sep!$A$1:$V$3202,MATCH($B66,manifest_11Sep!$B$1:$B$3202,0),MATCH(A.Arr9sepList!E$1,manifest_11Sep!$A$1:$V$1,0))} -> Thi Hong Nhung | F66: {=INDEX(manifest_11Sep!$A$1:$V$3202,MATCH($B66,manifest_11Sep!$B$1:$B$3202,0),MATCH(A.Arr9sepList!F$1,manifest_11Sep!$A$1:$V$1,0))} -> Truong | G66: {=INDEX(manifest_11Sep!$A$1:$V$3202,MATCH($B66,manifest_11Sep!$B$1:$B$3202,0),MATCH(A.Arr9sepList!G$1,manifest_11Sep!$A$1:$V$1,0))} -> 47 | H66: {=INDEX(manifest_11Sep!$A$1:$V$3202,MATCH($B66,manifest_11Sep!$B$1:$B$3202,0),MATCH(A.Arr9sepList!H$1,manifest_11Sep!$A$1:$V$1,0))} -> Armando Gil | I66: {=INDEX(manifest_11Sep!$A$1:$V$3202,MATCH($B66,manifest_11Sep!$B$1:$B$3202,0),MATCH(A.Arr9sepList!I$1,manifest_11Sep!$A$1:$V$1,0))} -> T'way Air | J66: {=INDEX(manifest_11Sep!$A$1:$V$3202,MATCH($B66,manifest_11Sep!$B$1:$B$3202,0),MATCH(A.Arr9sepList!J$1,manifest_11Sep!$A$1:$V$1,0))} -> TW 724 | ... N66: {=INDEX(manifest_11Sep!$A$1:$V$3202,MATCH($B66,manifest_11Sep!$B$1:$B$3202,0),MATCH(A.Arr9sepList!N$1,manifest_11Sep!$A$1:$V$1,0))} -> JW MARRIOTT | Q66: 75988680 | R66: DOUBLE | S66: {=INDEX(manifest_11Sep!$A$1:$V$3202,MATCH($B66,manifest_11Sep!$B$1:$B$3202,0),MATCH(A.Arr9sepList!S$1,manifest_11Sep!$A$1:$V$1,0))} -> PRE TOUR: Jeju island with Invitee
A67: {=INDEX(manifest_11Sep!$A$1:$V$3202,MATCH($B67,manifest_11Sep!$B$1:$B$3202,0),MATCH(A.Arr9sepList!A$1,manifest_11Sep!$A$1:$V$1,0))} -> A | B67: KMN34TY8Z4K | C67: {=INDEX(manifest_11Sep!$A$1:$V$3202,MATCH($B67,manifest_11Sep!$B$1:$B$3202,0),MATCH(A.Arr9sepList!C$1,manifest_11Sep!$A$1:$V$1,0))} -> KMN34TY8Z4K | D67: {=INDEX(manifest_11Sep!$A$1:$V$3202,MATCH($B67,manifest_11Sep!$B$1:$B$3202,0),MATCH(A.Arr9sepList!D$1,manifest_11Sep!$A$1:$V$1,0))} -> Male | E67: {=INDEX(manifest_11Sep!$A$1:$V$3202,MATCH($B67,manifest_11Sep!$B$1:$B$3202,0),MATCH(A.Arr9sepList!E$1,manifest_11Sep!$A$1:$V$1,0))} -> Felipe | F67: {=INDEX(manifest_11Sep!$A$1:$V$3202,MATCH($B67,manifest_11Sep!$B$1:$B$3202,0),MATCH(A.Arr9sepList!F$1,manifest_11Sep!$A$1:$V$1,0))} -> Boyles | G67: {=INDEX(manifest_11Sep!$A$1:$V$3202,MATCH($B67,manifest_11Sep!$B$1:$B$3202,0),MATCH(A.Arr9sepList!G$1,manifest_11Sep!$A$1:$V$1,0))} -> 71 | H67: {=INDEX(manifest_11Sep!$A$1:$V$3202,MATCH($B67,manifest_11Sep!$B$1:$B$3202,0),MATCH(A.Arr9sepList!H$1,manifest_11Sep!$A$1:$V$1,0))} -> Philip Boyles | I67: {=INDEX(manifest_11Sep!$A$1:$V$3202,MATCH($B67,manifest_11Sep!$B$1:$B$3202,0),MATCH(A.Arr9sepList!I$1,manifest_11Sep!$A$1:$V$1,0))} -> Korean Air | J67: {=INDEX(manifest_11Sep!$A$1:$V$3202,MATCH($B67,manifest_11Sep!$B$1:$B$3202,0),MATCH(A.Arr9sepList!J$1,manifest_11Sep!$A$1:$V$1,0))} -> KE 1270 | ... N67: {=INDEX(manifest_11Sep!$A$1:$V$3202,MATCH($B67,manifest_11Sep!$B$1:$B$3202,0),MATCH(A.Arr9sepList!N$1,manifest_11Sep!$A$1:$V$1,0))} -> LOTTE | O67: =COUNTA(N67:N79) -> 13 | Q67: 15262475 | R67: DOUBLE | S67: {=INDEX(manifest_11Sep!$A$1:$V$3202,MATCH($B67,manifest_11Sep!$B$1:$B$3202,0),MATCH(A.Arr9sepList!S$1,manifest_11Sep!$A$1:$V$1,0))} -> Upgrade - Junior Suite
A68: {=INDEX(manifest_11Sep!$A$1:$V$3202,MATCH($B68,manifest_11Sep!$B$1:$B$3202,0),MATCH(A.Arr9sepList!A$1,manifest_11Sep!$A$1:$V$1,0))} -> A | B68: 33NWXYC9DHZ | C68: {=INDEX(manifest_11Sep!$A$1:$V$3202,MATCH($B68,manifest_11Sep!$B$1:$B$3202,0),MATCH(A.Arr9sepList!C$1,manifest_11Sep!$A$1:$V$1,0))} -> KMN34TY8Z4K | D68: {=INDEX(manifest_11Sep!$A$1:$V$3202,MATCH($B68,manifest_11Sep!$B$1:$B$3202,0),MATCH(A.Arr9sepList!D$1,manifest_11Sep!$A$1:$V$1,0))} -> Female | E68: {=INDEX(manifest_11Sep!$A$1:$V$3202,MATCH($B68,manifest_11Sep!$B$1:$B$3202,0),MATCH(A.Arr9sepList!E$1,manifest_11Sep!$A$1:$V$1,0))} -> Juvelyn | F68: {=INDEX(manifest_11Sep!$A$1:$V$3202,MATCH($B68,manifest_11Sep!$B$1:$B$3202,0),MATCH(A.Arr9sepList!F$1,manifest_11Sep!$A$1:$V$1,0))} -> Boyles | G68: {=INDEX(manifest_11Sep!$A$1:$V$3202,MATCH($B68,manifest_11Sep!$B$1:$B$3202,0),MATCH(A.Arr9sepList!G$1,manifest_11Sep!$A$1:$V$1,0))} -> 53 | H68: {=INDEX(manifest_11Sep!$A$1:$V$3202,MATCH($B68,manifest_11Sep!$B$1:$B$3202,0),MATCH(A.Arr9sepList!H$1,manifest_11Sep!$A$1:$V$1,0))} -> Philip Boyles | I68: {=INDEX(manifest_11Sep!$A$1:$V$3202,MATCH($B68,manifest_11Sep!$B$1:$B$3202,0),MATCH(A.Arr9sepList!I$1,manifest_11Sep!$A$1:$V$1,0))} -> Korean Air | J68: {=INDEX(manifest_11Sep!$A$1:$V$3202,MATCH($B68,manifest_11Sep!$B$1:$B$3202,0),MATCH(A.Arr9sepList!J$1,manifest_11Sep!$A$1:$V$1,0))} -> KE 1270 | ... N68: {=INDEX(manifest_11Sep!$A$1:$V$3202,MATCH($B68,manifest_11Sep!$B$1:$B$3202,0),MATCH(A.Arr9sepList!N$1,manifest_11Sep!$A$1:$V$1,0))} -> LOTTE | Q68: 15262475 | R68: DOUBLE | S68: {=INDEX(manifest_11Sep!$A$1:$V$3202,MATCH($B68,manifest_11Sep!$B$1:$B$3202,0),MATCH(A.Arr9sepList!S$1,manifest_11Sep!$A$1:$V$1,0))} -> 0
A69: {=INDEX(manifest_11Sep!$A$1:$V$3202,MATCH($B69,manifest_11Sep!$B$1:$B$3202,0),MATCH(A.Arr9sepList!A$1,manifest_11Sep!$A$1:$V$1,0))} -> A | B69: 6FNS59GQQ92 | C69: {=INDEX(manifest_11Sep!$A$1:$V$3202,MATCH($B69,manifest_11Sep!$B$1:$B$3202,0),MATCH(A.Arr9sepList!C$1,manifest_11Sep!$A$1:$V$1,0))} -> 6FNS59GQQ92 | D69: {=INDEX(manifest_11Sep!$A$1:$V$3202,MATCH($B69,manifest_11Sep!$B$1:$B$3202,0),MATCH(A.Arr9sepList!D$1,manifest_11Sep!$A$1:$V$1,0))} -> Female | E69: {=INDEX(manifest_11Sep!$A$1:$V$3202,MATCH($B69,manifest_11Sep!$B$1:$B$3202,0),MATCH(A.Arr9sepList!E$1,manifest_11Sep!$A$1:$V$1,0))} -> Maria Salvacion | F69: {=INDEX(manifest_11Sep!$A$1:$V$3202,MATCH($B69,manifest_11Sep!$B$1:$B$3202,0),MATCH(A.Arr9sepList!F$1,manifest_11Sep!$A$1:$V$1,0))} -> Moscoso | G69: {=INDEX(manifest_11Sep!$A$1:$V$3202,MATCH($B69,manifest_11Sep!$B$1:$B$3202,0),MATCH(A.Arr9sepList!G$1,manifest_11Sep!$A$1:$V$1,0))} -> 56 | H69: {=INDEX(manifest_11Sep!$A$1:$V$3202,MATCH($B69,manifest_11Sep!$B$1:$B$3202,0),MATCH(A.Arr9sepList!H$1,manifest_11Sep!$A$1:$V$1,0))} -> John Woo 1 | I69: {=INDEX(manifest_11Sep!$A$1:$V$3202,MATCH($B69,manifest_11Sep!$B$1:$B$3202,0),MATCH(A.Arr9sepList!I$1,manifest_11Sep!$A$1:$V$1,0))} -> Jeju Air | J69: {=INDEX(manifest_11Sep!$A$1:$V$3202,MATCH($B69,manifest_11Sep!$B$1:$B$3202,0),MATCH(A.Arr9sepList!J$1,manifest_11Sep!$A$1:$V$1,0))} -> 7C 126 | ... N69: {=INDEX(manifest_11Sep!$A$1:$V$3202,MATCH($B69,manifest_11Sep!$B$1:$B$3202,0),MATCH(A.Arr9sepList!N$1,manifest_11Sep!$A$1:$V$1,0))} -> LOTTE | Q69: 15262414 | R69: DOUBLE | S69: {=INDEX(manifest_11Sep!$A$1:$V$3202,MATCH($B69,manifest_11Sep!$B$1:$B$3202,0),MATCH(A.Arr9sepList!S$1,manifest_11Sep!$A$1:$V$1,0))} -> 0
A70: {=INDEX(manifest_11Sep!$A$1:$V$3202,MATCH($B70,manifest_11Sep!$B$1:$B$3202,0),MATCH(A.Arr9sepList!A$1,manifest_11Sep!$A$1:$V$1,0))} -> A | B70: ZFNBZZZ9M67 | C70: {=INDEX(manifest_11Sep!$A$1:$V$3202,MATCH($B70,manifest_11Sep!$B$1:$B$3202,0),MATCH(A.Arr9sepList!C$1,manifest_11Sep!$A$1:$V$1,0))} -> 6FNS59GQQ92 | D70: {=INDEX(manifest_11Sep!$A$1:$V$3202,MATCH($B70,manifest_11Sep!$B$1:$B$3202,0),MATCH(A.Arr9sepList!D$1,manifest_11Sep!$A$1:$V$1,0))} -> Male | E70: {=INDEX(manifest_11Sep!$A$1:$V$3202,MATCH($B70,manifest_11Sep!$B$1:$B$3202,0),MATCH(A.Arr9sepList!E$1,manifest_11Sep!$A$1:$V$1,0))} -> Arnel Quilino | F70: {=INDEX(manifest_11Sep!$A$1:$V$3202,MATCH($B70,manifest_11Sep!$B$1:$B$3202,0),MATCH(A.Arr9sepList!F$1,manifest_11Sep!$A$1:$V$1,0))} -> Moscoso | G70: {=INDEX(manifest_11Sep!$A$1:$V$3202,MATCH($B70,manifest_11Sep!$B$1:$B$3202,0),MATCH(A.Arr9sepList!G$1,manifest_11Sep!$A$1:$V$1,0))} -> 56 | H70: {=INDEX(manifest_11Sep!$A$1:$V$3202,MATCH($B70,manifest_11Sep!$B$1:$B$3202,0),MATCH(A.Arr9sepList!H$1,manifest_11Sep!$A$1:$V$1,0))} -> John Woo 1 | I70: {=INDEX(manifest_11Sep!$A$1:$V$3202,MATCH($B70,manifest_11Sep!$B$1:$B$3202,0),MATCH(A.Arr9sepList!I$1,manifest_11Sep!$A$1:$V$1,0))} -> Jeju Air | J70: {=INDEX(manifest_11Sep!$A$1:$V$3202,MATCH($B70,manifest_11Sep!$B$1:$B$3202,0),MATCH(A.Arr9sepList!J$1,manifest_11Sep!$A$1:$V$1,0))} -> 7C 126 | ... N70: {=INDEX(manifest_11Sep!$A$1:$V$3202,MATCH($B70,manifest_11Sep!$B$1:$B$3202,0),MATCH(A.Arr9sepList!N$1,manifest_11Sep!$A$1:$V$1,0))} -> LOTTE | Q70: 15262414 | R70: DOUBLE | S70: {=INDEX(manifest_11Sep!$A$1:$V$3202,MATCH($B70,manifest_11Sep!$B$1:$B$3202,0),MATCH(A.Arr9sepList!S$1,manifest_11Sep!$A$1:$V$1,0))} -> 0
A71: {=INDEX(manifest_11Sep!$A$1:$V$3202,MATCH($B71,manifest_11Sep!$B$1:$B$3202,0),MATCH(A.Arr9sepList!A$1,manifest_11Sep!$A$1:$V$1,0))} -> A | B71: ZXNMQT9TQWC | C71: {=INDEX(manifest_11Sep!$A$1:$V$3202,MATCH($B71,manifest_11Sep!$B$1:$B$3202,0),MATCH(A.Arr9sepList!C$1,manifest_11Sep!$A$1:$V$1,0))} -> 9KNPCY4VCB9 | D71: {=INDEX(manifest_11Sep!$A$1:$V$3202,MATCH($B71,manifest_11Sep!$B$1:$B$3202,0),MATCH(A.Arr9sepList!D$1,manifest_11Sep!$A$1:$V$1,0))} -> Female | E71: {=INDEX(manifest_11Sep!$A$1:$V$3202,MATCH($B71,manifest_11Sep!$B$1:$B$3202,0),MATCH(A.Arr9sepList!E$1,manifest_11Sep!$A$1:$V$1,0))} -> Anita | F71: {=INDEX(manifest_11Sep!$A$1:$V$3202,MATCH($B71,manifest_11Sep!$B$1:$B$3202,0),MATCH(A.Arr9sepList!F$1,manifest_11Sep!$A$1:$V$1,0))} -> Garduque | G71: {=INDEX(manifest_11Sep!$A$1:$V$3202,MATCH($B71,manifest_11Sep!$B$1:$B$3202,0),MATCH(A.Arr9sepList!G$1,manifest_11Sep!$A$1:$V$1,0))} -> 78 | H71: {=INDEX(manifest_11Sep!$A$1:$V$3202,MATCH($B71,manifest_11Sep!$B$1:$B$3202,0),MATCH(A.Arr9sepList!H$1,manifest_11Sep!$A$1:$V$1,0))} -> John Woo 1 | I71: {=INDEX(manifest_11Sep!$A$1:$V$3202,MATCH($B71,manifest_11Sep!$B$1:$B$3202,0),MATCH(A.Arr9sepList!I$1,manifest_11Sep!$A$1:$V$1,0))} -> Jeju Air | J71: {=INDEX(manifest_11Sep!$A$1:$V$3202,MATCH($B71,manifest_11Sep!$B$1:$B$3202,0),MATCH(A.Arr9sepList!J$1,manifest_11Sep!$A$1:$V$1,0))} -> 7C 126 | ... N71: {=INDEX(manifest_11Sep!$A$1:$V$3202,MATCH($B71,manifest_11Sep!$B$1:$B$3202,0),MATCH(A.Arr9sepList!N$1,manifest_11Sep!$A$1:$V$1,0))} -> LOTTE | Q71: 15262420 | R71: TWIN | S71: {=INDEX(manifest_11Sep!$A$1:$V$3202,MATCH($B71,manifest_11Sep!$B$1:$B$3202,0),MATCH(A.Arr9sepList!S$1,manifest_11Sep!$A$1:$V$1,0))} -> 0
A72: {=INDEX(manifest_11Sep!$A$1:$V$3202,MATCH($B72,manifest_11Sep!$B$1:$B$3202,0),MATCH(A.Arr9sepList!A$1,manifest_11Sep!$A$1:$V$1,0))} -> A | B72: FBN9WD4YWT9 | C72: {=INDEX(manifest_11Sep!$A$1:$V$3202,MATCH($B72,manifest_11Sep!$B$1:$B$3202,0),MATCH(A.Arr9sepList!C$1,manifest_11Sep!$A$1:$V$1,0))} -> FBN9WD4YWT9 | D72: {=INDEX(manifest_11Sep!$A$1:$V$3202,MATCH($B72,manifest_11Sep!$B$1:$B$3202,0),MATCH(A.Arr9sepList!D$1,manifest_11Sep!$A$1:$V$1,0))} -> Male | E72: {=INDEX(manifest_11Sep!$A$1:$V$3202,MATCH($B72,manifest_11Sep!$B$1:$B$3202,0),MATCH(A.Arr9sepList!E$1,manifest_11Sep!$A$1:$V$1,0))} -> Noel | F72: {=INDEX(manifest_11Sep!$A$1:$V$3202,MATCH($B72,manifest_11Sep!$B$1:$B$3202,0),MATCH(A.Arr9sepList!F$1,manifest_11Sep!$A$1:$V$1,0))} -> Blanco | G72: {=INDEX(manifest_11Sep!$A$1:$V$3202,MATCH($B72,manifest_11Sep!$B$1:$B$3202,0),MATCH(A.Arr9sepList!G$1,manifest_11Sep!$A$1:$V$1,0))} -> 65 | H72: {=INDEX(manifest_11Sep!$A$1:$V$3202,MATCH($B72,manifest_11Sep!$B$1:$B$3202,0),MATCH(A.Arr9sepList!H$1,manifest_11Sep!$A$1:$V$1,0))} -> John Woo 1 | I72: {=INDEX(manifest_11Sep!$A$1:$V$3202,MATCH($B72,manifest_11Sep!$B$1:$B$3202,0),MATCH(A.Arr9sepList!I$1,manifest_11Sep!$A$1:$V$1,0))} -> Jeju Air | J72: {=INDEX(manifest_11Sep!$A$1:$V$3202,MATCH($B72,manifest_11Sep!$B$1:$B$3202,0),MATCH(A.Arr9sepList!J$1,manifest_11Sep!$A$1:$V$1,0))} -> 7C 126 | ... N72: {=INDEX(manifest_11Sep!$A$1:$V$3202,MATCH($B72,manifest_11Sep!$B$1:$B$3202,0),MATCH(A.Arr9sepList!N$1,manifest_11Sep!$A$1:$V$1,0))} -> LOTTE | Q72: 15262422 | R72: DOUBLE | S72: {=INDEX(manifest_11Sep!$A$1:$V$3202,MATCH($B72,manifest_11Sep!$B$1:$B$3202,0),MATCH(A.Arr9sepList!S$1,manifest_11Sep!$A$1:$V$1,0))} -> 0
A73: {=INDEX(manifest_11Sep!$A$1:$V$3202,MATCH($B73,manifest_11Sep!$B$1:$B$3202,0),MATCH(A.Arr9sepList!A$1,manifest_11Sep!$A$1:$V$1,0))} -> A | B73: H8N8H8LZWX9 | C73: {=INDEX(manifest_11Sep!$A$1:$V$3202,MATCH($B73,manifest_11Sep!$B$1:$B$3202,0),MATCH(A.Arr9sepList!C$1,manifest_11Sep!$A$1:$V$1,0))} -> FBN9WD4YWT9 | D73: {=INDEX(manifest_11Sep!$A$1:$V$3202,MATCH($B73,manifest_11Sep!$B$1:$B$3202,0),MATCH(A.Arr9sepList!D$1,manifest_11Sep!$A$1:$V$1,0))} -> Female | E73: {=INDEX(manifest_11Sep!$A$1:$V$3202,MATCH($B73,manifest_11Sep!$B$1:$B$3202,0),MATCH(A.Arr9sepList!E$1,manifest_11Sep!$A$1:$V$1,0))} -> Elenita | F73: {=INDEX(manifest_11Sep!$A$1:$V$3202,MATCH($B73,manifest_11Sep!$B$1:$B$3202,0),MATCH(A.Arr9sepList!F$1,manifest_11Sep!$A$1:$V$1,0))} -> Penano | G73: {=INDEX(manifest_11Sep!$A$1:$V$3202,MATCH($B73,manifest_11Sep!$B$1:$B$3202,0),MATCH(A.Arr9sepList!G$1,manifest_11Sep!$A$1:$V$1,0))} -> 57 | H73: {=INDEX(manifest_11Sep!$A$1:$V$3202,MATCH($B73,manifest_11Sep!$B$1:$B$3202,0),MATCH(A.Arr9sepList!H$1,manifest_11Sep!$A$1:$V$1,0))} -> John Woo 1 | I73: {=INDEX(manifest_11Sep!$A$1:$V$3202,MATCH($B73,manifest_11Sep!$B$1:$B$3202,0),MATCH(A.Arr9sepList!I$1,manifest_11Sep!$A$1:$V$1,0))} -> Jeju Air | J73: {=INDEX(manifest_11Sep!$A$1:$V$3202,MATCH($B73,manifest_11Sep!$B$1:$B$3202,0),MATCH(A.Arr9sepList!J$1,manifest_11Sep!$A$1:$V$1,0))} -> 7C 126 | ... N73: {=INDEX(manifest_11Sep!$A$1:$V$3202,MATCH($B73,manifest_11Sep!$B$1:$B$3202,0),MATCH(A.Arr9sepList!N$1,manifest_11Sep!$A$1:$V$1,0))} -> LOTTE | Q73: 15262422 | R73: DOUBLE | S73: {=INDEX(manifest_11Sep!$A$1:$V$3202,MATCH($B73,manifest_11Sep!$B$1:$B$3202,0),MATCH(A.Arr9sepList!S$1,manifest_11Sep!$A$1:$V$1,0))} -> 0
A74: {=INDEX(manifest_11Sep!$A$1:$V$3202,MATCH($B74,manifest_11Sep!$B$1:$B$3202,0),MATCH(A.Arr9sepList!A$1,manifest_11Sep!$A$1:$V$1,0))} -> A | B74: F3NF56HQDJV | C74: {=INDEX(manifest_11Sep!$A$1:$V$3202,MATCH($B74,manifest_11Sep!$B$1:$B$3202,0),MATCH(A.Arr9sepList!C$1,manifest_11Sep!$A$1:$V$1,0))} -> F3NF56HQDJV | D74: {=INDEX(manifest_11Sep!$A$1:$V$3202,MATCH($B74,manifest_11Sep!$B$1:$B$3202,0),MATCH(A.Arr9sepList!D$1,manifest_11Sep!$A$1:$V$1,0))} -> Male | E74: {=INDEX(manifest_11Sep!$A$1:$V$3202,MATCH($B74,manifest_11Sep!$B$1:$B$3202,0),MATCH(A.Arr9sepList!E$1,manifest_11Sep!$A$1:$V$1,0))} -> Rakesh | F74: {=INDEX(manifest_11Sep!$A$1:$V$3202,MATCH($B74,manifest_11Sep!$B$1:$B$3202,0),MATCH(A.Arr9sepList!F$1,manifest_11Sep!$A$1:$V$1,0))} -> Thanakunnath Kana | G74: {=INDEX(manifest_11Sep!$A$1:$V$3202,MATCH($B74,manifest_11Sep!$B$1:$B$3202,0),MATCH(A.Arr9sepList!G$1,manifest_11Sep!$A$1:$V$1,0))} -> 37 | H74: {=INDEX(manifest_11Sep!$A$1:$V$3202,MATCH($B74,manifest_11Sep!$B$1:$B$3202,0),MATCH(A.Arr9sepList!H$1,manifest_11Sep!$A$1:$V$1,0))} -> John Woo 2 | I74: {=INDEX(manifest_11Sep!$A$1:$V$3202,MATCH($B74,manifest_11Sep!$B$1:$B$3202,0),MATCH(A.Arr9sepList!I$1,manifest_11Sep!$A$1:$V$1,0))} -> Jin Air | J74: {=INDEX(manifest_11Sep!$A$1:$V$3202,MATCH($B74,manifest_11Sep!$B$1:$B$3202,0),MATCH(A.Arr9sepList!J$1,manifest_11Sep!$A$1:$V$1,0))} -> LJ 510 | ... N74: {=INDEX(manifest_11Sep!$A$1:$V$3202,MATCH($B74,manifest_11Sep!$B$1:$B$3202,0),MATCH(A.Arr9sepList!N$1,manifest_11Sep!$A$1:$V$1,0))} -> LOTTE | Q74: 15262438 | R74: DOUBLE | S74: {=INDEX(manifest_11Sep!$A$1:$V$3202,MATCH($B74,manifest_11Sep!$B$1:$B$3202,0),MATCH(A.Arr9sepList!S$1,manifest_11Sep!$A$1:$V$1,0))} -> 1 room has 2 adults + 1 child + 1 infant
A75: {=INDEX(manifest_11Sep!$A$1:$V$3202,MATCH($B75,manifest_11Sep!$B$1:$B$3202,0),MATCH(A.Arr9sepList!A$1,manifest_11Sep!$A$1:$V$1,0))} -> A | B75: 9NN3W6NFFK9 | C75: {=INDEX(manifest_11Sep!$A$1:$V$3202,MATCH($B75,manifest_11Sep!$B$1:$B$3202,0),MATCH(A.Arr9sepList!C$1,manifest_11Sep!$A$1:$V$1,0))} -> F3NF56HQDJV | D75: {=INDEX(manifest_11Sep!$A$1:$V$3202,MATCH($B75,manifest_11Sep!$B$1:$B$3202,0),MATCH(A.Arr9sepList!D$1,manifest_11Sep!$A$1:$V$1,0))} -> Female | E75: {=INDEX(manifest_11Sep!$A$1:$V$3202,MATCH($B75,manifest_11Sep!$B$1:$B$3202,0),MATCH(A.Arr9sepList!E$1,manifest_11Sep!$A$1:$V$1,0))} -> Jenny | F75: {=INDEX(manifest_11Sep!$A$1:$V$3202,MATCH($B75,manifest_11Sep!$B$1:$B$3202,0),MATCH(A.Arr9sepList!F$1,manifest_11Sep!$A$1:$V$1,0))} -> Rakesh | G75: {=INDEX(manifest_11Sep!$A$1:$V$3202,MATCH($B75,manifest_11Sep!$B$1:$B$3202,0),MATCH(A.Arr9sepList!G$1,manifest_11Sep!$A$1:$V$1,0))} -> 36 | H75: {=INDEX(manifest_11Sep!$A$1:$V$3202,MATCH($B75,manifest_11Sep!$B$1:$B$3202,0),MATCH(A.Arr9sepList!H$1,manifest_11Sep!$A$1:$V$1,0))} -> John Woo 2 | I75: {=INDEX(manifest_11Sep!$A$1:$V$3202,MATCH($B75,manifest_11Sep!$B$1:$B$3202,0),MATCH(A.Arr9sepList!I$1,manifest_11Sep!$A$1:$V$1,0))} -> Jin Air | J75: {=INDEX(manifest_11Sep!$A$1:$V$3202,MATCH($B75,manifest_11Sep!$B$1:$B$3202,0),MATCH(A.Arr9sepList!J$1,manifest_11Sep!$A$1:$V$1,0))} -> LJ 510 | ... N75: {=INDEX(manifest_11Sep!$A$1:$V$3202,MATCH($B75,manifest_11Sep!$B$1:$B$3202,0),MATCH(A.Arr9sepList!N$1,manifest_11Sep!$A$1:$V$1,0))} -> LOTTE | Q75: 15262438 | R75: DOUBLE | S75: {=INDEX(manifest_11Sep!$A$1:$V$3202,MATCH($B75,manifest_11Sep!$B$1:$B$3202,0),MATCH(A.Arr9sepList!S$1,manifest_11Sep!$A$1:$V$1,0))} -> 0
A76: {=INDEX(manifest_11Sep!$A$1:$V$3202,MATCH($B76,manifest_11Sep!$B$1:$B$3202,0),MATCH(A.Arr9sepList!A$1,manifest_11Sep!$A$1:$V$1,0))} -> A | B76: F5NHW6WLD98 | C76: {=INDEX(manifest_11Sep!$A$1:$V$3202,MATCH($B76,manifest_11Sep!$B$1:$B$3202,0),MATCH(A.Arr9sepList!C$1,manifest_11Sep!$A$1:$V$1,0))} -> F3NF56HQDJV | D76: {=INDEX(manifest_11Sep!$A$1:$V$3202,MATCH($B76,manifest_11Sep!$B$1:$B$3202,0),MATCH(A.Arr9sepList!D$1,manifest_11Sep!$A$1:$V$1,0))} -> Female | E76: {=INDEX(manifest_11Sep!$A$1:$V$3202,MATCH($B76,manifest_11Sep!$B$1:$B$3202,0),MATCH(A.Arr9sepList!E$1,manifest_11Sep!$A$1:$V$1,0))} -> Eva | F76: {=INDEX(manifest_11Sep!$A$1:$V$3202,MATCH($B76,manifest_11Sep!$B$1:$B$3202,0),MATCH(A.Arr9sepList!F$1,manifest_11Sep!$A$1:$V$1,0))} -> Kana | G76: {=INDEX(manifest_11Sep!$A$1:$V$3202,MATCH($B76,manifest_11Sep!$B$1:$B$3202,0),MATCH(A.Arr9sepList!G$1,manifest_11Sep!$A$1:$V$1,0))} -> 5 | H76: {=INDEX(manifest_11Sep!$A$1:$V$3202,MATCH($B76,manifest_11Sep!$B$1:$B$3202,0),MATCH(A.Arr9sepList!H$1,manifest_11Sep!$A$1:$V$1,0))} -> John Woo 2 | I76: {=INDEX(manifest_11Sep!$A$1:$V$3202,MATCH($B76,manifest_11Sep!$B$1:$B$3202,0),MATCH(A.Arr9sepList!I$1,manifest_11Sep!$A$1:$V$1,0))} -> Jin Air | J76: {=INDEX(manifest_11Sep!$A$1:$V$3202,MATCH($B76,manifest_11Sep!$B$1:$B$3202,0),MATCH(A.Arr9sepList!J$1,manifest_11Sep!$A$1:$V$1,0))} -> LJ 510 | ... N76: {=INDEX(manifest_11Sep!$A$1:$V$3202,MATCH($B76,manifest_11Sep!$B$1:$B$3202,0),MATCH(A.Arr9sepList!N$1,manifest_11Sep!$A$1:$V$1,0))} -> LOTTE | Q76: 15262438 | R76: DOUBLE | S76: {=INDEX(manifest_11Sep!$A$1:$V$3202,MATCH($B76,manifest_11Sep!$B$1:$B$3202,0),MATCH(A.Arr9sepList!S$1,manifest_11Sep!$A$1:$V$1,0))} -> 0
A77: {=INDEX(manifest_11Sep!$A$1:$V$3202,MATCH($B77,manifest_11Sep!$B$1:$B$3202,0),MATCH(A.Arr9sepList!A$1,manifest_11Sep!$A$1:$V$1,0))} -> A | B77: LGNMNVZ3MMK | C77: {=INDEX(manifest_11Sep!$A$1:$V$3202,MATCH($B77,manifest_11Sep!$B$1:$B$3202,0),MATCH(A.Arr9sepList!C$1,manifest_11Sep!$A$1:$V$1,0))} -> F3NF56HQDJV | D77: {=INDEX(manifest_11Sep!$A$1:$V$3202,MATCH($B77,manifest_11Sep!$B$1:$B$3202,0),MATCH(A.Arr9sepList!D$1,manifest_11Sep!$A$1:$V$1,0))} -> Male | E77: {=INDEX(manifest_11Sep!$A$1:$V$3202,MATCH($B77,manifest_11Sep!$B$1:$B$3202,0),MATCH(A.Arr9sepList!E$1,manifest_11Sep!$A$1:$V$1,0))} -> Edd | F77: {=INDEX(manifest_11Sep!$A$1:$V$3202,MATCH($B77,manifest_11Sep!$B$1:$B$3202,0),MATCH(A.Arr9sepList!F$1,manifest_11Sep!$A$1:$V$1,0))} -> Kana | G77: {=INDEX(manifest_11Sep!$A$1:$V$3202,MATCH($B77,manifest_11Sep!$B$1:$B$3202,0),MATCH(A.Arr9sepList!G$1,manifest_11Sep!$A$1:$V$1,0))} -> 1 | H77: {=INDEX(manifest_11Sep!$A$1:$V$3202,MATCH($B77,manifest_11Sep!$B$1:$B$3202,0),MATCH(A.Arr9sepList!H$1,manifest_11Sep!$A$1:$V$1,0))} -> John Woo 2 | I77: {=INDEX(manifest_11Sep!$A$1:$V$3202,MATCH($B77,manifest_11Sep!$B$1:$B$3202,0),MATCH(A.Arr9sepList!I$1,manifest_11Sep!$A$1:$V$1,0))} -> Jin Air | J77: {=INDEX(manifest_11Sep!$A$1:$V$3202,MATCH($B77,manifest_11Sep!$B$1:$B$3202,0),MATCH(A.Arr9sepList!J$1,manifest_11Sep!$A$1:$V$1,0))} -> LJ 510 | ... N77: {=INDEX(manifest_11Sep!$A$1:$V$3202,MATCH($B77,manifest_11Sep!$B$1:$B$3202,0),MATCH(A.Arr9sepList!N$1,manifest_11Sep!$A$1:$V$1,0))} -> LOTTE | Q77: 15262438 | R77: DOUBLE | S77: {=INDEX(manifest_11Sep!$A$1:$V$3202,MATCH($B77,manifest_11Sep!$B$1:$B$3202,0),MATCH(A.Arr9sepList!S$1,manifest_11Sep!$A$1:$V$1,0))} -> 0
A78: {=INDEX(manifest_11Sep!$A$1:$V$3202,MATCH($B78,manifest_11Sep!$B$1:$B$3202,0),MATCH(A.Arr9sepList!A$1,manifest_11Sep!$A$1:$V$1,0))} -> A | B78: PWN39QQZR6C | C78: {=INDEX(manifest_11Sep!$A$1:$V$3202,MATCH($B78,manifest_11Sep!$B$1:$B$3202,0),MATCH(A.Arr9sepList!C$1,manifest_11Sep!$A$1:$V$1,0))} -> PWN39QQZR6C | D78: {=INDEX(manifest_11Sep!$A$1:$V$3202,MATCH($B78,manifest_11Sep!$B$1:$B$3202,0),MATCH(A.Arr9sepList!D$1,manifest_11Sep!$A$1:$V$1,0))} -> Male | E78: {=INDEX(manifest_11Sep!$A$1:$V$3202,MATCH($B78,manifest_11Sep!$B$1:$B$3202,0),MATCH(A.Arr9sepList!E$1,manifest_11Sep!$A$1:$V$1,0))} -> Sofela Kehinde | F78: {=INDEX(manifest_11Sep!$A$1:$V$3202,MATCH($B78,manifest_11Sep!$B$1:$B$3202,0),MATCH(A.Arr9sepList!F$1,manifest_11Sep!$A$1:$V$1,0))} -> Sowunmi | G78: {=INDEX(manifest_11Sep!$A$1:$V$3202,MATCH($B78,manifest_11Sep!$B$1:$B$3202,0),MATCH(A.Arr9sepList!G$1,manifest_11Sep!$A$1:$V$1,0))} -> 55 | H78: {=INDEX(manifest_11Sep!$A$1:$V$3202,MATCH($B78,manifest_11Sep!$B$1:$B$3202,0),MATCH(A.Arr9sepList!H$1,manifest_11Sep!$A$1:$V$1,0))} -> Kenny Sowunmi | I78: {=INDEX(manifest_11Sep!$A$1:$V$3202,MATCH($B78,manifest_11Sep!$B$1:$B$3202,0),MATCH(A.Arr9sepList!I$1,manifest_11Sep!$A$1:$V$1,0))} -> Jin Air | J78: {=INDEX(manifest_11Sep!$A$1:$V$3202,MATCH($B78,manifest_11Sep!$B$1:$B$3202,0),MATCH(A.Arr9sepList!J$1,manifest_11Sep!$A$1:$V$1,0))} -> LJ 510 | ... N78: {=INDEX(manifest_11Sep!$A$1:$V$3202,MATCH($B78,manifest_11Sep!$B$1:$B$3202,0),MATCH(A.Arr9sepList!N$1,manifest_11Sep!$A$1:$V$1,0))} -> LOTTE | Q78: 15262452 | R78: DOUBLE | S78: {=INDEX(manifest_11Sep!$A$1:$V$3202,MATCH($B78,manifest_11Sep!$B$1:$B$3202,0),MATCH(A.Arr9sepList!S$1,manifest_11Sep!$A$1:$V$1,0))} -> Upgrade - Junior Suite
A79: {=INDEX(manifest_11Sep!$A$1:$V$3202,MATCH($B79,manifest_11Sep!$B$1:$B$3202,0),MATCH(A.Arr9sepList!A$1,manifest_11Sep!$A$1:$V$1,0))} -> A | B79: N5NFYSCCCGH | C79: {=INDEX(manifest_11Sep!$A$1:$V$3202,MATCH($B79,manifest_11Sep!$B$1:$B$3202,0),MATCH(A.Arr9sepList!C$1,manifest_11Sep!$A$1:$V$1,0))} -> PWN39QQZR6C | D79: {=INDEX(manifest_11Sep!$A$1:$V$3202,MATCH($B79,manifest_11Sep!$B$1:$B$3202,0),MATCH(A.Arr9sepList!D$1,manifest_11Sep!$A$1:$V$1,0))} -> Female | E79: {=INDEX(manifest_11Sep!$A$1:$V$3202,MATCH($B79,manifest_11Sep!$B$1:$B$3202,0),MATCH(A.Arr9sepList!E$1,manifest_11Sep!$A$1:$V$1,0))} -> Abisola Ayodele | F79: {=INDEX(manifest_11Sep!$A$1:$V$3202,MATCH($B79,manifest_11Sep!$B$1:$B$3202,0),MATCH(A.Arr9sepList!F$1,manifest_11Sep!$A$1:$V$1,0))} -> Sowunmi | G79: {=INDEX(manifest_11Sep!$A$1:$V$3202,MATCH($B79,manifest_11Sep!$B$1:$B$3202,0),MATCH(A.Arr9sepList!G$1,manifest_11Sep!$A$1:$V$1,0))} -> 57 | H79: {=INDEX(manifest_11Sep!$A$1:$V$3202,MATCH($B79,manifest_11Sep!$B$1:$B$3202,0),MATCH(A.Arr9sepList!H$1,manifest_11Sep!$A$1:$V$1,0))} -> Kenny Sowunmi | I79: {=INDEX(manifest_11Sep!$A$1:$V$3202,MATCH($B79,manifest_11Sep!$B$1:$B$3202,0),MATCH(A.Arr9sepList!I$1,manifest_11Sep!$A$1:$V$1,0))} -> Jin Air | J79: {=INDEX(manifest_11Sep!$A$1:$V$3202,MATCH($B79,manifest_11Sep!$B$1:$B$3202,0),MATCH(A.Arr9sepList!J$1,manifest_11Sep!$A$1:$V$1,0))} -> LJ 510 | ... N79: {=INDEX(manifest_11Sep!$A$1:$V$3202,MATCH($B79,manifest_11Sep!$B$1:$B$3202,0),MATCH(A.Arr9sepList!N$1,manifest_11Sep!$A$1:$V$1,0))} -> LOTTE | Q79: 15262452 | R79: DOUBLE | S79: {=INDEX(manifest_11Sep!$A$1:$V$3202,MATCH($B79,manifest_11Sep!$B$1:$B$3202,0),MATCH(A.Arr9sepList!S$1,manifest_11Sep!$A$1:$V$1,0))} -> 0
A80: {=INDEX(manifest_11Sep!$A$1:$V$3202,MATCH($B80,manifest_11Sep!$B$1:$B$3202,0),MATCH(A.Arr9sepList!A$1,manifest_11Sep!$A$1:$V$1,0))} -> A | B80: 75N8622HJTF | C80: {=INDEX(manifest_11Sep!$A$1:$V$3202,MATCH($B80,manifest_11Sep!$B$1:$B$3202,0),MATCH(A.Arr9sepList!C$1,manifest_11Sep!$A$1:$V$1,0))} -> 75N8622HJTF | D80: {=INDEX(manifest_11Sep!$A$1:$V$3202,MATCH($B80,manifest_11Sep!$B$1:$B$3202,0),MATCH(A.Arr9sepList!D$1,manifest_11Sep!$A$1:$V$1,0))} -> Male | E80: {=INDEX(manifest_11Sep!$A$1:$V$3202,MATCH($B80,manifest_11Sep!$B$1:$B$3202,0),MATCH(A.Arr9sepList!E$1,manifest_11Sep!$A$1:$V$1,0))} -> Frantz | F80: {=INDEX(manifest_11Sep!$A$1:$V$3202,MATCH($B80,manifest_11Sep!$B$1:$B$3202,0),MATCH(A.Arr9sepList!F$1,manifest_11Sep!$A$1:$V$1,0))} -> Prinvil | G80: {=INDEX(manifest_11Sep!$A$1:$V$3202,MATCH($B80,manifest_11Sep!$B$1:$B$3202,0),MATCH(A.Arr9sepList!G$1,manifest_11Sep!$A$1:$V$1,0))} -> 56 | H80: {=INDEX(manifest_11Sep!$A$1:$V$3202,MATCH($B80,manifest_11Sep!$B$1:$B$3202,0),MATCH(A.Arr9sepList!H$1,manifest_11Sep!$A$1:$V$1,0))} -> Alicia Nguyen 4 | I80: {=INDEX(manifest_11Sep!$A$1:$V$3202,MATCH($B80,manifest_11Sep!$B$1:$B$3202,0),MATCH(A.Arr9sepList!I$1,manifest_11Sep!$A$1:$V$1,0))} -> Korean Air | J80: {=INDEX(manifest_11Sep!$A$1:$V$3202,MATCH($B80,manifest_11Sep!$B$1:$B$3202,0),MATCH(A.Arr9sepList!J$1,manifest_11Sep!$A$1:$V$1,0))} -> KE 2104 | ... N80: {=INDEX(manifest_11Sep!$A$1:$V$3202,MATCH($B80,manifest_11Sep!$B$1:$B$3202,0),MATCH(A.Arr9sepList!N$1,manifest_11Sep!$A$1:$V$1,0))} -> JW MARRIOTT | O80: =COUNTA(N80:N81) -> 2 | Q80: 75987342 | R80: DOUBLE | S80: {=INDEX(manifest_11Sep!$A$1:$V$3202,MATCH($B80,manifest_11Sep!$B$1:$B$3202,0),MATCH(A.Arr9sepList!S$1,manifest_11Sep!$A$1:$V$1,0))} -> 0
A81: {=INDEX(manifest_11Sep!$A$1:$V$3202,MATCH($B81,manifest_11Sep!$B$1:$B$3202,0),MATCH(A.Arr9sepList!A$1,manifest_11Sep!$A$1:$V$1,0))} -> A | B81: 9YNPCJFNVRQ | C81: {=INDEX(manifest_11Sep!$A$1:$V$3202,MATCH($B81,manifest_11Sep!$B$1:$B$3202,0),MATCH(A.Arr9sepList!C$1,manifest_11Sep!$A$1:$V$1,0))} -> 75N8622HJTF | D81: {=INDEX(manifest_11Sep!$A$1:$V$3202,MATCH($B81,manifest_11Sep!$B$1:$B$3202,0),MATCH(A.Arr9sepList!D$1,manifest_11Sep!$A$1:$V$1,0))} -> Male | E81: {=INDEX(manifest_11Sep!$A$1:$V$3202,MATCH($B81,manifest_11Sep!$B$1:$B$3202,0),MATCH(A.Arr9sepList!E$1,manifest_11Sep!$A$1:$V$1,0))} -> Jose Luis | F81: {=INDEX(manifest_11Sep!$A$1:$V$3202,MATCH($B81,manifest_11Sep!$B$1:$B$3202,0),MATCH(A.Arr9sepList!F$1,manifest_11Sep!$A$1:$V$1,0))} -> Castillo Alvarez | G81: {=INDEX(manifest_11Sep!$A$1:$V$3202,MATCH($B81,manifest_11Sep!$B$1:$B$3202,0),MATCH(A.Arr9sepList!G$1,manifest_11Sep!$A$1:$V$1,0))} -> 56 | H81: {=INDEX(manifest_11Sep!$A$1:$V$3202,MATCH($B81,manifest_11Sep!$B$1:$B$3202,0),MATCH(A.Arr9sepList!H$1,manifest_11Sep!$A$1:$V$1,0))} -> Alicia Nguyen 4 | I81: {=INDEX(manifest_11Sep!$A$1:$V$3202,MATCH($B81,manifest_11Sep!$B$1:$B$3202,0),MATCH(A.Arr9sepList!I$1,manifest_11Sep!$A$1:$V$1,0))} -> Korean Air | J81: {=INDEX(manifest_11Sep!$A$1:$V$3202,MATCH($B81,manifest_11Sep!$B$1:$B$3202,0),MATCH(A.Arr9sepList!J$1,manifest_11Sep!$A$1:$V$1,0))} -> KE 2104 | ... N81: {=INDEX(manifest_11Sep!$A$1:$V$3202,MATCH($B81,manifest_11Sep!$B$1:$B$3202,0),MATCH(A.Arr9sepList!N$1,manifest_11Sep!$A$1:$V$1,0))} -> JW MARRIOTT | Q81: 75987342 | R81: DOUBLE | S81: {=INDEX(manifest_11Sep!$A$1:$V$3202,MATCH($B81,manifest_11Sep!$B$1:$B$3202,0),MATCH(A.Arr9sepList!S$1,manifest_11Sep!$A$1:$V$1,0))} -> 0
A82: {=INDEX(manifest_11Sep!$A$1:$V$3202,MATCH($B82,manifest_11Sep!$B$1:$B$3202,0),MATCH(A.Arr9sepList!A$1,manifest_11Sep!$A$1:$V$1,0))} -> A | B82: V7ND7QWQH8B | C82: {=INDEX(manifest_11Sep!$A$1:$V$3202,MATCH($B82,manifest_11Sep!$B$1:$B$3202,0),MATCH(A.Arr9sepList!C$1,manifest_11Sep!$A$1:$V$1,0))} -> V7ND7QWQH8B | D82: {=INDEX(manifest_11Sep!$A$1:$V$3202,MATCH($B82,manifest_11Sep!$B$1:$B$3202,0),MATCH(A.Arr9sepList!D$1,manifest_11Sep!$A$1:$V$1,0))} -> Female | E82: {=INDEX(manifest_11Sep!$A$1:$V$3202,MATCH($B82,manifest_11Sep!$B$1:$B$3202,0),MATCH(A.Arr9sepList!E$1,manifest_11Sep!$A$1:$V$1,0))} -> Dianelle | F82: {=INDEX(manifest_11Sep!$A$1:$V$3202,MATCH($B82,manifest_11Sep!$B$1:$B$3202,0),MATCH(A.Arr9sepList!F$1,manifest_11Sep!$A$1:$V$1,0))} -> Manalo | G82: {=INDEX(manifest_11Sep!$A$1:$V$3202,MATCH($B82,manifest_11Sep!$B$1:$B$3202,0),MATCH(A.Arr9sepList!G$1,manifest_11Sep!$A$1:$V$1,0))} -> 42 | H82: {=INDEX(manifest_11Sep!$A$1:$V$3202,MATCH($B82,manifest_11Sep!$B$1:$B$3202,0),MATCH(A.Arr9sepList!H$1,manifest_11Sep!$A$1:$V$1,0))} -> Maricel Goyena | I82: {=INDEX(manifest_11Sep!$A$1:$V$3202,MATCH($B82,manifest_11Sep!$B$1:$B$3202,0),MATCH(A.Arr9sepList!I$1,manifest_11Sep!$A$1:$V$1,0))} -> All Nippon Airways | J82: {=INDEX(manifest_11Sep!$A$1:$V$3202,MATCH($B82,manifest_11Sep!$B$1:$B$3202,0),MATCH(A.Arr9sepList!J$1,manifest_11Sep!$A$1:$V$1,0))} -> NH 867 | ... N82: {=INDEX(manifest_11Sep!$A$1:$V$3202,MATCH($B82,manifest_11Sep!$B$1:$B$3202,0),MATCH(A.Arr9sepList!N$1,manifest_11Sep!$A$1:$V$1,0))} -> THE PLAZA | O82: =COUNTA(N82:N83) -> 2 | Q82: 70181305 | R82: DOUBLE | S82: {=INDEX(manifest_11Sep!$A$1:$V$3202,MATCH($B82,manifest_11Sep!$B$1:$B$3202,0),MATCH(A.Arr9sepList!S$1,manifest_11Sep!$A$1:$V$1,0))} -> 0
A83: {=INDEX(manifest_11Sep!$A$1:$V$3202,MATCH($B83,manifest_11Sep!$B$1:$B$3202,0),MATCH(A.Arr9sepList!A$1,manifest_11Sep!$A$1:$V$1,0))} -> A | B83: BTNFNB442C3 | C83: {=INDEX(manifest_11Sep!$A$1:$V$3202,MATCH($B83,manifest_11Sep!$B$1:$B$3202,0),MATCH(A.Arr9sepList!C$1,manifest_11Sep!$A$1:$V$1,0))} -> V7ND7QWQH8B | D83: {=INDEX(manifest_11Sep!$A$1:$V$3202,MATCH($B83,manifest_11Sep!$B$1:$B$3202,0),MATCH(A.Arr9sepList!D$1,manifest_11Sep!$A$1:$V$1,0))} -> Male | E83: {=INDEX(manifest_11Sep!$A$1:$V$3202,MATCH($B83,manifest_11Sep!$B$1:$B$3202,0),MATCH(A.Arr9sepList!E$1,manifest_11Sep!$A$1:$V$1,0))} -> Frederick | F83: {=INDEX(manifest_11Sep!$A$1:$V$3202,MATCH($B83,manifest_11Sep!$B$1:$B$3202,0),MATCH(A.Arr9sepList!F$1,manifest_11Sep!$A$1:$V$1,0))} -> Manalo | G83: {=INDEX(manifest_11Sep!$A$1:$V$3202,MATCH($B83,manifest_11Sep!$B$1:$B$3202,0),MATCH(A.Arr9sepList!G$1,manifest_11Sep!$A$1:$V$1,0))} -> 47 | H83: {=INDEX(manifest_11Sep!$A$1:$V$3202,MATCH($B83,manifest_11Sep!$B$1:$B$3202,0),MATCH(A.Arr9sepList!H$1,manifest_11Sep!$A$1:$V$1,0))} -> Maricel Goyena | I83: {=INDEX(manifest_11Sep!$A$1:$V$3202,MATCH($B83,manifest_11Sep!$B$1:$B$3202,0),MATCH(A.Arr9sepList!I$1,manifest_11Sep!$A$1:$V$1,0))} -> All Nippon Airways | J83: {=INDEX(manifest_11Sep!$A$1:$V$3202,MATCH($B83,manifest_11Sep!$B$1:$B$3202,0),MATCH(A.Arr9sepList!J$1,manifest_11Sep!$A$1:$V$1,0))} -> NH 867 | ... N83: {=INDEX(manifest_11Sep!$A$1:$V$3202,MATCH($B83,manifest_11Sep!$B$1:$B$3202,0),MATCH(A.Arr9sepList!N$1,manifest_11Sep!$A$1:$V$1,0))} -> THE PLAZA | Q83: 70181305 | R83: DOUBLE | S83: {=INDEX(manifest_11Sep!$A$1:$V$3202,MATCH($B83,manifest_11Sep!$B$1:$B$3202,0),MATCH(A.Arr9sepList!S$1,manifest_11Sep!$A$1:$V$1,0))} -> 0
A85: INCHEON - TERMINAL 1 - MYEONGDONG
A86: {=INDEX(manifest_11Sep!$A$1:$V$3202,MATCH($B86,manifest_11Sep!$B$1:$B$3202,0),MATCH(A.Arr9sepList!A$1,manifest_11Sep!$A$1:$V$1,0))} -> A | B86: 2NN5X225NVN | C86: {=INDEX(manifest_11Sep!$A$1:$V$3202,MATCH($B86,manifest_11Sep!$B$1:$B$3202,0),MATCH(A.Arr9sepList!C$1,manifest_11Sep!$A$1:$V$1,0))} -> 2NN5X225NVN | D86: {=INDEX(manifest_11Sep!$A$1:$V$3202,MATCH($B86,manifest_11Sep!$B$1:$B$3202,0),MATCH(A.Arr9sepList!D$1,manifest_11Sep!$A$1:$V$1,0))} -> Male | E86: {=INDEX(manifest_11Sep!$A$1:$V$3202,MATCH($B86,manifest_11Sep!$B$1:$B$3202,0),MATCH(A.Arr9sepList!E$1,manifest_11Sep!$A$1:$V$1,0))} -> Francisco Casanova | F86: {=INDEX(manifest_11Sep!$A$1:$V$3202,MATCH($B86,manifest_11Sep!$B$1:$B$3202,0),MATCH(A.Arr9sepList!F$1,manifest_11Sep!$A$1:$V$1,0))} -> Halili | G86: {=INDEX(manifest_11Sep!$A$1:$V$3202,MATCH($B86,manifest_11Sep!$B$1:$B$3202,0),MATCH(A.Arr9sepList!G$1,manifest_11Sep!$A$1:$V$1,0))} -> 64 | H86: {=INDEX(manifest_11Sep!$A$1:$V$3202,MATCH($B86,manifest_11Sep!$B$1:$B$3202,0),MATCH(A.Arr9sepList!H$1,manifest_11Sep!$A$1:$V$1,0))} -> Alicia Nguyen 2 | I86: {=INDEX(manifest_11Sep!$A$1:$V$3202,MATCH($B86,manifest_11Sep!$B$1:$B$3202,0),MATCH(A.Arr9sepList!I$1,manifest_11Sep!$A$1:$V$1,0))} -> Asiana Airlines | J86: {=INDEX(manifest_11Sep!$A$1:$V$3202,MATCH($B86,manifest_11Sep!$B$1:$B$3202,0),MATCH(A.Arr9sepList!J$1,manifest_11Sep!$A$1:$V$1,0))} -> OZ 203 | ... N86: {=INDEX(manifest_11Sep!$A$1:$V$3202,MATCH($B86,manifest_11Sep!$B$1:$B$3202,0),MATCH(A.Arr9sepList!N$1,manifest_11Sep!$A$1:$V$1,0))} -> FAIRMONT | O86: =COUNTA(N86:N152) -> 67 | Q86: 462710757 | R86: DOUBLE | S86: {=INDEX(manifest_11Sep!$A$1:$V$3202,MATCH($B86,manifest_11Sep!$B$1:$B$3202,0),MATCH(A.Arr9sepList!S$1,manifest_11Sep!$A$1:$V$1,0))} -> 0
A87: {=INDEX(manifest_11Sep!$A$1:$V$3202,MATCH($B87,manifest_11Sep!$B$1:$B$3202,0),MATCH(A.Arr9sepList!A$1,manifest_11Sep!$A$1:$V$1,0))} -> A | B87: WNN3RX9LHW7 | C87: {=INDEX(manifest_11Sep!$A$1:$V$3202,MATCH($B87,manifest_11Sep!$B$1:$B$3202,0),MATCH(A.Arr9sepList!C$1,manifest_11Sep!$A$1:$V$1,0))} -> 2NN5X225NVN | D87: {=INDEX(manifest_11Sep!$A$1:$V$3202,MATCH($B87,manifest_11Sep!$B$1:$B$3202,0),MATCH(A.Arr9sepList!D$1,manifest_11Sep!$A$1:$V$1,0))} -> Female | E87: {=INDEX(manifest_11Sep!$A$1:$V$3202,MATCH($B87,manifest_11Sep!$B$1:$B$3202,0),MATCH(A.Arr9sepList!E$1,manifest_11Sep!$A$1:$V$1,0))} -> Evangeline Silvano | F87: {=INDEX(manifest_11Sep!$A$1:$V$3202,MATCH($B87,manifest_11Sep!$B$1:$B$3202,0),MATCH(A.Arr9sepList!F$1,manifest_11Sep!$A$1:$V$1,0))} -> Halili | G87: {=INDEX(manifest_11Sep!$A$1:$V$3202,MATCH($B87,manifest_11Sep!$B$1:$B$3202,0),MATCH(A.Arr9sepList!G$1,manifest_11Sep!$A$1:$V$1,0))} -> 61 | H87: {=INDEX(manifest_11Sep!$A$1:$V$3202,MATCH($B87,manifest_11Sep!$B$1:$B$3202,0),MATCH(A.Arr9sepList!H$1,manifest_11Sep!$A$1:$V$1,0))} -> Alicia Nguyen 2 | I87: {=INDEX(manifest_11Sep!$A$1:$V$3202,MATCH($B87,manifest_11Sep!$B$1:$B$3202,0),MATCH(A.Arr9sepList!I$1,manifest_11Sep!$A$1:$V$1,0))} -> Asiana Airlines | J87: {=INDEX(manifest_11Sep!$A$1:$V$3202,MATCH($B87,manifest_11Sep!$B$1:$B$3202,0),MATCH(A.Arr9sepList!J$1,manifest_11Sep!$A$1:$V$1,0))} -> OZ 203 | ... N87: {=INDEX(manifest_11Sep!$A$1:$V$3202,MATCH($B87,manifest_11Sep!$B$1:$B$3202,0),MATCH(A.Arr9sepList!N$1,manifest_11Sep!$A$1:$V$1,0))} -> FAIRMONT | Q87: 462710757 | R87: DOUBLE | S87: {=INDEX(manifest_11Sep!$A$1:$V$3202,MATCH($B87,manifest_11Sep!$B$1:$B$3202,0),MATCH(A.Arr9sepList!S$1,manifest_11Sep!$A$1:$V$1,0))} -> 0
A88: {=INDEX(manifest_11Sep!$A$1:$V$3202,MATCH($B88,manifest_11Sep!$B$1:$B$3202,0),MATCH(A.Arr9sepList!A$1,manifest_11Sep!$A$1:$V$1,0))} -> A | B88: TNN4SWSBW7Q | C88: {=INDEX(manifest_11Sep!$A$1:$V$3202,MATCH($B88,manifest_11Sep!$B$1:$B$3202,0),MATCH(A.Arr9sepList!C$1,manifest_11Sep!$A$1:$V$1,0))} -> TNN4SWSBW7Q | D88: {=INDEX(manifest_11Sep!$A$1:$V$3202,MATCH($B88,manifest_11Sep!$B$1:$B$3202,0),MATCH(A.Arr9sepList!D$1,manifest_11Sep!$A$1:$V$1,0))} -> Male | E88: {=INDEX(manifest_11Sep!$A$1:$V$3202,MATCH($B88,manifest_11Sep!$B$1:$B$3202,0),MATCH(A.Arr9sepList!E$1,manifest_11Sep!$A$1:$V$1,0))} -> Jared Roi Masangkay | F88: {=INDEX(manifest_11Sep!$A$1:$V$3202,MATCH($B88,manifest_11Sep!$B$1:$B$3202,0),MATCH(A.Arr9sepList!F$1,manifest_11Sep!$A$1:$V$1,0))} -> Sayo | G88: {=INDEX(manifest_11Sep!$A$1:$V$3202,MATCH($B88,manifest_11Sep!$B$1:$B$3202,0),MATCH(A.Arr9sepList!G$1,manifest_11Sep!$A$1:$V$1,0))} -> 38 | H88: {=INDEX(manifest_11Sep!$A$1:$V$3202,MATCH($B88,manifest_11Sep!$B$1:$B$3202,0),MATCH(A.Arr9sepList!H$1,manifest_11Sep!$A$1:$V$1,0))} -> Alicia Nguyen 2 | I88: {=INDEX(manifest_11Sep!$A$1:$V$3202,MATCH($B88,manifest_11Sep!$B$1:$B$3202,0),MATCH(A.Arr9sepList!I$1,manifest_11Sep!$A$1:$V$1,0))} -> Asiana Airlines | J88: {=INDEX(manifest_11Sep!$A$1:$V$3202,MATCH($B88,manifest_11Sep!$B$1:$B$3202,0),MATCH(A.Arr9sepList!J$1,manifest_11Sep!$A$1:$V$1,0))} -> OZ 203 | ... N88: {=INDEX(manifest_11Sep!$A$1:$V$3202,MATCH($B88,manifest_11Sep!$B$1:$B$3202,0),MATCH(A.Arr9sepList!N$1,manifest_11Sep!$A$1:$V$1,0))} -> FAIRMONT | Q88: 462710758 | R88: TWIN | S88: {=INDEX(manifest_11Sep!$A$1:$V$3202,MATCH($B88,manifest_11Sep!$B$1:$B$3202,0),MATCH(A.Arr9sepList!S$1,manifest_11Sep!$A$1:$V$1,0))} -> 0
A89: {=INDEX(manifest_11Sep!$A$1:$V$3202,MATCH($B89,manifest_11Sep!$B$1:$B$3202,0),MATCH(A.Arr9sepList!A$1,manifest_11Sep!$A$1:$V$1,0))} -> A | B89: CRNNTZ3G78R | C89: {=INDEX(manifest_11Sep!$A$1:$V$3202,MATCH($B89,manifest_11Sep!$B$1:$B$3202,0),MATCH(A.Arr9sepList!C$1,manifest_11Sep!$A$1:$V$1,0))} -> TNN4SWSBW7Q | D89: {=INDEX(manifest_11Sep!$A$1:$V$3202,MATCH($B89,manifest_11Sep!$B$1:$B$3202,0),MATCH(A.Arr9sepList!D$1,manifest_11Sep!$A$1:$V$1,0))} -> Female | E89: {=INDEX(manifest_11Sep!$A$1:$V$3202,MATCH($B89,manifest_11Sep!$B$1:$B$3202,0),MATCH(A.Arr9sepList!E$1,manifest_11Sep!$A$1:$V$1,0))} -> Erliza Dizon | F89: {=INDEX(manifest_11Sep!$A$1:$V$3202,MATCH($B89,manifest_11Sep!$B$1:$B$3202,0),MATCH(A.Arr9sepList!F$1,manifest_11Sep!$A$1:$V$1,0))} -> Solis | G89: {=INDEX(manifest_11Sep!$A$1:$V$3202,MATCH($B89,manifest_11Sep!$B$1:$B$3202,0),MATCH(A.Arr9sepList!G$1,manifest_11Sep!$A$1:$V$1,0))} -> 69 | H89: {=INDEX(manifest_11Sep!$A$1:$V$3202,MATCH($B89,manifest_11Sep!$B$1:$B$3202,0),MATCH(A.Arr9sepList!H$1,manifest_11Sep!$A$1:$V$1,0))} -> Alicia Nguyen 2 | I89: {=INDEX(manifest_11Sep!$A$1:$V$3202,MATCH($B89,manifest_11Sep!$B$1:$B$3202,0),MATCH(A.Arr9sepList!I$1,manifest_11Sep!$A$1:$V$1,0))} -> Asiana Airlines | J89: {=INDEX(manifest_11Sep!$A$1:$V$3202,MATCH($B89,manifest_11Sep!$B$1:$B$3202,0),MATCH(A.Arr9sepList!J$1,manifest_11Sep!$A$1:$V$1,0))} -> OZ 203 | ... N89: {=INDEX(manifest_11Sep!$A$1:$V$3202,MATCH($B89,manifest_11Sep!$B$1:$B$3202,0),MATCH(A.Arr9sepList!N$1,manifest_11Sep!$A$1:$V$1,0))} -> FAIRMONT | Q89: 462710758 | R89: TWIN | S89: {=INDEX(manifest_11Sep!$A$1:$V$3202,MATCH($B89,manifest_11Sep!$B$1:$B$3202,0),MATCH(A.Arr9sepList!S$1,manifest_11Sep!$A$1:$V$1,0))} -> 0
A90: {=INDEX(manifest_11Sep!$A$1:$V$3202,MATCH($B90,manifest_11Sep!$B$1:$B$3202,0),MATCH(A.Arr9sepList!A$1,manifest_11Sep!$A$1:$V$1,0))} -> A | B90: KSNSMZ447WP | C90: {=INDEX(manifest_11Sep!$A$1:$V$3202,MATCH($B90,manifest_11Sep!$B$1:$B$3202,0),MATCH(A.Arr9sepList!C$1,manifest_11Sep!$A$1:$V$1,0))} -> KSNSMZ447WP | D90: {=INDEX(manifest_11Sep!$A$1:$V$3202,MATCH($B90,manifest_11Sep!$B$1:$B$3202,0),MATCH(A.Arr9sepList!D$1,manifest_11Sep!$A$1:$V$1,0))} -> Female | E90: {=INDEX(manifest_11Sep!$A$1:$V$3202,MATCH($B90,manifest_11Sep!$B$1:$B$3202,0),MATCH(A.Arr9sepList!E$1,manifest_11Sep!$A$1:$V$1,0))} -> Yolanda Gentuya | F90: {=INDEX(manifest_11Sep!$A$1:$V$3202,MATCH($B90,manifest_11Sep!$B$1:$B$3202,0),MATCH(A.Arr9sepList!F$1,manifest_11Sep!$A$1:$V$1,0))} -> Soldevilla | G90: {=INDEX(manifest_11Sep!$A$1:$V$3202,MATCH($B90,manifest_11Sep!$B$1:$B$3202,0),MATCH(A.Arr9sepList!G$1,manifest_11Sep!$A$1:$V$1,0))} -> 61 | H90: {=INDEX(manifest_11Sep!$A$1:$V$3202,MATCH($B90,manifest_11Sep!$B$1:$B$3202,0),MATCH(A.Arr9sepList!H$1,manifest_11Sep!$A$1:$V$1,0))} -> Alicia Nguyen 2 | I90: {=INDEX(manifest_11Sep!$A$1:$V$3202,MATCH($B90,manifest_11Sep!$B$1:$B$3202,0),MATCH(A.Arr9sepList!I$1,manifest_11Sep!$A$1:$V$1,0))} -> Asiana Airlines | J90: {=INDEX(manifest_11Sep!$A$1:$V$3202,MATCH($B90,manifest_11Sep!$B$1:$B$3202,0),MATCH(A.Arr9sepList!J$1,manifest_11Sep!$A$1:$V$1,0))} -> OZ 203 | ... N90: {=INDEX(manifest_11Sep!$A$1:$V$3202,MATCH($B90,manifest_11Sep!$B$1:$B$3202,0),MATCH(A.Arr9sepList!N$1,manifest_11Sep!$A$1:$V$1,0))} -> FAIRMONT | Q90: 462710759 | R90: DOUBLE | S90: {=INDEX(manifest_11Sep!$A$1:$V$3202,MATCH($B90,manifest_11Sep!$B$1:$B$3202,0),MATCH(A.Arr9sepList!S$1,manifest_11Sep!$A$1:$V$1,0))} -> 0
A91: {=INDEX(manifest_11Sep!$A$1:$V$3202,MATCH($B91,manifest_11Sep!$B$1:$B$3202,0),MATCH(A.Arr9sepList!A$1,manifest_11Sep!$A$1:$V$1,0))} -> A | B91: L5NZX53M48J | C91: {=INDEX(manifest_11Sep!$A$1:$V$3202,MATCH($B91,manifest_11Sep!$B$1:$B$3202,0),MATCH(A.Arr9sepList!C$1,manifest_11Sep!$A$1:$V$1,0))} -> KSNSMZ447WP | D91: {=INDEX(manifest_11Sep!$A$1:$V$3202,MATCH($B91,manifest_11Sep!$B$1:$B$3202,0),MATCH(A.Arr9sepList!D$1,manifest_11Sep!$A$1:$V$1,0))} -> Female | E91: {=INDEX(manifest_11Sep!$A$1:$V$3202,MATCH($B91,manifest_11Sep!$B$1:$B$3202,0),MATCH(A.Arr9sepList!E$1,manifest_11Sep!$A$1:$V$1,0))} -> Josie Guintivano | F91: {=INDEX(manifest_11Sep!$A$1:$V$3202,MATCH($B91,manifest_11Sep!$B$1:$B$3202,0),MATCH(A.Arr9sepList!F$1,manifest_11Sep!$A$1:$V$1,0))} -> De Leon | G91: {=INDEX(manifest_11Sep!$A$1:$V$3202,MATCH($B91,manifest_11Sep!$B$1:$B$3202,0),MATCH(A.Arr9sepList!G$1,manifest_11Sep!$A$1:$V$1,0))} -> 68 | H91: {=INDEX(manifest_11Sep!$A$1:$V$3202,MATCH($B91,manifest_11Sep!$B$1:$B$3202,0),MATCH(A.Arr9sepList!H$1,manifest_11Sep!$A$1:$V$1,0))} -> Alicia Nguyen 2 | I91: {=INDEX(manifest_11Sep!$A$1:$V$3202,MATCH($B91,manifest_11Sep!$B$1:$B$3202,0),MATCH(A.Arr9sepList!I$1,manifest_11Sep!$A$1:$V$1,0))} -> Asiana Airlines | J91: {=INDEX(manifest_11Sep!$A$1:$V$3202,MATCH($B91,manifest_11Sep!$B$1:$B$3202,0),MATCH(A.Arr9sepList!J$1,manifest_11Sep!$A$1:$V$1,0))} -> OZ 203 | ... N91: {=INDEX(manifest_11Sep!$A$1:$V$3202,MATCH($B91,manifest_11Sep!$B$1:$B$3202,0),MATCH(A.Arr9sepList!N$1,manifest_11Sep!$A$1:$V$1,0))} -> FAIRMONT | Q91: 462710759 | R91: DOUBLE | S91: {=INDEX(manifest_11Sep!$A$1:$V$3202,MATCH($B91,manifest_11Sep!$B$1:$B$3202,0),MATCH(A.Arr9sepList!S$1,manifest_11Sep!$A$1:$V$1,0))} -> 0
A92: {=INDEX(manifest_11Sep!$A$1:$V$3202,MATCH($B92,manifest_11Sep!$B$1:$B$3202,0),MATCH(A.Arr9sepList!A$1,manifest_11Sep!$A$1:$V$1,0))} -> A | B92: FKNKYLTM6M9 | C92: {=INDEX(manifest_11Sep!$A$1:$V$3202,MATCH($B92,manifest_11Sep!$B$1:$B$3202,0),MATCH(A.Arr9sepList!C$1,manifest_11Sep!$A$1:$V$1,0))} -> FKNKYLTM6M9 | D92: {=INDEX(manifest_11Sep!$A$1:$V$3202,MATCH($B92,manifest_11Sep!$B$1:$B$3202,0),MATCH(A.Arr9sepList!D$1,manifest_11Sep!$A$1:$V$1,0))} -> Female | E92: {=INDEX(manifest_11Sep!$A$1:$V$3202,MATCH($B92,manifest_11Sep!$B$1:$B$3202,0),MATCH(A.Arr9sepList!E$1,manifest_11Sep!$A$1:$V$1,0))} -> Angelina Bautista | F92: {=INDEX(manifest_11Sep!$A$1:$V$3202,MATCH($B92,manifest_11Sep!$B$1:$B$3202,0),MATCH(A.Arr9sepList!F$1,manifest_11Sep!$A$1:$V$1,0))} -> De La Rosa | G92: {=INDEX(manifest_11Sep!$A$1:$V$3202,MATCH($B92,manifest_11Sep!$B$1:$B$3202,0),MATCH(A.Arr9sepList!G$1,manifest_11Sep!$A$1:$V$1,0))} -> 74 | H92: {=INDEX(manifest_11Sep!$A$1:$V$3202,MATCH($B92,manifest_11Sep!$B$1:$B$3202,0),MATCH(A.Arr9sepList!H$1,manifest_11Sep!$A$1:$V$1,0))} -> Alicia Nguyen 2 | I92: {=INDEX(manifest_11Sep!$A$1:$V$3202,MATCH($B92,manifest_11Sep!$B$1:$B$3202,0),MATCH(A.Arr9sepList!I$1,manifest_11Sep!$A$1:$V$1,0))} -> Asiana Airlines | J92: {=INDEX(manifest_11Sep!$A$1:$V$3202,MATCH($B92,manifest_11Sep!$B$1:$B$3202,0),MATCH(A.Arr9sepList!J$1,manifest_11Sep!$A$1:$V$1,0))} -> OZ 203 | ... N92: {=INDEX(manifest_11Sep!$A$1:$V$3202,MATCH($B92,manifest_11Sep!$B$1:$B$3202,0),MATCH(A.Arr9sepList!N$1,manifest_11Sep!$A$1:$V$1,0))} -> FAIRMONT | Q92: 462710767 | R92: DOUBLE | S92: {=INDEX(manifest_11Sep!$A$1:$V$3202,MATCH($B92,manifest_11Sep!$B$1:$B$3202,0),MATCH(A.Arr9sepList!S$1,manifest_11Sep!$A$1:$V$1,0))} -> 0
A93: {=INDEX(manifest_11Sep!$A$1:$V$3202,MATCH($B93,manifest_11Sep!$B$1:$B$3202,0),MATCH(A.Arr9sepList!A$1,manifest_11Sep!$A$1:$V$1,0))} -> A | B93: JQNQMVF25YP | C93: {=INDEX(manifest_11Sep!$A$1:$V$3202,MATCH($B93,manifest_11Sep!$B$1:$B$3202,0),MATCH(A.Arr9sepList!C$1,manifest_11Sep!$A$1:$V$1,0))} -> JQNQMVF25YP | D93: {=INDEX(manifest_11Sep!$A$1:$V$3202,MATCH($B93,manifest_11Sep!$B$1:$B$3202,0),MATCH(A.Arr9sepList!D$1,manifest_11Sep!$A$1:$V$1,0))} -> Male | E93: {=INDEX(manifest_11Sep!$A$1:$V$3202,MATCH($B93,manifest_11Sep!$B$1:$B$3202,0),MATCH(A.Arr9sepList!E$1,manifest_11Sep!$A$1:$V$1,0))} -> Brian Mercado | F93: {=INDEX(manifest_11Sep!$A$1:$V$3202,MATCH($B93,manifest_11Sep!$B$1:$B$3202,0),MATCH(A.Arr9sepList!F$1,manifest_11Sep!$A$1:$V$1,0))} -> Berdiago | G93: {=INDEX(manifest_11Sep!$A$1:$V$3202,MATCH($B93,manifest_11Sep!$B$1:$B$3202,0),MATCH(A.Arr9sepList!G$1,manifest_11Sep!$A$1:$V$1,0))} -> 34 | H93: {=INDEX(manifest_11Sep!$A$1:$V$3202,MATCH($B93,manifest_11Sep!$B$1:$B$3202,0),MATCH(A.Arr9sepList!H$1,manifest_11Sep!$A$1:$V$1,0))} -> Alicia Nguyen 1 | I93: {=INDEX(manifest_11Sep!$A$1:$V$3202,MATCH($B93,manifest_11Sep!$B$1:$B$3202,0),MATCH(A.Arr9sepList!I$1,manifest_11Sep!$A$1:$V$1,0))} -> United Airlines | J93: {=INDEX(manifest_11Sep!$A$1:$V$3202,MATCH($B93,manifest_11Sep!$B$1:$B$3202,0),MATCH(A.Arr9sepList!J$1,manifest_11Sep!$A$1:$V$1,0))} -> UA 805 | ... N93: {=INDEX(manifest_11Sep!$A$1:$V$3202,MATCH($B93,manifest_11Sep!$B$1:$B$3202,0),MATCH(A.Arr9sepList!N$1,manifest_11Sep!$A$1:$V$1,0))} -> FAIRMONT | Q93: 462710472 | R93: TWIN | S93: {=INDEX(manifest_11Sep!$A$1:$V$3202,MATCH($B93,manifest_11Sep!$B$1:$B$3202,0),MATCH(A.Arr9sepList!S$1,manifest_11Sep!$A$1:$V$1,0))} -> 0
A94: {=INDEX(manifest_11Sep!$A$1:$V$3202,MATCH($B94,manifest_11Sep!$B$1:$B$3202,0),MATCH(A.Arr9sepList!A$1,manifest_11Sep!$A$1:$V$1,0))} -> A | B94: 9JNTVS5B6VQ | C94: {=INDEX(manifest_11Sep!$A$1:$V$3202,MATCH($B94,manifest_11Sep!$B$1:$B$3202,0),MATCH(A.Arr9sepList!C$1,manifest_11Sep!$A$1:$V$1,0))} -> 9JNTVS5B6VQ | D94: {=INDEX(manifest_11Sep!$A$1:$V$3202,MATCH($B94,manifest_11Sep!$B$1:$B$3202,0),MATCH(A.Arr9sepList!D$1,manifest_11Sep!$A$1:$V$1,0))} -> Female | E94: {=INDEX(manifest_11Sep!$A$1:$V$3202,MATCH($B94,manifest_11Sep!$B$1:$B$3202,0),MATCH(A.Arr9sepList!E$1,manifest_11Sep!$A$1:$V$1,0))} -> Sri | F94: {=INDEX(manifest_11Sep!$A$1:$V$3202,MATCH($B94,manifest_11Sep!$B$1:$B$3202,0),MATCH(A.Arr9sepList!F$1,manifest_11Sep!$A$1:$V$1,0))} -> Rahayu | G94: {=INDEX(manifest_11Sep!$A$1:$V$3202,MATCH($B94,manifest_11Sep!$B$1:$B$3202,0),MATCH(A.Arr9sepList!G$1,manifest_11Sep!$A$1:$V$1,0))} -> 58 | H94: {=INDEX(manifest_11Sep!$A$1:$V$3202,MATCH($B94,manifest_11Sep!$B$1:$B$3202,0),MATCH(A.Arr9sepList!H$1,manifest_11Sep!$A$1:$V$1,0))} -> Alicia Nguyen 2 | I94: {=INDEX(manifest_11Sep!$A$1:$V$3202,MATCH($B94,manifest_11Sep!$B$1:$B$3202,0),MATCH(A.Arr9sepList!I$1,manifest_11Sep!$A$1:$V$1,0))} -> United Airlines | J94: {=INDEX(manifest_11Sep!$A$1:$V$3202,MATCH($B94,manifest_11Sep!$B$1:$B$3202,0),MATCH(A.Arr9sepList!J$1,manifest_11Sep!$A$1:$V$1,0))} -> UA 805 | ... N94: {=INDEX(manifest_11Sep!$A$1:$V$3202,MATCH($B94,manifest_11Sep!$B$1:$B$3202,0),MATCH(A.Arr9sepList!N$1,manifest_11Sep!$A$1:$V$1,0))} -> FAIRMONT | Q94: 462710746 | R94: DOUBLE | S94: {=INDEX(manifest_11Sep!$A$1:$V$3202,MATCH($B94,manifest_11Sep!$B$1:$B$3202,0),MATCH(A.Arr9sepList!S$1,manifest_11Sep!$A$1:$V$1,0))} -> 0
A95: {=INDEX(manifest_11Sep!$A$1:$V$3202,MATCH($B95,manifest_11Sep!$B$1:$B$3202,0),MATCH(A.Arr9sepList!A$1,manifest_11Sep!$A$1:$V$1,0))} -> A | B95: Y7NR779HPC7 | C95: {=INDEX(manifest_11Sep!$A$1:$V$3202,MATCH($B95,manifest_11Sep!$B$1:$B$3202,0),MATCH(A.Arr9sepList!C$1,manifest_11Sep!$A$1:$V$1,0))} -> 9JNTVS5B6VQ | D95: {=INDEX(manifest_11Sep!$A$1:$V$3202,MATCH($B95,manifest_11Sep!$B$1:$B$3202,0),MATCH(A.Arr9sepList!D$1,manifest_11Sep!$A$1:$V$1,0))} -> Male | E95: {=INDEX(manifest_11Sep!$A$1:$V$3202,MATCH($B95,manifest_11Sep!$B$1:$B$3202,0),MATCH(A.Arr9sepList!E$1,manifest_11Sep!$A$1:$V$1,0))} -> Xaverius Kristianto | F95: {=INDEX(manifest_11Sep!$A$1:$V$3202,MATCH($B95,manifest_11Sep!$B$1:$B$3202,0),MATCH(A.Arr9sepList!F$1,manifest_11Sep!$A$1:$V$1,0))} -> Mangkuorahardjo | G95: {=INDEX(manifest_11Sep!$A$1:$V$3202,MATCH($B95,manifest_11Sep!$B$1:$B$3202,0),MATCH(A.Arr9sepList!G$1,manifest_11Sep!$A$1:$V$1,0))} -> 58 | H95: {=INDEX(manifest_11Sep!$A$1:$V$3202,MATCH($B95,manifest_11Sep!$B$1:$B$3202,0),MATCH(A.Arr9sepList!H$1,manifest_11Sep!$A$1:$V$1,0))} -> Alicia Nguyen 2 | I95: {=INDEX(manifest_11Sep!$A$1:$V$3202,MATCH($B95,manifest_11Sep!$B$1:$B$3202,0),MATCH(A.Arr9sepList!I$1,manifest_11Sep!$A$1:$V$1,0))} -> United Airlines | J95: {=INDEX(manifest_11Sep!$A$1:$V$3202,MATCH($B95,manifest_11Sep!$B$1:$B$3202,0),MATCH(A.Arr9sepList!J$1,manifest_11Sep!$A$1:$V$1,0))} -> UA 805 | ... N95: {=INDEX(manifest_11Sep!$A$1:$V$3202,MATCH($B95,manifest_11Sep!$B$1:$B$3202,0),MATCH(A.Arr9sepList!N$1,manifest_11Sep!$A$1:$V$1,0))} -> FAIRMONT | Q95: 462710746 | R95: DOUBLE | S95: {=INDEX(manifest_11Sep!$A$1:$V$3202,MATCH($B95,manifest_11Sep!$B$1:$B$3202,0),MATCH(A.Arr9sepList!S$1,manifest_11Sep!$A$1:$V$1,0))} -> 0
A96: {=INDEX(manifest_11Sep!$A$1:$V$3202,MATCH($B96,manifest_11Sep!$B$1:$B$3202,0),MATCH(A.Arr9sepList!A$1,manifest_11Sep!$A$1:$V$1,0))} -> A | B96: G4N6JZ9LSBW | C96: {=INDEX(manifest_11Sep!$A$1:$V$3202,MATCH($B96,manifest_11Sep!$B$1:$B$3202,0),MATCH(A.Arr9sepList!C$1,manifest_11Sep!$A$1:$V$1,0))} -> G4N6JZ9LSBW | D96: {=INDEX(manifest_11Sep!$A$1:$V$3202,MATCH($B96,manifest_11Sep!$B$1:$B$3202,0),MATCH(A.Arr9sepList!D$1,manifest_11Sep!$A$1:$V$1,0))} -> Female | E96: {=INDEX(manifest_11Sep!$A$1:$V$3202,MATCH($B96,manifest_11Sep!$B$1:$B$3202,0),MATCH(A.Arr9sepList!E$1,manifest_11Sep!$A$1:$V$1,0))} -> Joanna Thieu | F96: {=INDEX(manifest_11Sep!$A$1:$V$3202,MATCH($B96,manifest_11Sep!$B$1:$B$3202,0),MATCH(A.Arr9sepList!F$1,manifest_11Sep!$A$1:$V$1,0))} -> Ngo | G96: {=INDEX(manifest_11Sep!$A$1:$V$3202,MATCH($B96,manifest_11Sep!$B$1:$B$3202,0),MATCH(A.Arr9sepList!G$1,manifest_11Sep!$A$1:$V$1,0))} -> 59 | H96: {=INDEX(manifest_11Sep!$A$1:$V$3202,MATCH($B96,manifest_11Sep!$B$1:$B$3202,0),MATCH(A.Arr9sepList!H$1,manifest_11Sep!$A$1:$V$1,0))} -> Alicia Nguyen 2 | I96: {=INDEX(manifest_11Sep!$A$1:$V$3202,MATCH($B96,manifest_11Sep!$B$1:$B$3202,0),MATCH(A.Arr9sepList!I$1,manifest_11Sep!$A$1:$V$1,0))} -> United Airlines | J96: {=INDEX(manifest_11Sep!$A$1:$V$3202,MATCH($B96,manifest_11Sep!$B$1:$B$3202,0),MATCH(A.Arr9sepList!J$1,manifest_11Sep!$A$1:$V$1,0))} -> UA 805 | ... N96: {=INDEX(manifest_11Sep!$A$1:$V$3202,MATCH($B96,manifest_11Sep!$B$1:$B$3202,0),MATCH(A.Arr9sepList!N$1,manifest_11Sep!$A$1:$V$1,0))} -> FAIRMONT | Q96: 462710761 | R96: DOUBLE | S96: {=INDEX(manifest_11Sep!$A$1:$V$3202,MATCH($B96,manifest_11Sep!$B$1:$B$3202,0),MATCH(A.Arr9sepList!S$1,manifest_11Sep!$A$1:$V$1,0))} -> 0
A97: {=INDEX(manifest_11Sep!$A$1:$V$3202,MATCH($B97,manifest_11Sep!$B$1:$B$3202,0),MATCH(A.Arr9sepList!A$1,manifest_11Sep!$A$1:$V$1,0))} -> A | B97: P6NBPLG4JTH | C97: {=INDEX(manifest_11Sep!$A$1:$V$3202,MATCH($B97,manifest_11Sep!$B$1:$B$3202,0),MATCH(A.Arr9sepList!C$1,manifest_11Sep!$A$1:$V$1,0))} -> G4N6JZ9LSBW | D97: {=INDEX(manifest_11Sep!$A$1:$V$3202,MATCH($B97,manifest_11Sep!$B$1:$B$3202,0),MATCH(A.Arr9sepList!D$1,manifest_11Sep!$A$1:$V$1,0))} -> Male | E97: {=INDEX(manifest_11Sep!$A$1:$V$3202,MATCH($B97,manifest_11Sep!$B$1:$B$3202,0),MATCH(A.Arr9sepList!E$1,manifest_11Sep!$A$1:$V$1,0))} -> Tai Chan | F97: {=INDEX(manifest_11Sep!$A$1:$V$3202,MATCH($B97,manifest_11Sep!$B$1:$B$3202,0),MATCH(A.Arr9sepList!F$1,manifest_11Sep!$A$1:$V$1,0))} -> Ngo | G97: {=INDEX(manifest_11Sep!$A$1:$V$3202,MATCH($B97,manifest_11Sep!$B$1:$B$3202,0),MATCH(A.Arr9sepList!G$1,manifest_11Sep!$A$1:$V$1,0))} -> 61 | H97: {=INDEX(manifest_11Sep!$A$1:$V$3202,MATCH($B97,manifest_11Sep!$B$1:$B$3202,0),MATCH(A.Arr9sepList!H$1,manifest_11Sep!$A$1:$V$1,0))} -> Alicia Nguyen 2 | I97: {=INDEX(manifest_11Sep!$A$1:$V$3202,MATCH($B97,manifest_11Sep!$B$1:$B$3202,0),MATCH(A.Arr9sepList!I$1,manifest_11Sep!$A$1:$V$1,0))} -> United Airlines | J97: {=INDEX(manifest_11Sep!$A$1:$V$3202,MATCH($B97,manifest_11Sep!$B$1:$B$3202,0),MATCH(A.Arr9sepList!J$1,manifest_11Sep!$A$1:$V$1,0))} -> UA 805 | ... N97: {=INDEX(manifest_11Sep!$A$1:$V$3202,MATCH($B97,manifest_11Sep!$B$1:$B$3202,0),MATCH(A.Arr9sepList!N$1,manifest_11Sep!$A$1:$V$1,0))} -> FAIRMONT | Q97: 462710761 | R97: DOUBLE | S97: {=INDEX(manifest_11Sep!$A$1:$V$3202,MATCH($B97,manifest_11Sep!$B$1:$B$3202,0),MATCH(A.Arr9sepList!S$1,manifest_11Sep!$A$1:$V$1,0))} -> 0
A98: {=INDEX(manifest_11Sep!$A$1:$V$3202,MATCH($B98,manifest_11Sep!$B$1:$B$3202,0),MATCH(A.Arr9sepList!A$1,manifest_11Sep!$A$1:$V$1,0))} -> A | B98: WZNHSCH8RKY | C98: {=INDEX(manifest_11Sep!$A$1:$V$3202,MATCH($B98,manifest_11Sep!$B$1:$B$3202,0),MATCH(A.Arr9sepList!C$1,manifest_11Sep!$A$1:$V$1,0))} -> WZNHSCH8RKY | D98: {=INDEX(manifest_11Sep!$A$1:$V$3202,MATCH($B98,manifest_11Sep!$B$1:$B$3202,0),MATCH(A.Arr9sepList!D$1,manifest_11Sep!$A$1:$V$1,0))} -> Female | E98: {=INDEX(manifest_11Sep!$A$1:$V$3202,MATCH($B98,manifest_11Sep!$B$1:$B$3202,0),MATCH(A.Arr9sepList!E$1,manifest_11Sep!$A$1:$V$1,0))} -> Melissa | F98: {=INDEX(manifest_11Sep!$A$1:$V$3202,MATCH($B98,manifest_11Sep!$B$1:$B$3202,0),MATCH(A.Arr9sepList!F$1,manifest_11Sep!$A$1:$V$1,0))} -> Chang | G98: {=INDEX(manifest_11Sep!$A$1:$V$3202,MATCH($B98,manifest_11Sep!$B$1:$B$3202,0),MATCH(A.Arr9sepList!G$1,manifest_11Sep!$A$1:$V$1,0))} -> 50 | H98: {=INDEX(manifest_11Sep!$A$1:$V$3202,MATCH($B98,manifest_11Sep!$B$1:$B$3202,0),MATCH(A.Arr9sepList!H$1,manifest_11Sep!$A$1:$V$1,0))} -> Alicia Nguyen 2 | I98: {=INDEX(manifest_11Sep!$A$1:$V$3202,MATCH($B98,manifest_11Sep!$B$1:$B$3202,0),MATCH(A.Arr9sepList!I$1,manifest_11Sep!$A$1:$V$1,0))} -> United Airlines | J98: {=INDEX(manifest_11Sep!$A$1:$V$3202,MATCH($B98,manifest_11Sep!$B$1:$B$3202,0),MATCH(A.Arr9sepList!J$1,manifest_11Sep!$A$1:$V$1,0))} -> UA 805 | ... N98: {=INDEX(manifest_11Sep!$A$1:$V$3202,MATCH($B98,manifest_11Sep!$B$1:$B$3202,0),MATCH(A.Arr9sepList!N$1,manifest_11Sep!$A$1:$V$1,0))} -> FAIRMONT | Q98: 462710762 | R98: DOUBLE | S98: {=INDEX(manifest_11Sep!$A$1:$V$3202,MATCH($B98,manifest_11Sep!$B$1:$B$3202,0),MATCH(A.Arr9sepList!S$1,manifest_11Sep!$A$1:$V$1,0))} -> 0
... A152: {=INDEX(manifest_11Sep!$A$1:$V$3202,MATCH($B152,manifest_11Sep!$B$1:$B$3202,0),MATCH(A.Arr9sepList!A$1,manifest_11Sep!$A$1:$V$1,0))} -> A | B152: HGNBF2YM76H | C152: {=INDEX(manifest_11Sep!$A$1:$V$3202,MATCH($B152,manifest_11Sep!$B$1:$B$3202,0),MATCH(A.Arr9sepList!C$1,manifest_11Sep!$A$1:$V$1,0))} -> 66N3HLXYMH8 | D152: {=INDEX(manifest_11Sep!$A$1:$V$3202,MATCH($B152,manifest_11Sep!$B$1:$B$3202,0),MATCH(A.Arr9sepList!D$1,manifest_11Sep!$A$1:$V$1,0))} -> Male | E152: {=INDEX(manifest_11Sep!$A$1:$V$3202,MATCH($B152,manifest_11Sep!$B$1:$B$3202,0),MATCH(A.Arr9sepList!E$1,manifest_11Sep!$A$1:$V$1,0))} -> Aiden Hao | F152: {=INDEX(manifest_11Sep!$A$1:$V$3202,MATCH($B152,manifest_11Sep!$B$1:$B$3202,0),MATCH(A.Arr9sepList!F$1,manifest_11Sep!$A$1:$V$1,0))} -> Vo | G152: {=INDEX(manifest_11Sep!$A$1:$V$3202,MATCH($B152,manifest_11Sep!$B$1:$B$3202,0),MATCH(A.Arr9sepList!G$1,manifest_11Sep!$A$1:$V$1,0))} -> 7 | H152: {=INDEX(manifest_11Sep!$A$1:$V$3202,MATCH($B152,manifest_11Sep!$B$1:$B$3202,0),MATCH(A.Arr9sepList!H$1,manifest_11Sep!$A$1:$V$1,0))} -> Alicia Nguyen 2 | I152: {=INDEX(manifest_11Sep!$A$1:$V$3202,MATCH($B152,manifest_11Sep!$B$1:$B$3202,0),MATCH(A.Arr9sepList!I$1,manifest_11Sep!$A$1:$V$1,0))} -> Air Premia | J152: {=INDEX(manifest_11Sep!$A$1:$V$3202,MATCH($B152,manifest_11Sep!$B$1:$B$3202,0),MATCH(A.Arr9sepList!J$1,manifest_11Sep!$A$1:$V$1,0))} -> YP 132 | ... N152: {=INDEX(manifest_11Sep!$A$1:$V$3202,MATCH($B152,manifest_11Sep!$B$1:$B$3202,0),MATCH(A.Arr9sepList!N$1,manifest_11Sep!$A$1:$V$1,0))} -> FAIRMONT | Q152: 462710751 | R152: SINGLE | S152: {=INDEX(manifest_11Sep!$A$1:$V$3202,MATCH($B152,manifest_11Sep!$B$1:$B$3202,0),MATCH(A.Arr9sepList!S$1,manifest_11Sep!$A$1:$V$1,0))} -> 0
A153: {=INDEX(manifest_11Sep!$A$1:$V$3202,MATCH($B153,manifest_11Sep!$B$1:$B$3202,0),MATCH(A.Arr9sepList!A$1,manifest_11Sep!$A$1:$V$1,0))} -> A | B153: FMNQVXYVJDB | C153: {=INDEX(manifest_11Sep!$A$1:$V$3202,MATCH($B153,manifest_11Sep!$B$1:$B$3202,0),MATCH(A.Arr9sepList!C$1,manifest_11Sep!$A$1:$V$1,0))} -> FMNQVXYVJDB | D153: {=INDEX(manifest_11Sep!$A$1:$V$3202,MATCH($B153,manifest_11Sep!$B$1:$B$3202,0),MATCH(A.Arr9sepList!D$1,manifest_11Sep!$A$1:$V$1,0))} -> Female | E153: {=INDEX(manifest_11Sep!$A$1:$V$3202,MATCH($B153,manifest_11Sep!$B$1:$B$3202,0),MATCH(A.Arr9sepList!E$1,manifest_11Sep!$A$1:$V$1,0))} -> Alicia | F153: {=INDEX(manifest_11Sep!$A$1:$V$3202,MATCH($B153,manifest_11Sep!$B$1:$B$3202,0),MATCH(A.Arr9sepList!F$1,manifest_11Sep!$A$1:$V$1,0))} -> Ngalot | G153: {=INDEX(manifest_11Sep!$A$1:$V$3202,MATCH($B153,manifest_11Sep!$B$1:$B$3202,0),MATCH(A.Arr9sepList!G$1,manifest_11Sep!$A$1:$V$1,0))} -> 64 | H153: {=INDEX(manifest_11Sep!$A$1:$V$3202,MATCH($B153,manifest_11Sep!$B$1:$B$3202,0),MATCH(A.Arr9sepList!H$1,manifest_11Sep!$A$1:$V$1,0))} -> Que Yazdani | I153: {=INDEX(manifest_11Sep!$A$1:$V$3202,MATCH($B153,manifest_11Sep!$B$1:$B$3202,0),MATCH(A.Arr9sepList!I$1,manifest_11Sep!$A$1:$V$1,0))} -> Philippine Airlines | J153: {=INDEX(manifest_11Sep!$A$1:$V$3202,MATCH($B153,manifest_11Sep!$B$1:$B$3202,0),MATCH(A.Arr9sepList!J$1,manifest_11Sep!$A$1:$V$1,0))} -> PR 484 | ... N153: {=INDEX(manifest_11Sep!$A$1:$V$3202,MATCH($B153,manifest_11Sep!$B$1:$B$3202,0),MATCH(A.Arr9sepList!N$1,manifest_11Sep!$A$1:$V$1,0))} -> LOTTE | O153: =COUNTA(N153:N170) -> 18 | Q153: 15262476 | R153: DOUBLE | S153: {=INDEX(manifest_11Sep!$A$1:$V$3202,MATCH($B153,manifest_11Sep!$B$1:$B$3202,0),MATCH(A.Arr9sepList!S$1,manifest_11Sep!$A$1:$V$1,0))} -> Rooming: require next door room with Gahob, Ramon Jr - YRNFDRZLG7K
A154: {=INDEX(manifest_11Sep!$A$1:$V$3202,MATCH($B154,manifest_11Sep!$B$1:$B$3202,0),MATCH(A.Arr9sepList!A$1,manifest_11Sep!$A$1:$V$1,0))} -> A | B154: WPNM2GSWZBN | C154: {=INDEX(manifest_11Sep!$A$1:$V$3202,MATCH($B154,manifest_11Sep!$B$1:$B$3202,0),MATCH(A.Arr9sepList!C$1,manifest_11Sep!$A$1:$V$1,0))} -> FMNQVXYVJDB | D154: {=INDEX(manifest_11Sep!$A$1:$V$3202,MATCH($B154,manifest_11Sep!$B$1:$B$3202,0),MATCH(A.Arr9sepList!D$1,manifest_11Sep!$A$1:$V$1,0))} -> Male | E154: {=INDEX(manifest_11Sep!$A$1:$V$3202,MATCH($B154,manifest_11Sep!$B$1:$B$3202,0),MATCH(A.Arr9sepList!E$1,manifest_11Sep!$A$1:$V$1,0))} -> Miguel Bestis | F154: {=INDEX(manifest_11Sep!$A$1:$V$3202,MATCH($B154,manifest_11Sep!$B$1:$B$3202,0),MATCH(A.Arr9sepList!F$1,manifest_11Sep!$A$1:$V$1,0))} -> Ngalot | G154: {=INDEX(manifest_11Sep!$A$1:$V$3202,MATCH($B154,manifest_11Sep!$B$1:$B$3202,0),MATCH(A.Arr9sepList!G$1,manifest_11Sep!$A$1:$V$1,0))} -> 62 | H154: {=INDEX(manifest_11Sep!$A$1:$V$3202,MATCH($B154,manifest_11Sep!$B$1:$B$3202,0),MATCH(A.Arr9sepList!H$1,manifest_11Sep!$A$1:$V$1,0))} -> Que Yazdani | I154: {=INDEX(manifest_11Sep!$A$1:$V$3202,MATCH($B154,manifest_11Sep!$B$1:$B$3202,0),MATCH(A.Arr9sepList!I$1,manifest_11Sep!$A$1:$V$1,0))} -> Philippine Airlines | J154: {=INDEX(manifest_11Sep!$A$1:$V$3202,MATCH($B154,manifest_11Sep!$B$1:$B$3202,0),MATCH(A.Arr9sepList!J$1,manifest_11Sep!$A$1:$V$1,0))} -> PR 484 | ... N154: {=INDEX(manifest_11Sep!$A$1:$V$3202,MATCH($B154,manifest_11Sep!$B$1:$B$3202,0),MATCH(A.Arr9sepList!N$1,manifest_11Sep!$A$1:$V$1,0))} -> LOTTE | Q154: 15262476 | R154: DOUBLE | S154: {=INDEX(manifest_11Sep!$A$1:$V$3202,MATCH($B154,manifest_11Sep!$B$1:$B$3202,0),MATCH(A.Arr9sepList!S$1,manifest_11Sep!$A$1:$V$1,0))} -> 0
A155: {=INDEX(manifest_11Sep!$A$1:$V$3202,MATCH($B155,manifest_11Sep!$B$1:$B$3202,0),MATCH(A.Arr9sepList!A$1,manifest_11Sep!$A$1:$V$1,0))} -> A | B155: YRNFDRZLG7K | C155: {=INDEX(manifest_11Sep!$A$1:$V$3202,MATCH($B155,manifest_11Sep!$B$1:$B$3202,0),MATCH(A.Arr9sepList!C$1,manifest_11Sep!$A$1:$V$1,0))} -> YRNFDRZLG7K | D155: {=INDEX(manifest_11Sep!$A$1:$V$3202,MATCH($B155,manifest_11Sep!$B$1:$B$3202,0),MATCH(A.Arr9sepList!D$1,manifest_11Sep!$A$1:$V$1,0))} -> Male | E155: {=INDEX(manifest_11Sep!$A$1:$V$3202,MATCH($B155,manifest_11Sep!$B$1:$B$3202,0),MATCH(A.Arr9sepList!E$1,manifest_11Sep!$A$1:$V$1,0))} -> Ramon Jr | F155: {=INDEX(manifest_11Sep!$A$1:$V$3202,MATCH($B155,manifest_11Sep!$B$1:$B$3202,0),MATCH(A.Arr9sepList!F$1,manifest_11Sep!$A$1:$V$1,0))} -> Gahob | G155: {=INDEX(manifest_11Sep!$A$1:$V$3202,MATCH($B155,manifest_11Sep!$B$1:$B$3202,0),MATCH(A.Arr9sepList!G$1,manifest_11Sep!$A$1:$V$1,0))} -> 35 | H155: {=INDEX(manifest_11Sep!$A$1:$V$3202,MATCH($B155,manifest_11Sep!$B$1:$B$3202,0),MATCH(A.Arr9sepList!H$1,manifest_11Sep!$A$1:$V$1,0))} -> Que Yazdani | I155: {=INDEX(manifest_11Sep!$A$1:$V$3202,MATCH($B155,manifest_11Sep!$B$1:$B$3202,0),MATCH(A.Arr9sepList!I$1,manifest_11Sep!$A$1:$V$1,0))} -> Philippine Airlines | J155: {=INDEX(manifest_11Sep!$A$1:$V$3202,MATCH($B155,manifest_11Sep!$B$1:$B$3202,0),MATCH(A.Arr9sepList!J$1,manifest_11Sep!$A$1:$V$1,0))} -> PR 484 | ... N155: {=INDEX(manifest_11Sep!$A$1:$V$3202,MATCH($B155,manifest_11Sep!$B$1:$B$3202,0),MATCH(A.Arr9sepList!N$1,manifest_11Sep!$A$1:$V$1,0))} -> LOTTE | Q155: 15262477 | R155: DOUBLE | S155: {=INDEX(manifest_11Sep!$A$1:$V$3202,MATCH($B155,manifest_11Sep!$B$1:$B$3202,0),MATCH(A.Arr9sepList!S$1,manifest_11Sep!$A$1:$V$1,0))} -> Rooming: require next door room with Ngalot, Alicia - FMNQVXYVJDB
A156: {=INDEX(manifest_11Sep!$A$1:$V$3202,MATCH($B156,manifest_11Sep!$B$1:$B$3202,0),MATCH(A.Arr9sepList!A$1,manifest_11Sep!$A$1:$V$1,0))} -> A | B156: 8CNM8X8J27W | C156: {=INDEX(manifest_11Sep!$A$1:$V$3202,MATCH($B156,manifest_11Sep!$B$1:$B$3202,0),MATCH(A.Arr9sepList!C$1,manifest_11Sep!$A$1:$V$1,0))} -> YRNFDRZLG7K | D156: {=INDEX(manifest_11Sep!$A$1:$V$3202,MATCH($B156,manifest_11Sep!$B$1:$B$3202,0),MATCH(A.Arr9sepList!D$1,manifest_11Sep!$A$1:$V$1,0))} -> Female | E156: {=INDEX(manifest_11Sep!$A$1:$V$3202,MATCH($B156,manifest_11Sep!$B$1:$B$3202,0),MATCH(A.Arr9sepList!E$1,manifest_11Sep!$A$1:$V$1,0))} -> Mary April | F156: {=INDEX(manifest_11Sep!$A$1:$V$3202,MATCH($B156,manifest_11Sep!$B$1:$B$3202,0),MATCH(A.Arr9sepList!F$1,manifest_11Sep!$A$1:$V$1,0))} -> Ngalot-Gahob | G156: {=INDEX(manifest_11Sep!$A$1:$V$3202,MATCH($B156,manifest_11Sep!$B$1:$B$3202,0),MATCH(A.Arr9sepList!G$1,manifest_11Sep!$A$1:$V$1,0))} -> 31 | H156: {=INDEX(manifest_11Sep!$A$1:$V$3202,MATCH($B156,manifest_11Sep!$B$1:$B$3202,0),MATCH(A.Arr9sepList!H$1,manifest_11Sep!$A$1:$V$1,0))} -> Que Yazdani | I156: {=INDEX(manifest_11Sep!$A$1:$V$3202,MATCH($B156,manifest_11Sep!$B$1:$B$3202,0),MATCH(A.Arr9sepList!I$1,manifest_11Sep!$A$1:$V$1,0))} -> Philippine Airlines | J156: {=INDEX(manifest_11Sep!$A$1:$V$3202,MATCH($B156,manifest_11Sep!$B$1:$B$3202,0),MATCH(A.Arr9sepList!J$1,manifest_11Sep!$A$1:$V$1,0))} -> PR 484 | ... N156: {=INDEX(manifest_11Sep!$A$1:$V$3202,MATCH($B156,manifest_11Sep!$B$1:$B$3202,0),MATCH(A.Arr9sepList!N$1,manifest_11Sep!$A$1:$V$1,0))} -> LOTTE | Q156: 15262477 | R156: DOUBLE | S156: {=INDEX(manifest_11Sep!$A$1:$V$3202,MATCH($B156,manifest_11Sep!$B$1:$B$3202,0),MATCH(A.Arr9sepList!S$1,manifest_11Sep!$A$1:$V$1,0))} -> 0
A157: {=INDEX(manifest_11Sep!$A$1:$V$3202,MATCH($B157,manifest_11Sep!$B$1:$B$3202,0),MATCH(A.Arr9sepList!A$1,manifest_11Sep!$A$1:$V$1,0))} -> A | B157: NMNCFQVXS26 | C157: {=INDEX(manifest_11Sep!$A$1:$V$3202,MATCH($B157,manifest_11Sep!$B$1:$B$3202,0),MATCH(A.Arr9sepList!C$1,manifest_11Sep!$A$1:$V$1,0))} -> YRNFDRZLG7K | D157: {=INDEX(manifest_11Sep!$A$1:$V$3202,MATCH($B157,manifest_11Sep!$B$1:$B$3202,0),MATCH(A.Arr9sepList!D$1,manifest_11Sep!$A$1:$V$1,0))} -> Male | E157: {=INDEX(manifest_11Sep!$A$1:$V$3202,MATCH($B157,manifest_11Sep!$B$1:$B$3202,0),MATCH(A.Arr9sepList!E$1,manifest_11Sep!$A$1:$V$1,0))} -> Kai Asher | F157: {=INDEX(manifest_11Sep!$A$1:$V$3202,MATCH($B157,manifest_11Sep!$B$1:$B$3202,0),MATCH(A.Arr9sepList!F$1,manifest_11Sep!$A$1:$V$1,0))} -> Gahob | G157: {=INDEX(manifest_11Sep!$A$1:$V$3202,MATCH($B157,manifest_11Sep!$B$1:$B$3202,0),MATCH(A.Arr9sepList!G$1,manifest_11Sep!$A$1:$V$1,0))} -> 1 | H157: {=INDEX(manifest_11Sep!$A$1:$V$3202,MATCH($B157,manifest_11Sep!$B$1:$B$3202,0),MATCH(A.Arr9sepList!H$1,manifest_11Sep!$A$1:$V$1,0))} -> Que Yazdani | I157: {=INDEX(manifest_11Sep!$A$1:$V$3202,MATCH($B157,manifest_11Sep!$B$1:$B$3202,0),MATCH(A.Arr9sepList!I$1,manifest_11Sep!$A$1:$V$1,0))} -> Philippine Airlines | J157: {=INDEX(manifest_11Sep!$A$1:$V$3202,MATCH($B157,manifest_11Sep!$B$1:$B$3202,0),MATCH(A.Arr9sepList!J$1,manifest_11Sep!$A$1:$V$1,0))} -> PR 484 | ... N157: {=INDEX(manifest_11Sep!$A$1:$V$3202,MATCH($B157,manifest_11Sep!$B$1:$B$3202,0),MATCH(A.Arr9sepList!N$1,manifest_11Sep!$A$1:$V$1,0))} -> LOTTE | Q157: 15262477 | R157: DOUBLE | S157: {=INDEX(manifest_11Sep!$A$1:$V$3202,MATCH($B157,manifest_11Sep!$B$1:$B$3202,0),MATCH(A.Arr9sepList!S$1,manifest_11Sep!$A$1:$V$1,0))} -> 0
A158: {=INDEX(manifest_11Sep!$A$1:$V$3202,MATCH($B158,manifest_11Sep!$B$1:$B$3202,0),MATCH(A.Arr9sepList!A$1,manifest_11Sep!$A$1:$V$1,0))} -> A | B158: CTN4L3XTSVR | C158: {=INDEX(manifest_11Sep!$A$1:$V$3202,MATCH($B158,manifest_11Sep!$B$1:$B$3202,0),MATCH(A.Arr9sepList!C$1,manifest_11Sep!$A$1:$V$1,0))} -> CTN4L3XTSVR | D158: {=INDEX(manifest_11Sep!$A$1:$V$3202,MATCH($B158,manifest_11Sep!$B$1:$B$3202,0),MATCH(A.Arr9sepList!D$1,manifest_11Sep!$A$1:$V$1,0))} -> Female | E158: {=INDEX(manifest_11Sep!$A$1:$V$3202,MATCH($B158,manifest_11Sep!$B$1:$B$3202,0),MATCH(A.Arr9sepList!E$1,manifest_11Sep!$A$1:$V$1,0))} -> Ummu Hani | F158: {=INDEX(manifest_11Sep!$A$1:$V$3202,MATCH($B158,manifest_11Sep!$B$1:$B$3202,0),MATCH(A.Arr9sepList!F$1,manifest_11Sep!$A$1:$V$1,0))} -> White | G158: {=INDEX(manifest_11Sep!$A$1:$V$3202,MATCH($B158,manifest_11Sep!$B$1:$B$3202,0),MATCH(A.Arr9sepList!G$1,manifest_11Sep!$A$1:$V$1,0))} -> 49 | H158: {=INDEX(manifest_11Sep!$A$1:$V$3202,MATCH($B158,manifest_11Sep!$B$1:$B$3202,0),MATCH(A.Arr9sepList!H$1,manifest_11Sep!$A$1:$V$1,0))} -> Alicia Nguyen 2 | I158: {=INDEX(manifest_11Sep!$A$1:$V$3202,MATCH($B158,manifest_11Sep!$B$1:$B$3202,0),MATCH(A.Arr9sepList!I$1,manifest_11Sep!$A$1:$V$1,0))} -> Asiana Airlines | J158: {=INDEX(manifest_11Sep!$A$1:$V$3202,MATCH($B158,manifest_11Sep!$B$1:$B$3202,0),MATCH(A.Arr9sepList!J$1,manifest_11Sep!$A$1:$V$1,0))} -> OZ 223 | ... N158: {=INDEX(manifest_11Sep!$A$1:$V$3202,MATCH($B158,manifest_11Sep!$B$1:$B$3202,0),MATCH(A.Arr9sepList!N$1,manifest_11Sep!$A$1:$V$1,0))} -> FAIRMONT | Q158: 462710754 | R158: TWIN | S158: {=INDEX(manifest_11Sep!$A$1:$V$3202,MATCH($B158,manifest_11Sep!$B$1:$B$3202,0),MATCH(A.Arr9sepList!S$1,manifest_11Sep!$A$1:$V$1,0))} -> 0
A159: {=INDEX(manifest_11Sep!$A$1:$V$3202,MATCH($B159,manifest_11Sep!$B$1:$B$3202,0),MATCH(A.Arr9sepList!A$1,manifest_11Sep!$A$1:$V$1,0))} -> A | B159: Q5NLSHNWVNV | C159: {=INDEX(manifest_11Sep!$A$1:$V$3202,MATCH($B159,manifest_11Sep!$B$1:$B$3202,0),MATCH(A.Arr9sepList!C$1,manifest_11Sep!$A$1:$V$1,0))} -> 36N27YP64MM | D159: {=INDEX(manifest_11Sep!$A$1:$V$3202,MATCH($B159,manifest_11Sep!$B$1:$B$3202,0),MATCH(A.Arr9sepList!D$1,manifest_11Sep!$A$1:$V$1,0))} -> Female | E159: {=INDEX(manifest_11Sep!$A$1:$V$3202,MATCH($B159,manifest_11Sep!$B$1:$B$3202,0),MATCH(A.Arr9sepList!E$1,manifest_11Sep!$A$1:$V$1,0))} -> Odetta | F159: {=INDEX(manifest_11Sep!$A$1:$V$3202,MATCH($B159,manifest_11Sep!$B$1:$B$3202,0),MATCH(A.Arr9sepList!F$1,manifest_11Sep!$A$1:$V$1,0))} -> King | G159: {=INDEX(manifest_11Sep!$A$1:$V$3202,MATCH($B159,manifest_11Sep!$B$1:$B$3202,0),MATCH(A.Arr9sepList!G$1,manifest_11Sep!$A$1:$V$1,0))} -> 51 | H159: {=INDEX(manifest_11Sep!$A$1:$V$3202,MATCH($B159,manifest_11Sep!$B$1:$B$3202,0),MATCH(A.Arr9sepList!H$1,manifest_11Sep!$A$1:$V$1,0))} -> John Woo 2 | I159: {=INDEX(manifest_11Sep!$A$1:$V$3202,MATCH($B159,manifest_11Sep!$B$1:$B$3202,0),MATCH(A.Arr9sepList!I$1,manifest_11Sep!$A$1:$V$1,0))} -> Asiana Airlines | J159: {=INDEX(manifest_11Sep!$A$1:$V$3202,MATCH($B159,manifest_11Sep!$B$1:$B$3202,0),MATCH(A.Arr9sepList!J$1,manifest_11Sep!$A$1:$V$1,0))} -> OZ 223 | ... N159: {=INDEX(manifest_11Sep!$A$1:$V$3202,MATCH($B159,manifest_11Sep!$B$1:$B$3202,0),MATCH(A.Arr9sepList!N$1,manifest_11Sep!$A$1:$V$1,0))} -> LOTTE | Q159: 15262435 | R159: TWIN | S159: {=INDEX(manifest_11Sep!$A$1:$V$3202,MATCH($B159,manifest_11Sep!$B$1:$B$3202,0),MATCH(A.Arr9sepList!S$1,manifest_11Sep!$A$1:$V$1,0))} -> 0
A160: {=INDEX(manifest_11Sep!$A$1:$V$3202,MATCH($B160,manifest_11Sep!$B$1:$B$3202,0),MATCH(A.Arr9sepList!A$1,manifest_11Sep!$A$1:$V$1,0))} -> A | B160: C5NXK2JTYZZ | C160: {=INDEX(manifest_11Sep!$A$1:$V$3202,MATCH($B160,manifest_11Sep!$B$1:$B$3202,0),MATCH(A.Arr9sepList!C$1,manifest_11Sep!$A$1:$V$1,0))} -> C5NXK2JTYZZ | D160: {=INDEX(manifest_11Sep!$A$1:$V$3202,MATCH($B160,manifest_11Sep!$B$1:$B$3202,0),MATCH(A.Arr9sepList!D$1,manifest_11Sep!$A$1:$V$1,0))} -> Male | E160: {=INDEX(manifest_11Sep!$A$1:$V$3202,MATCH($B160,manifest_11Sep!$B$1:$B$3202,0),MATCH(A.Arr9sepList!E$1,manifest_11Sep!$A$1:$V$1,0))} -> Lawrence Patrick | F160: {=INDEX(manifest_11Sep!$A$1:$V$3202,MATCH($B160,manifest_11Sep!$B$1:$B$3202,0),MATCH(A.Arr9sepList!F$1,manifest_11Sep!$A$1:$V$1,0))} -> Peralta | G160: {=INDEX(manifest_11Sep!$A$1:$V$3202,MATCH($B160,manifest_11Sep!$B$1:$B$3202,0),MATCH(A.Arr9sepList!G$1,manifest_11Sep!$A$1:$V$1,0))} -> 35 | H160: {=INDEX(manifest_11Sep!$A$1:$V$3202,MATCH($B160,manifest_11Sep!$B$1:$B$3202,0),MATCH(A.Arr9sepList!H$1,manifest_11Sep!$A$1:$V$1,0))} -> Bobot Peralta | I160: {=INDEX(manifest_11Sep!$A$1:$V$3202,MATCH($B160,manifest_11Sep!$B$1:$B$3202,0),MATCH(A.Arr9sepList!I$1,manifest_11Sep!$A$1:$V$1,0))} -> Jeju Air | J160: {=INDEX(manifest_11Sep!$A$1:$V$3202,MATCH($B160,manifest_11Sep!$B$1:$B$3202,0),MATCH(A.Arr9sepList!J$1,manifest_11Sep!$A$1:$V$1,0))} -> 7C 2108 | ... N160: {=INDEX(manifest_11Sep!$A$1:$V$3202,MATCH($B160,manifest_11Sep!$B$1:$B$3202,0),MATCH(A.Arr9sepList!N$1,manifest_11Sep!$A$1:$V$1,0))} -> THE PLAZA | Q160: 70124284 | R160: DOUBLE | S160: {=INDEX(manifest_11Sep!$A$1:$V$3202,MATCH($B160,manifest_11Sep!$B$1:$B$3202,0),MATCH(A.Arr9sepList!S$1,manifest_11Sep!$A$1:$V$1,0))} -> 0
A161: {=INDEX(manifest_11Sep!$A$1:$V$3202,MATCH($B161,manifest_11Sep!$B$1:$B$3202,0),MATCH(A.Arr9sepList!A$1,manifest_11Sep!$A$1:$V$1,0))} -> A | B161: 2ZNTL3B8BKZ | C161: {=INDEX(manifest_11Sep!$A$1:$V$3202,MATCH($B161,manifest_11Sep!$B$1:$B$3202,0),MATCH(A.Arr9sepList!C$1,manifest_11Sep!$A$1:$V$1,0))} -> C5NXK2JTYZZ | D161: {=INDEX(manifest_11Sep!$A$1:$V$3202,MATCH($B161,manifest_11Sep!$B$1:$B$3202,0),MATCH(A.Arr9sepList!D$1,manifest_11Sep!$A$1:$V$1,0))} -> Female | E161: {=INDEX(manifest_11Sep!$A$1:$V$3202,MATCH($B161,manifest_11Sep!$B$1:$B$3202,0),MATCH(A.Arr9sepList!E$1,manifest_11Sep!$A$1:$V$1,0))} -> Lorna Cortabista | F161: {=INDEX(manifest_11Sep!$A$1:$V$3202,MATCH($B161,manifest_11Sep!$B$1:$B$3202,0),MATCH(A.Arr9sepList!F$1,manifest_11Sep!$A$1:$V$1,0))} -> Garcia | G161: {=INDEX(manifest_11Sep!$A$1:$V$3202,MATCH($B161,manifest_11Sep!$B$1:$B$3202,0),MATCH(A.Arr9sepList!G$1,manifest_11Sep!$A$1:$V$1,0))} -> 45 | H161: {=INDEX(manifest_11Sep!$A$1:$V$3202,MATCH($B161,manifest_11Sep!$B$1:$B$3202,0),MATCH(A.Arr9sepList!H$1,manifest_11Sep!$A$1:$V$1,0))} -> Bobot Peralta | I161: {=INDEX(manifest_11Sep!$A$1:$V$3202,MATCH($B161,manifest_11Sep!$B$1:$B$3202,0),MATCH(A.Arr9sepList!I$1,manifest_11Sep!$A$1:$V$1,0))} -> Jeju Air | J161: {=INDEX(manifest_11Sep!$A$1:$V$3202,MATCH($B161,manifest_11Sep!$B$1:$B$3202,0),MATCH(A.Arr9sepList!J$1,manifest_11Sep!$A$1:$V$1,0))} -> 7C 2108 | ... N161: {=INDEX(manifest_11Sep!$A$1:$V$3202,MATCH($B161,manifest_11Sep!$B$1:$B$3202,0),MATCH(A.Arr9sepList!N$1,manifest_11Sep!$A$1:$V$1,0))} -> THE PLAZA | Q161: 70124284 | R161: DOUBLE | S161: {=INDEX(manifest_11Sep!$A$1:$V$3202,MATCH($B161,manifest_11Sep!$B$1:$B$3202,0),MATCH(A.Arr9sepList!S$1,manifest_11Sep!$A$1:$V$1,0))} -> 0
